row_id,image_id,width,height,bbox,class_id,confidence
test_pen1_tur_cam1_20250920_174649_0004,pen1_tur_cam1_20250920_174649.jpg,1280,720,"[342.5,2.0,356.0,157.0]",0,0.856
test_pen1_tur_cam1_20250921_050022_0000,pen1_tur_cam1_20250921_050022.jpg,1280,720,"[431.0,477.0,391.0,201.0]",0,0.8257
test_pen1_tur_cam1_20250921_054433_0004,pen1_tur_cam1_20250921_054433.jpg,1280,720,"[349.5,0.0,335.0,220.0]",1,0.843
test_pen1_tur_cam1_20250921_054934_0000,pen1_tur_cam1_20250921_054934.jpg,1280,720,"[317.5,56.5,356.0,338.0]",1,0.829
test_pen1_tur_cam1_20250921_054934_0003,pen1_tur_cam1_20250921_054934.jpg,1280,720,"[346.5,0.0,329.0,174.0]",1,0.838
test_pen1_tur_cam1_20250921_055537_0002,pen1_tur_cam1_20250921_055537.jpg,1280,720,"[336.5,4.0,334.0,177.0]",1,0.8228
test_pen1_tur_cam1_20250921_062945_0006,pen1_tur_cam1_20250921_062945.jpg,1280,720,"[1046.5,483.0,100.0,127.0]",0,0.8076
test_pen1_tur_cam1_20250921_063047_0006,pen1_tur_cam1_20250921_063047.jpg,1280,720,"[1047.4,483.5,98.0,124.0]",0,0.8115
test_pen1_tur_cam1_20250921_063047_0007,pen1_tur_cam1_20250921_063047.jpg,1280,720,"[993.0,217.0,154.0,141.0]",3,0.7793
test_pen1_tur_cam1_20250921_070957_0006,pen1_tur_cam1_20250921_070957.jpg,1280,720,"[1098.0,227.0,95.0,198.0]",3,0.777
test_pen1_tur_cam1_20250921_071058_0006,pen1_tur_cam1_20250921_071058.jpg,1280,720,"[1060.5,248.0,124.0,161.0]",3,0.7817
test_pen1_tur_cam1_20250921_071058_0007,pen1_tur_cam1_20250921_071058.jpg,1280,720,"[1097.5,391.5,97.0,194.0]",3,0.7744
test_pen1_tur_cam1_20250921_071959_0001,pen1_tur_cam1_20250921_071959.jpg,1280,720,"[264.0,213.0,214.0,442.0]",2,0.9087
test_pen1_tur_cam1_20250921_073303_0006,pen1_tur_cam1_20250921_073303.jpg,1280,720,"[340.5,454.5,417.0,225.0]",1,0.8286
test_pen1_tur_cam1_20250921_075035_0004,pen1_tur_cam1_20250921_075035.jpg,1280,720,"[1016.5,455.5,128.0,146.0]",1,0.831
test_pen1_tur_cam1_20250921_075035_0007,pen1_tur_cam1_20250921_075035.jpg,1280,720,"[983.5,185.0,114.0,104.0]",4,0.7896
test_pen1_tur_cam1_20250921_075546_0001,pen1_tur_cam1_20250921_075546.jpg,1280,720,"[272.5,33.0,292.0,370.0]",2,0.8228
test_pen1_tur_cam1_20250921_082253_0001,pen1_tur_cam1_20250921_082253.jpg,1280,720,"[757.0,473.0,259.0,185.0]",0,0.827
test_pen1_tur_cam1_20250921_082253_0002,pen1_tur_cam1_20250921_082253.jpg,1280,720,"[397.5,447.0,389.0,229.0]",1,0.8228
test_pen1_tur_cam1_20250921_082253_0007,pen1_tur_cam1_20250921_082253.jpg,1280,720,"[1019.0,484.5,136.0,122.0]",0,0.8057
test_pen1_tur_cam1_20250921_082453_0000,pen1_tur_cam1_20250921_082453.jpg,1280,720,"[753.0,478.5,266.0,182.0]",0,0.8203
test_pen1_tur_cam1_20250921_083715_0002,pen1_tur_cam1_20250921_083715.jpg,1280,720,"[432.5,264.5,261.0,238.0]",2,0.888
test_pen1_tur_cam1_20250921_083715_0008,pen1_tur_cam1_20250921_083715.jpg,1280,720,"[1034.5,514.5,127.0,92.0]",4,0.7393
test_pen1_tur_cam1_20250921_083826_0002,pen1_tur_cam1_20250921_083826.jpg,1280,720,"[456.5,287.5,255.0,308.0]",2,0.665
test_pen1_tur_cam1_20250921_084026_0008,pen1_tur_cam1_20250921_084026.jpg,1280,720,"[994.0,174.0,114.0,119.0]",4,0.745
test_pen1_tur_cam1_20250921_091134_0000,pen1_tur_cam1_20250921_091134.jpg,1280,720,"[255.2,224.0,306.0,324.0]",2,0.7944
test_pen1_tur_cam1_20250921_092354_0000,pen1_tur_cam1_20250921_092354.jpg,1280,720,"[246.5,178.0,209.0,387.0]",2,0.828
test_pen1_tur_cam1_20250921_092505_0002,pen1_tur_cam1_20250921_092505.jpg,1280,720,"[254.0,424.5,379.0,261.0]",2,0.7656
test_pen1_tur_cam1_20250921_092505_0003,pen1_tur_cam1_20250921_092505.jpg,1280,720,"[256.5,289.0,505.0,164.0]",3,0.773
test_pen1_tur_cam1_20250921_092505_0008,pen1_tur_cam1_20250921_092505.jpg,1280,720,"[1094.0,352.5,65.0,206.0]",4,0.7637
test_pen1_tur_cam1_20250921_093928_0008,pen1_tur_cam1_20250921_093928.jpg,1280,720,"[990.0,170.0,129.0,118.0]",4,0.7456
test_pen1_tur_cam1_20250922_115017_0004,pen1_tur_cam1_20250922_115017.jpg,1280,720,"[504.0,29.0,326.0,166.0]",0,0.852
test_pen1_tur_cam1_20250922_120220_0002,pen1_tur_cam1_20250922_120220.jpg,1280,720,"[930.5,492.0,178.0,141.0]",0,0.813
test_pen1_tur_cam1_20250922_120220_0008,pen1_tur_cam1_20250922_120220.jpg,1280,720,"[1093.5,356.5,69.0,222.0]",4,0.787
test_pen1_tur_cam1_20250922_121222_0003,pen1_tur_cam1_20250922_121222.jpg,1280,720,"[511.5,32.5,320.0,182.0]",0,0.8247
test_pen1_tur_cam1_20250922_122226_0007,pen1_tur_cam1_20250922_122226.jpg,1280,720,"[1078.0,368.0,82.0,220.0]",0,0.8193
test_pen1_tur_cam1_20250922_124732_0000,pen1_tur_cam1_20250922_124732.jpg,1280,720,"[739.5,395.5,290.0,244.0]",2,0.616
test_pen1_tur_cam1_20250922_124932_0000,pen1_tur_cam1_20250922_124932.jpg,1280,720,"[244.8,403.7,395.0,261.0]",2,0.8467
test_pen1_tur_cam1_20250922_125034_0000,pen1_tur_cam1_20250922_125034.jpg,1280,720,"[735.5,380.0,208.0,298.0]",2,0.804
test_pen1_tur_cam1_20250922_125034_0006,pen1_tur_cam1_20250922_125034.jpg,1280,720,"[973.0,206.0,165.0,148.0]",3,0.784
test_pen1_tur_cam1_20250922_125535_0003,pen1_tur_cam1_20250922_125535.jpg,1280,720,"[227.5,200.0,208.0,392.0]",2,0.7505
test_pen1_tur_cam1_20250922_125935_0001,pen1_tur_cam1_20250922_125935.jpg,1280,720,"[894.5,159.0,191.0,256.0]",3,0.7764
test_pen1_tur_cam1_20250922_130237_0005,pen1_tur_cam1_20250922_130237.jpg,1280,720,"[1092.5,221.5,94.0,189.0]",3,0.774
test_pen1_tur_cam1_20250922_130538_0008,pen1_tur_cam1_20250922_130538.jpg,1280,720,"[289.0,0.5,183.0,324.0]",2,0.718
test_pen1_tur_cam1_20250922_131240_0000,pen1_tur_cam1_20250922_131240.jpg,1280,720,"[488.5,388.5,361.0,268.0]",0,0.8135
test_pen1_tur_cam1_20250922_132744_0004,pen1_tur_cam1_20250922_132744.jpg,1280,720,"[842.0,432.0,187.0,175.0]",2,0.8447
test_pen1_tur_cam1_20250922_132944_0001,pen1_tur_cam1_20250922_132944.jpg,1280,720,"[233.5,259.6,206.0,405.0]",2,0.6846
test_pen1_tur_cam1_20250922_133046_0003,pen1_tur_cam1_20250922_133046.jpg,1280,720,"[273.0,239.5,224.0,378.0]",2,0.6533
test_pen1_tur_cam1_20250922_133446_0006,pen1_tur_cam1_20250922_133446.jpg,1280,720,"[1097.0,374.0,67.0,212.0]",4,0.7466
test_pen1_tur_cam1_20250922_133547_0005,pen1_tur_cam1_20250922_133547.jpg,1280,720,"[1095.0,368.5,67.0,217.0]",4,0.734
test_pen1_tur_cam1_20250922_133547_0008,pen1_tur_cam1_20250922_133547.jpg,1280,720,"[981.5,172.5,125.0,117.0]",4,0.741
test_pen1_tur_cam1_20250922_141557_0008,pen1_tur_cam1_20250922_141557.jpg,1280,720,"[1053.5,494.0,104.0,114.0]",0,0.817
test_pen1_tur_cam1_20250922_141757_0006,pen1_tur_cam1_20250922_141757.jpg,1280,720,"[549.0,543.0,359.0,130.0]",4,0.739
test_pen1_tur_cam1_20250922_142458_0000,pen1_tur_cam1_20250922_142458.jpg,1280,720,"[443.5,155.0,376.0,239.0]",1,0.829
test_pen1_tur_cam1_20250922_142458_0007,pen1_tur_cam1_20250922_142458.jpg,1280,720,"[1025.8,478.5,129.0,132.0]",0,0.857
test_pen1_tur_cam1_20250922_143101_0003,pen1_tur_cam1_20250922_143101.jpg,1280,720,"[572.5,165.5,294.0,199.0]",2,0.883
test_pen1_tur_cam1_20250922_143101_0008,pen1_tur_cam1_20250922_143101.jpg,1280,720,"[1064.5,481.5,92.0,121.0]",0,0.8066
test_pen1_tur_cam1_20250922_145107_0002,pen1_tur_cam1_20250922_145107.jpg,1280,720,"[549.0,38.0,307.0,217.0]",0,0.82
test_pen1_tur_cam1_20250922_145107_0007,pen1_tur_cam1_20250922_145107.jpg,1280,720,"[1053.0,256.5,106.0,133.0]",3,0.777
test_pen1_tur_cam1_20250922_145307_0002,pen1_tur_cam1_20250922_145307.jpg,1280,720,"[460.5,466.0,393.0,207.0]",1,0.8613
test_pen1_tur_cam1_20250922_145507_0005,pen1_tur_cam1_20250922_145507.jpg,1280,720,"[452.5,453.5,397.0,219.0]",1,0.826
test_pen1_tur_cam1_20250922_172346_0001,pen1_tur_cam1_20250922_172346.jpg,1280,720,"[487.5,439.5,358.0,237.0]",2,0.6416
test_pen1_tur_cam1_20250923_060725_0003,pen1_tur_cam1_20250923_060725.jpg,1280,720,"[534.0,24.5,322.0,223.0]",1,0.834
test_pen1_tur_cam1_20250923_061226_0000,pen1_tur_cam1_20250923_061226.jpg,1280,720,"[522.5,20.0,326.0,232.0]",1,0.833
test_pen1_tur_cam1_20250923_061928_0000,pen1_tur_cam1_20250923_061928.jpg,1280,720,"[525.0,19.0,323.0,239.0]",1,0.8354
test_pen1_tur_cam1_20250923_063432_0000,pen1_tur_cam1_20250923_063432.jpg,1280,720,"[291.0,226.5,346.0,295.0]",2,0.656
test_pen1_tur_cam1_20250923_063534_0002,pen1_tur_cam1_20250923_063534.jpg,1280,720,"[279.0,165.5,286.0,340.0]",2,0.7686
test_pen1_tur_cam1_20250923_071242_0001,pen1_tur_cam1_20250923_071242.jpg,1280,720,"[282.5,492.5,449.0,185.0]",0,0.8315
test_pen1_tur_cam1_20250923_072046_0000,pen1_tur_cam1_20250923_072046.jpg,1280,720,"[244.5,333.0,333.0,350.0]",2,0.657
test_pen1_tur_cam1_20250923_072746_0000,pen1_tur_cam1_20250923_072746.jpg,1280,720,"[276.5,480.6,394.0,234.0]",2,0.688
test_pen1_tur_cam1_20250923_073248_0006,pen1_tur_cam1_20250923_073248.jpg,1280,720,"[1076.5,247.5,85.0,209.0]",4,0.7573
test_pen1_tur_cam1_20250923_073749_0007,pen1_tur_cam1_20250923_073749.jpg,1280,720,"[1003.0,211.5,131.0,136.0]",3,0.779
test_pen1_tur_cam1_20250923_074951_0005,pen1_tur_cam1_20250923_074951.jpg,1280,720,"[339.0,257.5,243.0,419.0]",2,0.8003
test_pen1_tur_cam1_20250923_075253_0004,pen1_tur_cam1_20250923_075253.jpg,1280,720,"[284.8,90.2,290.0,378.0]",2,0.844
test_pen1_tur_cam1_20250923_075453_0006,pen1_tur_cam1_20250923_075453.jpg,1280,720,"[1046.0,478.5,115.0,123.0]",0,0.8315
test_pen1_tur_cam1_20250923_075453_0007,pen1_tur_cam1_20250923_075453.jpg,1280,720,"[1080.5,235.0,99.0,202.0]",3,0.7817
test_pen1_tur_cam1_20250923_081559_0002,pen1_tur_cam1_20250923_081559.jpg,1280,720,"[865.0,391.0,212.0,164.0]",0,0.8237
test_pen1_tur_cam1_20250923_081559_0008,pen1_tur_cam1_20250923_081559.jpg,1280,720,"[987.5,176.0,105.0,109.0]",4,0.7554
test_pen1_tur_cam1_20250923_082501_0001,pen1_tur_cam1_20250923_082501.jpg,1280,720,"[646.5,456.0,321.0,206.0]",0,0.8276
test_pen1_tur_cam1_20250923_082501_0005,pen1_tur_cam1_20250923_082501.jpg,1280,720,"[884.5,377.5,196.0,177.0]",0,0.807
test_pen1_tur_cam1_20250923_082602_0000,pen1_tur_cam1_20250923_082602.jpg,1280,720,"[645.0,456.0,323.0,205.0]",0,0.804
test_pen1_tur_cam1_20250923_083002_0007,pen1_tur_cam1_20250923_083002.jpg,1280,720,"[1051.0,216.0,107.0,160.0]",3,0.7715
test_pen1_tur_cam1_20250923_090814_0002,pen1_tur_cam1_20250923_090814.jpg,1280,720,"[584.0,159.0,190.0,287.0]",2,0.876
test_pen1_tur_cam1_20250923_090814_0003,pen1_tur_cam1_20250923_090814.jpg,1280,720,"[476.5,467.5,387.0,206.0]",1,0.827
test_pen1_tur_cam1_20250923_094022_0006,pen1_tur_cam1_20250923_094022.jpg,1280,720,"[1052.0,247.5,112.0,158.0]",3,0.788
test_pen1_tur_cam1_20250923_094123_0007,pen1_tur_cam1_20250923_094123.jpg,1280,720,"[1077.0,348.5,81.0,191.0]",0,0.812
test_pen1_tur_cam1_20250923_095326_0008,pen1_tur_cam1_20250923_095326.jpg,1280,720,"[1047.5,221.0,144.0,148.0]",3,0.7812
test_pen1_tur_cam1_20250923_095526_0001,pen1_tur_cam1_20250923_095526.jpg,1280,720,"[599.5,350.0,300.0,156.0]",3,0.773
test_pen1_tur_cam1_20250923_095526_0008,pen1_tur_cam1_20250923_095526.jpg,1280,720,"[1091.5,379.5,68.0,209.0]",4,0.7524
test_pen1_tur_cam1_20250923_095628_0003,pen1_tur_cam1_20250923_095628.jpg,1280,720,"[254.5,277.5,256.0,395.0]",2,0.666
test_pen1_tur_cam1_20250923_095628_0008,pen1_tur_cam1_20250923_095628.jpg,1280,720,"[1096.0,415.5,64.0,163.0]",4,0.7754
test_pen1_tur_cam1_20250923_095828_0002,pen1_tur_cam1_20250923_095828.jpg,1280,720,"[611.5,376.0,301.0,294.0]",1,0.8384
test_pen1_tur_cam1_20250923_095828_0004,pen1_tur_cam1_20250923_095828.jpg,1280,720,"[857.0,425.0,178.0,204.0]",2,0.609
test_pen1_tur_cam1_20250923_095828_0006,pen1_tur_cam1_20250923_095828.jpg,1280,720,"[1092.0,362.0,66.0,216.0]",4,0.7715
test_pen1_tur_cam1_20250923_100536_0008,pen1_tur_cam1_20250923_100536.jpg,1280,720,"[1092.0,364.0,66.0,214.0]",4,0.766
test_pen1_tur_cam1_20250923_100630_0004,pen1_tur_cam1_20250923_100630.jpg,1280,720,"[638.2,493.2,327.0,178.0]",1,0.8276
test_pen1_tur_cam1_20250923_100630_0005,pen1_tur_cam1_20250923_100630.jpg,1280,720,"[1092.0,362.0,67.0,214.0]",4,0.76
test_pen1_tur_cam1_20250923_100835_0002,pen1_tur_cam1_20250923_100835.jpg,1280,720,"[628.5,490.0,336.0,179.0]",1,0.823
test_pen1_tur_cam1_20250923_100835_0007,pen1_tur_cam1_20250923_100835.jpg,1280,720,"[1092.0,365.5,66.0,212.0]",4,0.7646
test_pen1_tur_cam1_20250923_101035_0008,pen1_tur_cam1_20250923_101035.jpg,1280,720,"[1092.0,369.0,66.0,208.0]",4,0.777
test_pen1_tur_cam1_20250923_102534_0001,pen1_tur_cam1_20250923_102534.jpg,1280,720,"[269.0,250.5,199.0,419.0]",2,0.901
test_pen1_tur_cam1_20250923_102534_0002,pen1_tur_cam1_20250923_102534.jpg,1280,720,"[508.0,43.0,318.0,194.0]",0,0.8364
test_pen1_tur_cam1_20250923_102635_0001,pen1_tur_cam1_20250923_102635.jpg,1280,720,"[518.0,41.5,308.0,202.0]",0,0.835
test_pen1_tur_cam1_20250923_103035_0006,pen1_tur_cam1_20250923_103035.jpg,1280,720,"[967.5,189.0,140.0,95.0]",4,0.747
test_pen1_tur_cam1_20250923_103336_0007,pen1_tur_cam1_20250923_103336.jpg,1280,720,"[968.2,186.0,135.0,99.0]",4,0.7573
test_pen1_tur_cam1_20250923_103536_0005,pen1_tur_cam1_20250923_103536.jpg,1280,720,"[1046.0,224.0,122.0,131.0]",3,0.7856
test_pen1_tur_cam1_20250923_103838_0000,pen1_tur_cam1_20250923_103838.jpg,1280,720,"[503.5,222.5,336.0,329.0]",2,0.7974
test_pen1_tur_cam1_20250923_103838_0006,pen1_tur_cam1_20250923_103838.jpg,1280,720,"[983.5,207.0,142.0,196.0]",3,0.7715
test_pen1_tur_cam1_20250923_104340_0004,pen1_tur_cam1_20250923_104340.jpg,1280,720,"[1094.5,400.5,86.0,189.0]",2,0.835
test_pen1_tur_cam1_20250923_122407_0004,pen1_tur_cam1_20250923_122407.jpg,1280,720,"[547.5,159.0,312.0,239.0]",0,0.8306
test_pen1_tur_cam1_20250923_122907_0003,pen1_tur_cam1_20250923_122907.jpg,1280,720,"[560.5,158.0,299.0,231.0]",0,0.842
test_pen1_tur_cam1_20250923_122907_0004,pen1_tur_cam1_20250923_122907.jpg,1280,720,"[962.0,462.5,166.0,163.0]",0,0.805
test_pen1_tur_cam1_20250923_123410_0006,pen1_tur_cam1_20250923_123410.jpg,1280,720,"[1041.5,221.5,121.0,155.0]",3,0.784
test_pen1_tur_cam1_20250923_123910_0007,pen1_tur_cam1_20250923_123910.jpg,1280,720,"[945.5,254.0,124.0,289.0]",2,0.684
test_pen1_tur_cam1_20250923_124913_0004,pen1_tur_cam1_20250923_124913.jpg,1280,720,"[1023.5,313.5,131.0,197.0]",1,0.8594
test_pen1_tur_cam1_20250923_124913_0005,pen1_tur_cam1_20250923_124913.jpg,1280,720,"[710.5,503.5,292.0,159.0]",1,0.857
test_pen1_tur_cam1_20250923_125113_0003,pen1_tur_cam1_20250923_125113.jpg,1280,720,"[720.0,486.5,278.0,176.0]",1,0.8594
test_pen1_tur_cam1_20250923_130919_0003,pen1_tur_cam1_20250923_130919.jpg,1280,720,"[882.0,529.0,212.0,111.0]",4,0.757
test_pen1_tur_cam1_20250923_131119_0005,pen1_tur_cam1_20250923_131119.jpg,1280,720,"[903.5,530.0,183.0,115.0]",4,0.7476
test_pen1_tur_cam1_20250923_131419_0003,pen1_tur_cam1_20250923_131419.jpg,1280,720,"[1024.5,487.5,131.0,124.0]",0,0.8237
test_pen1_tur_cam1_20250923_131419_0006,pen1_tur_cam1_20250923_131419.jpg,1280,720,"[1011.5,172.0,144.0,100.0]",3,0.773
test_pen1_tur_cam1_20250923_131619_0006,pen1_tur_cam1_20250923_131619.jpg,1280,720,"[1029.5,493.5,127.0,109.0]",0,0.8203
test_pen1_tur_cam1_20250923_132422_0001,pen1_tur_cam1_20250923_132422.jpg,1280,720,"[612.0,477.5,321.0,208.0]",1,0.825
test_pen1_tur_cam1_20250923_132422_0003,pen1_tur_cam1_20250923_132422.jpg,1280,720,"[1024.0,479.0,130.0,132.0]",0,0.823
test_pen1_tur_cam1_20250923_134127_0001,pen1_tur_cam1_20250923_134127.jpg,1280,720,"[534.0,48.0,316.0,204.0]",1,0.836
test_pen1_tur_cam1_20250923_134127_0005,pen1_tur_cam1_20250923_134127.jpg,1280,720,"[1053.5,478.0,100.0,132.0]",0,0.812
test_pen1_tur_cam1_20250923_134428_0001,pen1_tur_cam1_20250923_134428.jpg,1280,720,"[532.0,44.5,317.0,196.0]",1,0.8247
test_pen1_tur_cam1_20250923_140132_0002,pen1_tur_cam1_20250923_140132.jpg,1280,720,"[524.5,10.5,313.0,211.0]",1,0.8237
test_pen1_tur_cam1_20250923_140132_0004,pen1_tur_cam1_20250923_140132.jpg,1280,720,"[279.0,94.0,372.0,233.0]",2,0.614
test_pen1_tur_cam1_20250923_140234_0007,pen1_tur_cam1_20250923_140234.jpg,1280,720,"[998.5,191.5,140.0,147.0]",3,0.771
test_pen1_tur_cam1_20250923_140434_0002,pen1_tur_cam1_20250923_140434.jpg,1280,720,"[538.0,93.5,318.0,239.0]",0,0.8135
test_pen1_tur_cam1_20250923_142439_0008,pen1_tur_cam1_20250923_142439.jpg,1280,720,"[1051.5,485.5,105.0,120.0]",0,0.827
test_pen1_tur_cam1_20250923_172727_0003,pen1_tur_cam1_20250923_172727.jpg,1280,720,"[343.5,1.0,328.0,142.0]",0,0.8066
test_pen1_tur_cam1_20250924_060002_0000,pen1_tur_cam1_20250924_060002.jpg,1280,720,"[453.5,43.5,360.0,256.0]",1,0.839
test_pen1_tur_cam1_20250924_060402_0000,pen1_tur_cam1_20250924_060402.jpg,1280,720,"[455.0,40.8,352.0,185.0]",1,0.8247
test_pen1_tur_cam1_20250924_061707_0006,pen1_tur_cam1_20250924_061707.jpg,1280,720,"[971.5,169.0,130.0,115.0]",4,0.7344
test_pen1_tur_cam1_20250924_061907_0007,pen1_tur_cam1_20250924_061907.jpg,1280,720,"[992.0,169.0,108.0,111.0]",4,0.7363
test_pen1_tur_cam1_20250924_062208_0001,pen1_tur_cam1_20250924_062208.jpg,1280,720,"[684.5,320.5,328.0,214.0]",2,0.659
test_pen1_tur_cam1_20250924_062408_0008,pen1_tur_cam1_20250924_062408.jpg,1280,720,"[977.0,182.5,124.0,108.0]",4,0.76
test_pen1_tur_cam1_20250924_071922_0008,pen1_tur_cam1_20250924_071922.jpg,1280,720,"[1068.5,221.5,89.0,132.0]",3,0.781
test_pen1_tur_cam1_20250924_072024_0008,pen1_tur_cam1_20250924_072024.jpg,1280,720,"[1075.0,215.0,95.0,178.0]",3,0.7744
test_pen1_tur_cam1_20250924_072724_0005,pen1_tur_cam1_20250924_072724.jpg,1280,720,"[876.5,523.5,215.0,121.0]",4,0.7397
test_pen1_tur_cam1_20250924_072724_0008,pen1_tur_cam1_20250924_072724.jpg,1280,720,"[996.5,171.5,110.0,103.0]",4,0.7417
test_pen1_tur_cam1_20250924_072924_0003,pen1_tur_cam1_20250924_072924.jpg,1280,720,"[655.0,462.0,259.0,196.0]",2,0.766
test_pen1_tur_cam1_20250924_073227_0001,pen1_tur_cam1_20250924_073227.jpg,1280,720,"[472.0,483.0,346.0,229.0]",2,0.717
test_pen1_tur_cam1_20250924_074229_0007,pen1_tur_cam1_20250924_074229.jpg,1280,720,"[995.5,173.5,104.0,112.0]",4,0.758
test_pen1_tur_cam1_20250924_074229_0008,pen1_tur_cam1_20250924_074229.jpg,1280,720,"[1086.0,238.0,73.0,221.0]",4,0.7705
test_pen1_tur_cam1_20250924_074429_0006,pen1_tur_cam1_20250924_074429.jpg,1280,720,"[1087.0,239.0,71.0,198.0]",4,0.7666
test_pen1_tur_cam1_20250924_081236_0002,pen1_tur_cam1_20250924_081236.jpg,1280,720,"[765.5,485.5,250.0,174.0]",0,0.8096
test_pen1_tur_cam1_20250924_083943_0004,pen1_tur_cam1_20250924_083943.jpg,1280,720,"[987.0,250.0,170.0,167.0]",3,0.7925
test_pen1_tur_cam1_20250924_084244_0007,pen1_tur_cam1_20250924_084244.jpg,1280,720,"[965.0,213.0,174.0,148.0]",3,0.7837
test_pen1_tur_cam1_20250924_090751_0002,pen1_tur_cam1_20250924_090751.jpg,1280,720,"[430.5,0.5,325.0,235.0]",1,0.8257
test_pen1_tur_cam1_20250924_090751_0006,pen1_tur_cam1_20250924_090751.jpg,1280,720,"[664.0,294.0,207.0,315.0]",2,0.929
test_pen1_tur_cam1_20250924_095606_0001,pen1_tur_cam1_20250924_095606.jpg,1280,720,"[247.5,221.0,370.0,244.0]",2,0.9043
test_pen1_tur_cam1_20250924_095806_0006,pen1_tur_cam1_20250924_095806.jpg,1280,720,"[1080.5,246.5,79.0,198.0]",4,0.759
test_pen1_tur_cam1_20250924_100006_0007,pen1_tur_cam1_20250924_100006.jpg,1280,720,"[1082.0,243.5,76.0,201.0]",4,0.788
test_pen1_tur_cam1_20250924_103315_0003,pen1_tur_cam1_20250924_103315.jpg,1280,720,"[984.0,201.5,161.0,211.0]",3,0.7764
test_pen1_tur_cam1_20250924_103515_0007,pen1_tur_cam1_20250924_103515.jpg,1280,720,"[1028.0,259.5,142.0,101.0]",3,0.7754
test_pen1_tur_cam1_20250924_104016_0008,pen1_tur_cam1_20250924_104016.jpg,1280,720,"[1059.0,217.5,100.0,183.0]",3,0.7744
test_pen1_tur_cam1_20250924_111829_0008,pen1_tur_cam1_20250924_111829.jpg,1280,720,"[1092.6,344.7,79.3,132.3]",4,0.7417
test_pen1_tur_cam1_20250924_112129_0006,pen1_tur_cam1_20250924_112129.jpg,1280,720,"[384.0,458.0,357.0,222.0]",2,0.8115
test_pen1_tur_cam1_20250924_112831_0001,pen1_tur_cam1_20250924_112831.jpg,1280,720,"[668.5,336.5,166.0,330.0]",2,0.9033
test_pen1_tur_cam1_20250924_113031_0001,pen1_tur_cam1_20250924_113031.jpg,1280,720,"[563.2,166.5,293.0,162.0]",2,0.765
test_pen1_tur_cam1_20250924_113837_0007,pen1_tur_cam1_20250924_113837.jpg,1280,720,"[425.5,23.5,301.0,241.0]",2,0.8306
test_pen1_tur_cam1_20250924_121856_0005,pen1_tur_cam1_20250924_121856.jpg,1280,720,"[1071.0,327.5,119.0,162.0]",2,0.743
test_pen1_tur_cam1_20250924_121856_0008,pen1_tur_cam1_20250924_121856.jpg,1280,720,"[1060.2,451.5,100.0,127.0]",2,0.6646
test_pen1_tur_cam1_20250924_123400_0007,pen1_tur_cam1_20250924_123400.jpg,1280,720,"[1097.0,392.5,64.0,193.0]",4,0.759
test_pen1_tur_cam1_20250924_123702_0006,pen1_tur_cam1_20250924_123702.jpg,1280,720,"[1094.8,367.5,63.0,210.0]",4,0.756
test_pen1_tur_cam1_20250924_123702_0008,pen1_tur_cam1_20250924_123702.jpg,1280,720,"[974.0,173.5,131.0,116.0]",4,0.8003
test_pen1_tur_cam1_20250924_123901_0000,pen1_tur_cam1_20250924_123901.jpg,1280,720,"[498.0,410.7,319.0,249.0]",2,0.6665
test_pen1_tur_cam1_20250924_123901_0007,pen1_tur_cam1_20250924_123901.jpg,1280,720,"[1094.5,368.0,64.0,217.0]",4,0.752
test_pen1_tur_cam1_20250924_123901_0008,pen1_tur_cam1_20250924_123901.jpg,1280,720,"[975.5,172.0,129.0,118.0]",4,0.7583
test_pen1_tur_cam1_20250924_130208_0003,pen1_tur_cam1_20250924_130208.jpg,1280,720,"[962.5,213.0,166.0,222.0]",3,0.7754
test_pen1_tur_cam1_20250924_130208_0004,pen1_tur_cam1_20250924_130208.jpg,1280,720,"[628.0,283.6,356.0,214.0]",2,0.625
test_pen1_tur_cam1_20250924_130208_0005,pen1_tur_cam1_20250924_130208.jpg,1280,720,"[390.0,459.0,372.0,203.0]",2,0.7207
test_pen1_tur_cam1_20250924_130408_0007,pen1_tur_cam1_20250924_130408.jpg,1280,720,"[1069.2,403.5,90.0,169.0]",4,0.762
test_pen1_tur_cam1_20250924_130608_0002,pen1_tur_cam1_20250924_130608.jpg,1280,720,"[585.5,539.0,336.0,135.0]",4,0.7344
test_pen1_tur_cam1_20250924_130608_0006,pen1_tur_cam1_20250924_130608.jpg,1280,720,"[1082.0,387.5,74.0,198.0]",4,0.7744
test_pen1_tur_cam1_20250924_135422_0006,pen1_tur_cam1_20250924_135422.jpg,1280,720,"[971.5,201.0,166.0,144.0]",3,0.7734
test_pen1_tur_cam1_20250924_135622_0001,pen1_tur_cam1_20250924_135622.jpg,1280,720,"[354.0,203.5,396.0,246.0]",2,0.777
test_pen1_tur_cam1_20250924_135622_0002,pen1_tur_cam1_20250924_135622.jpg,1280,720,"[565.0,37.5,280.0,211.0]",0,0.813
test_pen1_tur_cam1_20250924_135723_0002,pen1_tur_cam1_20250924_135723.jpg,1280,720,"[563.5,37.0,278.0,212.0]",0,0.8057
test_pen1_tur_cam1_20250924_135723_0005,pen1_tur_cam1_20250924_135723.jpg,1280,720,"[528.0,472.0,366.0,194.0]",1,0.837
test_pen1_tur_cam1_20250924_135923_0000,pen1_tur_cam1_20250924_135923.jpg,1280,720,"[556.0,445.0,345.0,222.0]",1,0.825
test_pen1_tur_cam1_20250924_135923_0002,pen1_tur_cam1_20250924_135923.jpg,1280,720,"[565.2,37.0,276.0,211.0]",0,0.829
test_pen1_tur_cam1_20250924_135923_0004,pen1_tur_cam1_20250924_135923.jpg,1280,720,"[890.5,399.0,202.0,177.0]",0,0.839
test_pen1_tur_cam1_20250924_135923_0008,pen1_tur_cam1_20250924_135923.jpg,1280,720,"[989.5,172.0,117.0,122.0]",4,0.7734
test_pen1_tur_cam1_20250924_140726_0005,pen1_tur_cam1_20250924_140726.jpg,1280,720,"[999.5,456.5,131.0,143.0]",2,0.7705
test_pen1_tur_cam1_20250924_140726_0008,pen1_tur_cam1_20250924_140726.jpg,1280,720,"[312.5,311.0,359.0,174.0]",2,0.8
test_pen1_tur_cam1_20250924_143432_0001,pen1_tur_cam1_20250924_143432.jpg,1280,720,"[350.0,420.1,370.0,280.0]",2,0.6104
test_pen1_tur_cam1_20250924_143733_0000,pen1_tur_cam1_20250924_143733.jpg,1280,720,"[289.5,177.5,214.0,374.0]",2,0.6777
test_pen1_tur_cam1_20250925_071113_0001,pen1_tur_cam1_20250925_071113.jpg,1280,720,"[516.8,255.5,331.0,273.0]",2,0.601
test_pen1_tur_cam1_20250925_074321_0005,pen1_tur_cam1_20250925_074321.jpg,1280,720,"[346.0,0.5,172.0,346.0]",2,0.7114
test_pen1_tur_cam1_20250925_074822_0001,pen1_tur_cam1_20250925_074822.jpg,1280,720,"[393.0,161.5,226.0,369.0]",2,0.688
test_pen1_tur_cam1_20250925_075124_0002,pen1_tur_cam1_20250925_075124.jpg,1280,720,"[247.5,133.0,301.0,238.0]",2,0.6997
test_pen1_tur_cam1_20250925_075324_0001,pen1_tur_cam1_20250925_075324.jpg,1280,720,"[241.0,155.5,321.0,236.0]",2,0.771
test_pen1_tur_cam1_20250925_075324_0004,pen1_tur_cam1_20250925_075324.jpg,1280,720,"[984.7,160.0,115.3,130.8]",4,0.747
test_pen1_tur_cam1_20250925_075524_0008,pen1_tur_cam1_20250925_075524.jpg,1280,720,"[965.5,183.5,135.0,86.0]",4,0.734
test_pen1_tur_cam1_20250925_075625_0003,pen1_tur_cam1_20250925_075625.jpg,1280,720,"[246.0,141.5,319.0,235.0]",2,0.818
test_pen1_tur_cam1_20250925_075625_0006,pen1_tur_cam1_20250925_075625.jpg,1280,720,"[984.0,179.5,116.0,110.0]",4,0.7393
test_pen1_tur_cam1_20250925_080527_0004,pen1_tur_cam1_20250925_080527.jpg,1280,720,"[817.5,220.0,200.0,140.0]",3,0.771
test_pen1_tur_cam1_20250925_080527_0005,pen1_tur_cam1_20250925_080527.jpg,1280,720,"[831.5,486.5,229.0,164.0]",0,0.8237
test_pen1_tur_cam1_20250925_081029_0003,pen1_tur_cam1_20250925_081029.jpg,1280,720,"[448.5,157.5,177.0,347.0]",2,0.77
test_pen1_tur_cam1_20250925_081129_0002,pen1_tur_cam1_20250925_081129.jpg,1280,720,"[811.0,479.5,249.0,171.0]",0,0.8135
test_pen1_tur_cam1_20250925_081529_0003,pen1_tur_cam1_20250925_081529.jpg,1280,720,"[547.5,35.5,285.0,204.0]",0,0.808
test_pen1_tur_cam1_20250925_081529_0004,pen1_tur_cam1_20250925_081529.jpg,1280,720,"[819.0,484.5,241.0,166.0]",0,0.8145
test_pen1_tur_cam1_20250925_083033_0004,pen1_tur_cam1_20250925_083033.jpg,1280,720,"[421.5,81.0,259.0,265.0]",2,0.859
test_pen1_tur_cam1_20250925_083135_0004,pen1_tur_cam1_20250925_083135.jpg,1280,720,"[367.5,134.0,315.0,234.0]",2,0.9307
test_pen1_tur_cam1_20250925_084338_0008,pen1_tur_cam1_20250925_084338.jpg,1280,720,"[1040.0,200.0,124.0,185.0]",3,0.7744
test_pen1_tur_cam1_20250925_090543_0002,pen1_tur_cam1_20250925_090543.jpg,1280,720,"[293.5,12.0,355.0,318.0]",2,0.787
test_pen1_tur_cam1_20250925_090845_0004,pen1_tur_cam1_20250925_090845.jpg,1280,720,"[1021.5,473.5,132.0,138.0]",0,0.828
test_pen1_tur_cam1_20250925_090845_0008,pen1_tur_cam1_20250925_090845.jpg,1280,720,"[982.5,175.5,116.0,105.0]",4,0.751
test_pen1_tur_cam1_20250925_091346_0002,pen1_tur_cam1_20250925_091346.jpg,1280,720,"[525.5,23.5,328.0,218.0]",1,0.826
test_pen1_tur_cam1_20250925_091848_0004,pen1_tur_cam1_20250925_091848.jpg,1280,720,"[1022.0,478.5,133.0,131.0]",0,0.8354
test_pen1_tur_cam1_20250925_092048_0003,pen1_tur_cam1_20250925_092048.jpg,1280,720,"[1022.0,477.5,132.0,134.0]",0,0.838
test_pen1_tur_cam1_20250925_095400_0005,pen1_tur_cam1_20250925_095400.jpg,1280,720,"[1026.0,485.5,132.0,125.0]",0,0.8115
test_pen1_tur_cam1_20250925_095905_0005,pen1_tur_cam1_20250925_095905.jpg,1280,720,"[244.0,241.5,149.0,342.0]",2,0.7656
test_pen1_tur_cam1_20250925_100203_0008,pen1_tur_cam1_20250925_100203.jpg,1280,720,"[1058.5,220.5,103.0,171.0]",3,0.784
test_pen1_tur_cam1_20250925_100403_0006,pen1_tur_cam1_20250925_100403.jpg,1280,720,"[1078.0,221.0,99.0,187.0]",3,0.778
test_pen1_tur_cam1_20250925_120235_0002,pen1_tur_cam1_20250925_120235.jpg,1280,720,"[348.7,364.0,301.0,338.0]",2,0.6167
test_pen1_tur_cam1_20250925_122241_0000,pen1_tur_cam1_20250925_122241.jpg,1280,720,"[510.0,164.0,238.0,322.0]",2,0.883
test_pen1_tur_cam1_20250925_123945_0006,pen1_tur_cam1_20250925_123945.jpg,1280,720,"[1016.5,483.5,134.0,126.0]",0,0.82
test_pen1_tur_cam1_20250925_131955_0000,pen1_tur_cam1_20250925_131955.jpg,1280,720,"[551.5,374.5,278.0,251.0]",2,0.8
test_pen1_tur_cam1_20250925_131955_0003,pen1_tur_cam1_20250925_131955.jpg,1280,720,"[457.7,111.7,374.0,222.0]",2,0.6616
test_pen1_tur_cam1_20250925_131955_0004,pen1_tur_cam1_20250925_131955.jpg,1280,720,"[1006.7,484.5,142.0,128.0]",0,0.818
test_pen1_tur_cam1_20250925_132657_0008,pen1_tur_cam1_20250925_132657.jpg,1280,720,"[1036.5,209.5,95.0,109.0]",2,0.7026
test_pen1_tur_cam1_20250925_135204_0000,pen1_tur_cam1_20250925_135204.jpg,1280,720,"[261.0,200.0,417.0,188.0]",2,0.8394
test_pen1_tur_cam1_20250925_135305_0000,pen1_tur_cam1_20250925_135305.jpg,1280,720,"[247.0,392.0,367.0,318.0]",2,0.692
test_pen1_tur_cam1_20250925_140508_0001,pen1_tur_cam1_20250925_140508.jpg,1280,720,"[502.0,530.0,397.0,151.0]",4,0.753
test_pen1_tur_cam1_20250925_140508_0005,pen1_tur_cam1_20250925_140508.jpg,1280,720,"[1093.6,371.6,64.0,211.0]",4,0.752
test_pen1_tur_cam1_20250925_140508_0007,pen1_tur_cam1_20250925_140508.jpg,1280,720,"[1019.5,229.0,139.0,129.0]",3,0.779
test_pen1_tur_cam1_20250925_140708_0006,pen1_tur_cam1_20250925_140708.jpg,1280,720,"[1093.5,373.1,65.0,210.0]",4,0.744
test_pen1_tur_cam1_20250925_141209_0001,pen1_tur_cam1_20250925_141209.jpg,1280,720,"[464.5,483.5,420.0,195.0]",1,0.8364
test_pen1_tur_cam1_20250925_155537_0000,pen1_tur_cam1_20250925_155537.jpg,1280,720,"[246.0,103.5,275.0,415.0]",1,0.8403
test_pen1_tur_cam1_20250925_160540_0003,pen1_tur_cam1_20250925_160540.jpg,1280,720,"[230.0,134.5,201.0,361.0]",2,0.8413
test_pen1_tur_cam1_20250925_160841_0002,pen1_tur_cam1_20250925_160841.jpg,1280,720,"[466.0,491.5,407.0,188.0]",1,0.823
test_pen1_tur_cam1_20250926_071555_0005,pen1_tur_cam1_20250926_071555.jpg,1280,720,"[392.0,35.0,312.0,267.0]",2,0.8
test_pen1_tur_cam1_20250926_072256_0007,pen1_tur_cam1_20250926_072256.jpg,1280,720,"[994.5,168.5,145.0,179.0]",3,0.7754
test_pen1_tur_cam1_20250926_072558_0004,pen1_tur_cam1_20250926_072558.jpg,1280,720,"[1012.0,221.0,141.0,117.0]",3,0.774
test_pen1_tur_cam1_20250926_073459_0003,pen1_tur_cam1_20250926_073459.jpg,1280,720,"[240.5,137.5,173.0,403.0]",2,0.83
test_pen1_tur_cam1_20250926_073600_0002,pen1_tur_cam1_20250926_073600.jpg,1280,720,"[278.0,222.0,360.0,197.0]",2,0.843
test_pen1_tur_cam1_20250926_073800_0002,pen1_tur_cam1_20250926_073800.jpg,1280,720,"[421.5,240.5,227.0,337.0]",2,0.673
test_pen1_tur_cam1_20250926_073800_0003,pen1_tur_cam1_20250926_073800.jpg,1280,720,"[1099.0,367.5,95.0,212.0]",3,0.778
test_pen1_tur_cam1_20250926_074302_0004,pen1_tur_cam1_20250926_074302.jpg,1280,720,"[968.0,196.5,171.0,154.0]",3,0.779
test_pen1_tur_cam1_20250926_074302_0005,pen1_tur_cam1_20250926_074302.jpg,1280,720,"[1061.0,343.0,116.0,133.0]",3,0.779
test_pen1_tur_cam1_20250926_074302_0008,pen1_tur_cam1_20250926_074302.jpg,1280,720,"[763.0,548.0,233.0,110.0]",4,0.7393
test_pen1_tur_cam1_20250926_074803_0006,pen1_tur_cam1_20250926_074803.jpg,1280,720,"[979.5,188.5,137.0,107.0]",4,0.759
test_pen1_tur_cam1_20250926_074803_0007,pen1_tur_cam1_20250926_074803.jpg,1280,720,"[1054.0,303.5,138.0,115.0]",3,0.7847
test_pen1_tur_cam1_20250926_080107_0001,pen1_tur_cam1_20250926_080107.jpg,1280,720,"[275.0,189.0,207.0,392.0]",2,0.88
test_pen1_tur_cam1_20250926_080307_0001,pen1_tur_cam1_20250926_080307.jpg,1280,720,"[285.0,168.0,317.0,295.0]",2,0.8525
test_pen1_tur_cam1_20250926_081008_0007,pen1_tur_cam1_20250926_081008.jpg,1280,720,"[292.5,54.0,262.0,275.0]",2,0.7344
test_pen1_tur_cam1_20250926_081309_0008,pen1_tur_cam1_20250926_081309.jpg,1280,720,"[969.0,282.0,198.0,134.0]",3,0.779
test_pen1_tur_cam1_20250926_084619_0000,pen1_tur_cam1_20250926_084619.jpg,1280,720,"[244.0,235.0,255.0,417.0]",1,0.837
test_pen2_orb_cam2_20250922_104252_0002,pen2_orb_cam2_20250922_104252.jpg,1280,720,"[577.5,213.0,302.0,171.0]",3,0.7744
test_pen2_orb_cam2_20250922_104352_0003,pen2_orb_cam2_20250922_104352.jpg,1280,720,"[388.5,50.0,163.0,200.0]",3,0.7944
test_pen2_orb_cam2_20250922_104452_0002,pen2_orb_cam2_20250922_104452.jpg,1280,720,"[210.0,349.7,249.0,261.0]",2,0.7534
test_pen2_orb_cam2_20250922_104552_0001,pen2_orb_cam2_20250922_104552.jpg,1280,720,"[235.5,376.5,243.0,281.0]",2,0.6895
test_pen2_orb_cam2_20250922_104652_0003,pen2_orb_cam2_20250922_104652.jpg,1280,720,"[424.0,7.5,242.0,152.0]",3,0.773
test_pen2_orb_cam2_20250922_104652_0006,pen2_orb_cam2_20250922_104652.jpg,1280,720,"[599.0,163.0,285.0,218.0]",3,0.781
test_pen2_orb_cam2_20250922_104752_0004,pen2_orb_cam2_20250922_104752.jpg,1280,720,"[401.0,101.0,178.0,214.0]",3,0.79
test_pen2_orb_cam2_20250922_104752_0005,pen2_orb_cam2_20250922_104752.jpg,1280,720,"[588.0,166.5,268.0,189.0]",3,0.7725
test_pen2_orb_cam2_20250922_104852_0007,pen2_orb_cam2_20250922_104852.jpg,1280,720,"[587.0,171.0,281.0,187.0]",3,0.7847
test_pen2_orb_cam2_20250922_104952_0003,pen2_orb_cam2_20250922_104952.jpg,1280,720,"[370.0,100.5,270.0,167.0]",3,0.779
test_pen2_orb_cam2_20250922_105054_0005,pen2_orb_cam2_20250922_105054.jpg,1280,720,"[866.5,517.0,187.0,201.0]",4,0.732
test_pen2_orb_cam2_20250922_105154_0001,pen2_orb_cam2_20250922_105154.jpg,1280,720,"[610.5,17.5,252.0,144.0]",3,0.788
test_pen2_orb_cam2_20250922_105154_0004,pen2_orb_cam2_20250922_105154.jpg,1280,720,"[394.0,73.0,125.0,183.0]",4,0.7935
test_pen2_orb_cam2_20250922_105154_0006,pen2_orb_cam2_20250922_105154.jpg,1280,720,"[594.5,165.5,281.0,200.0]",3,0.771
test_pen2_orb_cam2_20250922_105254_0008,pen2_orb_cam2_20250922_105254.jpg,1280,720,"[600.5,178.5,257.0,179.0]",3,0.787
test_pen2_orb_cam2_20250922_105555_0005,pen2_orb_cam2_20250922_105555.jpg,1280,720,"[668.0,52.5,192.0,187.0]",3,0.7725
test_pen2_orb_cam2_20250922_105624_0004,pen2_orb_cam2_20250922_105624.jpg,1280,720,"[645.0,53.5,212.0,175.0]",3,0.7812
test_pen2_orb_cam2_20250922_105724_0004,pen2_orb_cam2_20250922_105724.jpg,1280,720,"[391.0,223.0,265.0,342.0]",3,0.7935
test_pen2_orb_cam2_20250922_105925_0003,pen2_orb_cam2_20250922_105925.jpg,1280,720,"[551.0,108.5,278.0,192.0]",3,0.789
test_pen2_orb_cam2_20250923_080006_0004,pen2_orb_cam2_20250923_080006.jpg,1280,720,"[442.5,117.0,159.0,215.0]",1,0.8706
test_pen2_orb_cam2_20250923_080006_0005,pen2_orb_cam2_20250923_080006.jpg,1280,720,"[584.0,81.5,254.0,100.0]",4,0.787
test_pen2_orb_cam2_20250923_080106_0004,pen2_orb_cam2_20250923_080106.jpg,1280,720,"[440.5,117.0,153.0,215.0]",1,0.8613
test_pen2_orb_cam2_20250923_080106_0005,pen2_orb_cam2_20250923_080106.jpg,1280,720,"[874.0,459.5,200.0,259.0]",4,0.7476
test_pen2_orb_cam2_20250923_080813_0003,pen2_orb_cam2_20250923_080813.jpg,1280,720,"[867.2,471.5,203.0,247.0]",4,0.7715
test_pen2_orb_cam2_20250923_080913_0004,pen2_orb_cam2_20250923_080913.jpg,1280,720,"[363.0,119.0,182.0,226.0]",1,0.8364
test_pen2_orb_cam2_20250923_080913_0005,pen2_orb_cam2_20250923_080913.jpg,1280,720,"[865.0,467.0,207.0,251.0]",4,0.7725
test_pen2_orb_cam2_20250923_080954_0003,pen2_orb_cam2_20250923_080954.jpg,1280,720,"[868.0,465.5,204.0,253.0]",4,0.7637
test_pen2_orb_cam2_20250923_080954_0004,pen2_orb_cam2_20250923_080954.jpg,1280,720,"[362.0,116.5,186.0,208.0]",1,0.841
test_pen2_orb_cam2_20250923_080954_0005,pen2_orb_cam2_20250923_080954.jpg,1280,720,"[453.0,156.0,323.0,170.0]",3,0.79
test_pen2_orb_cam2_20250923_081055_0005,pen2_orb_cam2_20250923_081055.jpg,1280,720,"[573.0,85.5,182.0,113.0]",0,0.8257
test_pen2_orb_cam2_20250923_081430_0005,pen2_orb_cam2_20250923_081430.jpg,1280,720,"[736.5,132.0,141.0,148.0]",0,0.848
test_pen2_orb_cam2_20250923_081530_0006,pen2_orb_cam2_20250923_081530.jpg,1280,720,"[736.5,134.0,140.0,151.0]",0,0.804
test_pen2_orb_cam2_20250923_081829_0003,pen2_orb_cam2_20250923_081829.jpg,1280,720,"[473.0,146.5,171.0,226.0]",3,0.781
test_pen2_orb_cam2_20250923_081929_0004,pen2_orb_cam2_20250923_081929.jpg,1280,720,"[744.5,113.5,131.0,156.0]",2,0.623
test_pen2_orb_cam2_20250923_082029_0005,pen2_orb_cam2_20250923_082029.jpg,1280,720,"[730.5,127.5,144.0,158.0]",0,0.826
test_pen2_orb_cam2_20250923_082129_0006,pen2_orb_cam2_20250923_082129.jpg,1280,720,"[727.5,127.0,145.0,159.0]",0,0.841
test_pen2_orb_cam2_20250923_082932_0003,pen2_orb_cam2_20250923_082932.jpg,1280,720,"[454.5,184.0,161.0,239.0]",1,0.852
test_pen2_orb_cam2_20250923_082932_0005,pen2_orb_cam2_20250923_082932.jpg,1280,720,"[717.0,132.0,157.0,191.0]",0,0.8203
test_pen2_orb_cam2_20250923_083032_0005,pen2_orb_cam2_20250923_083032.jpg,1280,720,"[862.0,473.0,204.0,244.0]",4,0.7725
test_pen2_orb_cam2_20250923_083032_0006,pen2_orb_cam2_20250923_083032.jpg,1280,720,"[719.0,132.0,155.0,160.0]",0,0.8496
test_pen2_orb_cam2_20250923_083103_0004,pen2_orb_cam2_20250923_083103.jpg,1280,720,"[861.0,472.5,209.0,245.0]",4,0.7666
test_pen2_orb_cam2_20250923_083203_0004,pen2_orb_cam2_20250923_083203.jpg,1280,720,"[575.0,221.0,288.0,188.0]",3,0.7793
test_pen2_orb_cam2_20250923_083203_0006,pen2_orb_cam2_20250923_083203.jpg,1280,720,"[601.5,17.5,261.0,146.0]",3,0.777
test_pen2_orb_cam2_20250923_083303_0005,pen2_orb_cam2_20250923_083303.jpg,1280,720,"[465.0,58.0,196.0,161.0]",3,0.7974
test_pen2_orb_cam2_20250923_083403_0003,pen2_orb_cam2_20250923_083403.jpg,1280,720,"[560.0,53.5,259.0,153.0]",3,0.791
test_pen2_orb_cam2_20250923_083603_0003,pen2_orb_cam2_20250923_083603.jpg,1280,720,"[657.2,55.5,217.3,139.0]",3,0.778
test_pen2_orb_cam2_20250923_084003_0003,pen2_orb_cam2_20250923_084003.jpg,1280,720,"[573.5,79.0,264.0,103.0]",1,0.8286
test_pen2_orb_cam2_20250923_084205_0003,pen2_orb_cam2_20250923_084205.jpg,1280,720,"[729.8,119.5,146.2,156.2]",0,0.8115
test_pen2_orb_cam2_20250923_084305_0002,pen2_orb_cam2_20250923_084305.jpg,1280,720,"[575.0,78.5,260.0,104.0]",1,0.8335
test_pen2_orb_cam2_20250923_084305_0004,pen2_orb_cam2_20250923_084305.jpg,1280,720,"[728.5,119.5,147.0,173.0]",0,0.8115
test_pen2_orb_cam2_20250923_084405_0003,pen2_orb_cam2_20250923_084405.jpg,1280,720,"[574.5,79.0,260.0,112.0]",1,0.87
test_pen2_orb_cam2_20250923_084405_0004,pen2_orb_cam2_20250923_084405.jpg,1280,720,"[730.5,120.0,145.0,157.0]",0,0.856
test_pen2_orb_cam2_20250923_084505_0003,pen2_orb_cam2_20250923_084505.jpg,1280,720,"[574.5,79.0,262.0,105.0]",1,0.851
test_pen2_orb_cam2_20250923_084505_0005,pen2_orb_cam2_20250923_084505.jpg,1280,720,"[728.0,120.0,149.0,158.0]",0,0.8184
test_pen2_orb_cam2_20250923_085006_0001,pen2_orb_cam2_20250923_085006.jpg,1280,720,"[575.5,79.0,258.0,103.0]",1,0.8486
test_pen2_orb_cam2_20250923_085006_0005,pen2_orb_cam2_20250923_085006.jpg,1280,720,"[716.0,129.0,158.0,173.0]",0,0.8174
test_pen2_orb_cam2_20250923_085107_0004,pen2_orb_cam2_20250923_085107.jpg,1280,720,"[575.5,79.0,258.0,103.0]",1,0.8604
test_pen2_orb_cam2_20250923_085107_0005,pen2_orb_cam2_20250923_085107.jpg,1280,720,"[710.0,129.0,164.0,166.0]",0,0.827
test_pen2_orb_cam2_20250923_085147_0005,pen2_orb_cam2_20250923_085147.jpg,1280,720,"[713.5,129.5,162.0,165.0]",0,0.849
test_pen2_orb_cam2_20250923_085245_0003,pen2_orb_cam2_20250923_085245.jpg,1280,720,"[576.0,83.0,262.0,114.0]",1,0.8877
test_pen2_orb_cam2_20250923_085245_0005,pen2_orb_cam2_20250923_085245.jpg,1280,720,"[719.0,130.0,154.0,176.0]",0,0.8306
test_pen2_orb_cam2_20250923_085403_0001,pen2_orb_cam2_20250923_085403.jpg,1280,720,"[222.5,500.0,339.0,219.0]",0,0.821
test_pen2_orb_cam2_20250923_085403_0004,pen2_orb_cam2_20250923_085403.jpg,1280,720,"[576.0,80.0,261.0,120.0]",1,0.895
test_pen2_orb_cam2_20250923_085403_0006,pen2_orb_cam2_20250923_085403.jpg,1280,720,"[720.5,130.0,154.0,181.0]",0,0.837
test_pen2_orb_cam2_20250923_085501_0005,pen2_orb_cam2_20250923_085501.jpg,1280,720,"[575.5,80.0,262.0,120.0]",1,0.898
test_pen2_orb_cam2_20250923_085501_0006,pen2_orb_cam2_20250923_085501.jpg,1280,720,"[720.5,129.5,153.0,194.0]",0,0.8286
test_pen2_orb_cam2_20250923_085602_0004,pen2_orb_cam2_20250923_085602.jpg,1280,720,"[576.0,80.0,260.0,114.0]",1,0.8965
test_pen2_orb_cam2_20250923_085602_0006,pen2_orb_cam2_20250923_085602.jpg,1280,720,"[716.5,131.0,158.0,164.0]",0,0.836
test_pen2_orb_cam2_20250923_090215_0000,pen2_orb_cam2_20250923_090215.jpg,1280,720,"[217.0,499.0,379.0,220.0]",0,0.865
test_pen2_orb_cam2_20250923_090215_0001,pen2_orb_cam2_20250923_090215.jpg,1280,720,"[576.5,80.5,260.0,102.0]",1,0.8496
test_pen2_orb_cam2_20250923_090215_0006,pen2_orb_cam2_20250923_090215.jpg,1280,720,"[708.5,132.0,168.0,151.0]",0,0.843
test_pen2_orb_cam2_20250923_090315_0000,pen2_orb_cam2_20250923_090315.jpg,1280,720,"[197.0,467.5,371.0,252.0]",0,0.8325
test_pen2_orb_cam2_20250923_090315_0003,pen2_orb_cam2_20250923_090315.jpg,1280,720,"[576.0,79.5,259.0,102.0]",1,0.847
test_pen2_orb_cam2_20250923_090315_0004,pen2_orb_cam2_20250923_090315.jpg,1280,720,"[411.5,273.0,152.0,316.0]",4,0.758
test_pen2_orb_cam2_20250923_090315_0006,pen2_orb_cam2_20250923_090315.jpg,1280,720,"[709.0,133.0,167.0,170.0]",0,0.852
test_pen2_orb_cam2_20250923_090657_0000,pen2_orb_cam2_20250923_090657.jpg,1280,720,"[207.0,495.0,336.0,224.0]",0,0.856
test_pen2_orb_cam2_20250923_090657_0001,pen2_orb_cam2_20250923_090657.jpg,1280,720,"[378.0,281.5,241.0,320.0]",1,0.8325
test_pen2_orb_cam2_20250923_090657_0005,pen2_orb_cam2_20250923_090657.jpg,1280,720,"[576.0,82.0,269.0,97.0]",1,0.862
test_pen2_orb_cam2_20250923_090757_0001,pen2_orb_cam2_20250923_090757.jpg,1280,720,"[388.5,282.5,230.0,316.0]",1,0.8613
test_pen2_orb_cam2_20250923_090757_0002,pen2_orb_cam2_20250923_090757.jpg,1280,720,"[213.5,489.5,331.0,229.0]",0,0.877
test_pen2_orb_cam2_20250923_090757_0005,pen2_orb_cam2_20250923_090757.jpg,1280,720,"[613.0,110.0,199.0,203.0]",3,0.777
test_pen2_orb_cam2_20250923_090814_0000,pen2_orb_cam2_20250923_090814.jpg,1280,720,"[391.8,283.0,226.0,316.0]",1,0.848
test_pen2_orb_cam2_20250923_090814_0001,pen2_orb_cam2_20250923_090814.jpg,1280,720,"[213.3,490.0,331.0,229.0]",0,0.8706
test_pen2_orb_cam2_20250923_090814_0005,pen2_orb_cam2_20250923_090814.jpg,1280,720,"[576.5,81.0,266.0,101.0]",1,0.8394
test_pen2_orb_cam2_20250923_090814_0006,pen2_orb_cam2_20250923_090814.jpg,1280,720,"[709.5,133.0,168.0,168.0]",0,0.816
test_pen2_orb_cam2_20250923_091306_0002,pen2_orb_cam2_20250923_091306.jpg,1280,720,"[576.5,80.0,258.0,101.0]",1,0.872
test_pen2_orb_cam2_20250923_091506_0000,pen2_orb_cam2_20250923_091506.jpg,1280,720,"[197.5,461.2,335.0,257.0]",0,0.8223
test_pen2_orb_cam2_20250923_091506_0001,pen2_orb_cam2_20250923_091506.jpg,1280,720,"[380.0,289.5,243.0,314.0]",1,0.827
test_pen2_orb_cam2_20250923_091506_0002,pen2_orb_cam2_20250923_091506.jpg,1280,720,"[576.0,80.5,258.0,102.0]",1,0.8667
test_pen2_orb_cam2_20250923_091506_0005,pen2_orb_cam2_20250923_091506.jpg,1280,720,"[404.5,118.5,235.0,126.0]",4,0.7686
test_pen2_orb_cam2_20250923_091506_0006,pen2_orb_cam2_20250923_091506.jpg,1280,720,"[708.5,132.5,169.0,141.0]",0,0.843
test_pen2_orb_cam2_20250923_091650_0000,pen2_orb_cam2_20250923_091650.jpg,1280,720,"[380.0,287.0,245.0,316.0]",1,0.8516
test_pen2_orb_cam2_20250923_091650_0001,pen2_orb_cam2_20250923_091650.jpg,1280,720,"[198.0,464.0,334.0,255.0]",0,0.8276
test_pen2_orb_cam2_20250923_091650_0005,pen2_orb_cam2_20250923_091650.jpg,1280,720,"[708.0,132.0,170.0,159.0]",0,0.8066
test_pen2_orb_cam2_20250923_092406_0000,pen2_orb_cam2_20250923_092406.jpg,1280,720,"[408.5,291.5,224.0,312.0]",1,0.882
test_pen2_orb_cam2_20250923_092625_0003,pen2_orb_cam2_20250923_092625.jpg,1280,720,"[448.0,80.5,153.0,165.0]",4,0.734
test_pen2_orb_cam2_20250923_092757_0001,pen2_orb_cam2_20250923_092757.jpg,1280,720,"[376.0,290.5,206.0,316.0]",1,0.827
test_pen2_orb_cam2_20250923_092757_0006,pen2_orb_cam2_20250923_092757.jpg,1280,720,"[435.5,72.5,163.0,142.0]",2,0.7446
test_pen2_orb_cam2_20250923_092958_0000,pen2_orb_cam2_20250923_092958.jpg,1280,720,"[608.0,17.5,254.0,161.0]",3,0.779
test_pen2_orb_cam2_20250923_092958_0002,pen2_orb_cam2_20250923_092958.jpg,1280,720,"[364.5,291.5,256.0,309.0]",1,0.885
test_pen2_orb_cam2_20250923_093011_0003,pen2_orb_cam2_20250923_093011.jpg,1280,720,"[347.2,286.8,247.0,306.0]",1,0.8545
test_pen2_orb_cam2_20250923_093139_0000,pen2_orb_cam2_20250923_093139.jpg,1280,720,"[366.0,290.5,265.0,316.0]",1,0.8896
test_pen2_orb_cam2_20250923_093139_0004,pen2_orb_cam2_20250923_093139.jpg,1280,720,"[609.0,11.0,258.0,159.0]",3,0.7725
test_pen2_orb_cam2_20250923_093240_0001,pen2_orb_cam2_20250923_093240.jpg,1280,720,"[272.5,226.5,268.0,292.0]",1,0.8315
test_pen2_orb_cam2_20250923_093240_0002,pen2_orb_cam2_20250923_093240.jpg,1280,720,"[353.5,373.0,335.0,304.0]",3,0.7744
test_pen2_orb_cam2_20250923_093240_0004,pen2_orb_cam2_20250923_093240.jpg,1280,720,"[484.5,12.0,206.0,237.0]",3,0.7856
test_pen2_orb_cam2_20250923_093340_0000,pen2_orb_cam2_20250923_093340.jpg,1280,720,"[452.5,244.5,179.0,320.0]",3,0.798
test_pen2_orb_cam2_20250923_093640_0000,pen2_orb_cam2_20250923_093640.jpg,1280,720,"[395.5,10.5,207.0,202.0]",3,0.777
test_pen2_orb_cam2_20250923_093740_0000,pen2_orb_cam2_20250923_093740.jpg,1280,720,"[374.5,232.0,303.0,382.0]",3,0.782
test_pen2_orb_cam2_20250923_093840_0003,pen2_orb_cam2_20250923_093840.jpg,1280,720,"[388.0,75.0,143.0,186.0]",4,0.799
test_pen2_orb_cam2_20250923_093940_0002,pen2_orb_cam2_20250923_093940.jpg,1280,720,"[385.0,73.5,148.0,188.0]",4,0.796
test_pen2_orb_cam2_20250923_094041_0003,pen2_orb_cam2_20250923_094041.jpg,1280,720,"[510.5,104.5,164.0,260.0]",3,0.7803
test_pen2_orb_cam2_20250923_094041_0004,pen2_orb_cam2_20250923_094041.jpg,1280,720,"[386.5,73.5,130.0,188.0]",4,0.8022
test_pen2_orb_cam2_20250923_094142_0002,pen2_orb_cam2_20250923_094142.jpg,1280,720,"[652.0,89.0,225.0,181.0]",3,0.781
test_pen2_orb_cam2_20250923_094142_0003,pen2_orb_cam2_20250923_094142.jpg,1280,720,"[616.5,19.0,248.0,143.0]",3,0.7715
test_pen2_orb_cam2_20250923_094242_0002,pen2_orb_cam2_20250923_094242.jpg,1280,720,"[474.5,111.5,151.0,279.0]",3,0.796
test_pen2_orb_cam2_20250923_094551_0003,pen2_orb_cam2_20250923_094551.jpg,1280,720,"[389.5,63.0,261.0,203.0]",3,0.786
test_pen2_orb_cam2_20250923_094551_0005,pen2_orb_cam2_20250923_094551.jpg,1280,720,"[627.0,44.5,228.0,149.0]",3,0.7812
test_pen2_orb_cam2_20250923_094705_0003,pen2_orb_cam2_20250923_094705.jpg,1280,720,"[618.5,22.5,245.0,153.0]",3,0.7793
test_pen2_orb_cam2_20250923_094817_0003,pen2_orb_cam2_20250923_094817.jpg,1280,720,"[218.0,447.5,201.0,270.0]",4,0.782
test_pen2_orb_cam2_20250923_095234_0003,pen2_orb_cam2_20250923_095234.jpg,1280,720,"[394.0,76.0,149.0,172.0]",4,0.747
test_pen2_orb_cam2_20250923_095234_0004,pen2_orb_cam2_20250923_095234.jpg,1280,720,"[588.5,84.5,241.0,108.0]",0,0.8823
test_pen2_orb_cam2_20250923_095418_0005,pen2_orb_cam2_20250923_095418.jpg,1280,720,"[589.0,85.5,239.0,106.0]",0,0.876
test_pen2_orb_cam2_20250923_095518_0003,pen2_orb_cam2_20250923_095518.jpg,1280,720,"[507.5,166.5,319.0,163.0]",3,0.804
test_pen2_orb_cam2_20250923_095518_0004,pen2_orb_cam2_20250923_095518.jpg,1280,720,"[583.5,85.5,245.0,97.0]",0,0.8574
test_pen2_orb_cam2_20250923_095604_0003,pen2_orb_cam2_20250923_095604.jpg,1280,720,"[380.5,81.0,160.0,161.0]",4,0.7524
test_pen2_orb_cam2_20250923_095604_0005,pen2_orb_cam2_20250923_095604.jpg,1280,720,"[581.5,83.0,250.0,108.0]",0,0.886
test_pen2_orb_cam2_20250923_095708_0006,pen2_orb_cam2_20250923_095708.jpg,1280,720,"[583.0,85.0,247.0,106.0]",0,0.8784
test_pen2_orb_cam2_20250923_095751_0003,pen2_orb_cam2_20250923_095751.jpg,1280,720,"[588.5,85.0,234.0,112.0]",0,0.877
test_pen2_orb_cam2_20250923_095751_0005,pen2_orb_cam2_20250923_095751.jpg,1280,720,"[415.0,80.5,111.0,177.0]",4,0.7637
test_pen2_orb_cam2_20250923_095838_0003,pen2_orb_cam2_20250923_095838.jpg,1280,720,"[412.5,81.0,125.0,176.0]",4,0.7534
test_pen2_orb_cam2_20250923_095838_0004,pen2_orb_cam2_20250923_095838.jpg,1280,720,"[588.8,85.5,238.0,112.0]",0,0.8823
test_pen2_orb_cam2_20250923_100035_0000,pen2_orb_cam2_20250923_100035.jpg,1280,720,"[424.0,333.5,204.0,328.0]",3,0.779
test_pen2_orb_cam2_20250923_100035_0004,pen2_orb_cam2_20250923_100035.jpg,1280,720,"[401.5,82.0,120.0,178.0]",4,0.7427
test_pen2_orb_cam2_20250923_100035_0005,pen2_orb_cam2_20250923_100035.jpg,1280,720,"[587.5,84.0,241.0,111.0]",0,0.8745
test_pen2_orb_cam2_20250923_100139_0002,pen2_orb_cam2_20250923_100139.jpg,1280,720,"[393.0,81.5,129.0,163.0]",4,0.809
test_pen2_orb_cam2_20250923_100139_0004,pen2_orb_cam2_20250923_100139.jpg,1280,720,"[580.5,82.0,242.0,101.0]",4,0.762
test_pen2_orb_cam2_20250923_100240_0001,pen2_orb_cam2_20250923_100240.jpg,1280,720,"[202.5,459.5,210.0,258.0]",4,0.7554
test_pen2_orb_cam2_20250923_100240_0005,pen2_orb_cam2_20250923_100240.jpg,1280,720,"[390.0,81.0,133.0,161.0]",4,0.8115
test_pen2_orb_cam2_20250923_100340_0000,pen2_orb_cam2_20250923_100340.jpg,1280,720,"[468.0,437.5,434.0,280.0]",3,0.781
test_pen2_orb_cam2_20250923_100340_0006,pen2_orb_cam2_20250923_100340.jpg,1280,720,"[422.0,66.0,171.0,146.0]",2,0.769
test_pen2_orb_cam2_20250923_100508_0003,pen2_orb_cam2_20250923_100508.jpg,1280,720,"[647.5,43.5,206.0,191.0]",3,0.782
test_pen2_orb_cam2_20250923_100508_0004,pen2_orb_cam2_20250923_100508.jpg,1280,720,"[429.5,272.0,135.0,330.0]",4,0.7686
test_pen2_orb_cam2_20250923_100701_0001,pen2_orb_cam2_20250923_100701.jpg,1280,720,"[201.5,434.5,197.0,283.0]",4,0.81
test_pen2_orb_cam2_20250923_100701_0006,pen2_orb_cam2_20250923_100701.jpg,1280,720,"[573.0,81.0,256.0,115.0]",1,0.8604
test_pen2_orb_cam2_20250923_100833_0004,pen2_orb_cam2_20250923_100833.jpg,1280,720,"[383.0,148.5,227.0,167.0]",3,0.7993
test_pen2_orb_cam2_20250923_100833_0005,pen2_orb_cam2_20250923_100833.jpg,1280,720,"[573.5,83.5,254.0,113.0]",1,0.854
test_pen2_orb_cam2_20250923_100935_0004,pen2_orb_cam2_20250923_100935.jpg,1280,720,"[370.5,297.5,175.0,315.0]",1,0.8325
test_pen2_orb_cam2_20250923_100935_0005,pen2_orb_cam2_20250923_100935.jpg,1280,720,"[593.5,80.5,234.0,104.0]",4,0.769
test_pen2_orb_cam2_20250923_101035_0004,pen2_orb_cam2_20250923_101035.jpg,1280,720,"[574.5,82.0,259.0,104.0]",4,0.774
test_pen2_orb_cam2_20250923_101145_0004,pen2_orb_cam2_20250923_101145.jpg,1280,720,"[346.5,292.5,206.0,321.0]",1,0.8506
test_pen2_orb_cam2_20250923_101245_0003,pen2_orb_cam2_20250923_101245.jpg,1280,720,"[578.0,82.5,246.0,106.0]",4,0.797
test_pen2_orb_cam2_20250923_101303_0001,pen2_orb_cam2_20250923_101303.jpg,1280,720,"[560.5,77.0,290.0,116.0]",1,0.8604
test_pen2_orb_cam2_20250923_101420_0003,pen2_orb_cam2_20250923_101420.jpg,1280,720,"[655.5,51.5,229.0,206.0]",3,0.7837
test_pen2_orb_cam2_20250923_101511_0004,pen2_orb_cam2_20250923_101511.jpg,1280,720,"[641.4,52.0,227.1,169.1]",3,0.7783
test_pen2_orb_cam2_20250923_101614_0004,pen2_orb_cam2_20250923_101614.jpg,1280,720,"[636.2,52.0,235.3,161.4]",3,0.7817
test_pen2_orb_cam2_20250923_101706_0001,pen2_orb_cam2_20250923_101706.jpg,1280,720,"[170.5,421.0,185.0,297.0]",4,0.7393
test_pen2_orb_cam2_20250923_101749_0000,pen2_orb_cam2_20250923_101749.jpg,1280,720,"[355.5,391.0,200.0,327.0]",4,0.769
test_pen2_orb_cam2_20250923_101749_0002,pen2_orb_cam2_20250923_101749.jpg,1280,720,"[369.0,139.5,156.0,264.0]",3,0.7734
test_pen2_orb_cam2_20250923_101749_0005,pen2_orb_cam2_20250923_101749.jpg,1280,720,"[873.0,480.0,189.0,238.0]",4,0.7666
test_pen2_orb_cam2_20250923_101902_0002,pen2_orb_cam2_20250923_101902.jpg,1280,720,"[881.5,487.5,182.0,231.0]",4,0.752
test_pen2_orb_cam2_20250923_102014_0004,pen2_orb_cam2_20250923_102014.jpg,1280,720,"[860.0,479.0,199.0,239.0]",4,0.765
test_pen2_orb_cam2_20250923_102100_0001,pen2_orb_cam2_20250923_102100.jpg,1280,720,"[568.0,79.5,265.0,114.0]",4,0.7837
test_pen2_orb_cam2_20250923_102100_0002,pen2_orb_cam2_20250923_102100.jpg,1280,720,"[861.5,486.0,209.0,232.0]",4,0.7656
test_pen2_orb_cam2_20250923_102236_0004,pen2_orb_cam2_20250923_102236.jpg,1280,720,"[635.9,45.0,235.1,169.1]",3,0.782
test_pen2_orb_cam2_20250923_102432_0001,pen2_orb_cam2_20250923_102432.jpg,1280,720,"[584.6,66.4,277.4,161.6]",3,0.7754
test_pen2_orb_cam2_20250923_102459_0002,pen2_orb_cam2_20250923_102459.jpg,1280,720,"[682.0,37.0,198.0,210.0]",3,0.7793
test_pen2_orb_cam2_20250923_102459_0004,pen2_orb_cam2_20250923_102459.jpg,1280,720,"[558.0,77.0,217.0,111.0]",1,0.833
test_pen2_orb_cam2_20250923_102559_0002,pen2_orb_cam2_20250923_102559.jpg,1280,720,"[631.5,10.5,249.0,206.0]",3,0.778
test_pen2_orb_cam2_20250923_102659_0001,pen2_orb_cam2_20250923_102659.jpg,1280,720,"[311.0,144.5,310.0,249.0]",3,0.771
test_pen2_orb_cam2_20250923_103100_0004,pen2_orb_cam2_20250923_103100.jpg,1280,720,"[657.0,48.5,222.0,137.0]",3,0.7734
test_pen2_orb_cam2_20250923_103215_0001,pen2_orb_cam2_20250923_103215.jpg,1280,720,"[563.5,111.0,230.0,192.0]",3,0.791
test_pen2_orb_cam2_20250923_103215_0003,pen2_orb_cam2_20250923_103215.jpg,1280,720,"[427.0,227.5,320.0,318.0]",3,0.7783
test_pen2_orb_cam2_20250923_103316_0000,pen2_orb_cam2_20250923_103316.jpg,1280,720,"[187.5,458.5,374.0,261.0]",3,0.779
test_pen2_orb_cam2_20250923_103421_0002,pen2_orb_cam2_20250923_103421.jpg,1280,720,"[222.5,397.0,451.0,219.0]",3,0.7783
test_pen2_orb_cam2_20250923_103622_0000,pen2_orb_cam2_20250923_103622.jpg,1280,720,"[396.5,285.5,237.0,304.0]",3,0.7764
test_pen2_orb_cam2_20250923_103622_0003,pen2_orb_cam2_20250923_103622.jpg,1280,720,"[428.5,214.0,284.0,227.0]",3,0.774
test_pen2_orb_cam2_20250923_103722_0003,pen2_orb_cam2_20250923_103722.jpg,1280,720,"[610.5,6.5,257.0,161.0]",3,0.7754
test_pen2_orb_cam2_20250923_103749_0004,pen2_orb_cam2_20250923_103749.jpg,1280,720,"[879.8,449.8,198.0,269.0]",4,0.7544
test_pen2_orb_cam2_20250923_103749_0005,pen2_orb_cam2_20250923_103749.jpg,1280,720,"[610.5,9.5,256.0,152.0]",3,0.7837
test_pen2_orb_cam2_20250923_103849_0000,pen2_orb_cam2_20250923_103849.jpg,1280,720,"[488.5,359.5,278.0,357.0]",3,0.7744
test_pen2_orb_cam2_20250923_103849_0005,pen2_orb_cam2_20250923_103849.jpg,1280,720,"[588.0,61.0,119.0,297.0]",3,0.7837
test_pen2_orb_cam2_20250923_104149_0005,pen2_orb_cam2_20250923_104149.jpg,1280,720,"[568.0,33.5,155.0,175.0]",3,0.771
test_pen2_orb_cam2_20250923_104443_0000,pen2_orb_cam2_20250923_104443.jpg,1280,720,"[375.5,344.5,228.0,373.0]",2,0.7354
test_pen2_orb_cam2_20250923_104443_0003,pen2_orb_cam2_20250923_104443.jpg,1280,720,"[501.5,46.0,144.0,270.0]",3,0.791
test_pen2_orb_cam2_20250923_104843_0004,pen2_orb_cam2_20250923_104843.jpg,1280,720,"[162.3,475.7,224.0,241.0]",4,0.796
test_pen2_orb_cam2_20250923_104843_0006,pen2_orb_cam2_20250923_104843.jpg,1280,720,"[520.5,155.0,283.0,150.0]",3,0.789
test_pen2_orb_cam2_20250923_104944_0003,pen2_orb_cam2_20250923_104944.jpg,1280,720,"[160.5,481.2,226.0,236.0]",4,0.782
test_pen2_orb_cam2_20250923_104944_0007,pen2_orb_cam2_20250923_104944.jpg,1280,720,"[299.0,308.0,161.0,327.0]",4,0.7354
test_pen2_orb_cam2_20250923_105044_0001,pen2_orb_cam2_20250923_105044.jpg,1280,720,"[618.5,65.5,254.0,163.0]",3,0.7856
test_pen2_orb_cam2_20250923_105044_0004,pen2_orb_cam2_20250923_105044.jpg,1280,720,"[163.5,475.4,233.0,238.0]",4,0.7666
test_pen2_orb_cam2_20250923_105144_0002,pen2_orb_cam2_20250923_105144.jpg,1280,720,"[364.5,426.0,354.0,291.0]",2,0.8916
test_pen2_orb_cam2_20250923_105244_0005,pen2_orb_cam2_20250923_105244.jpg,1280,720,"[654.0,74.0,163.0,213.0]",3,0.7725
test_pen2_orb_cam2_20250923_105348_0004,pen2_orb_cam2_20250923_105348.jpg,1280,720,"[432.5,62.0,235.0,141.0]",4,0.8047
test_pen2_orb_cam2_20250923_105846_0003,pen2_orb_cam2_20250923_105846.jpg,1280,720,"[860.5,475.2,221.0,242.0]",4,0.7344
test_pen2_orb_cam2_20250924_080019_0007,pen2_orb_cam2_20250924_080019.jpg,1280,720,"[710.0,137.0,163.0,177.0]",0,0.8115
test_pen2_orb_cam2_20250924_080319_0001,pen2_orb_cam2_20250924_080319.jpg,1280,720,"[316.5,395.0,216.0,323.0]",4,0.773
test_pen2_orb_cam2_20250924_080419_0002,pen2_orb_cam2_20250924_080419.jpg,1280,720,"[310.5,397.5,231.0,320.0]",4,0.7705
test_pen2_orb_cam2_20250924_082155_0003,pen2_orb_cam2_20250924_082155.jpg,1280,720,"[378.0,94.5,194.0,195.0]",1,0.8647
test_pen2_orb_cam2_20250924_082255_0003,pen2_orb_cam2_20250924_082255.jpg,1280,720,"[378.5,94.5,193.0,195.0]",1,0.8516
test_pen2_orb_cam2_20250924_082255_0004,pen2_orb_cam2_20250924_082255.jpg,1280,720,"[541.5,137.5,148.0,317.0]",3,0.7837
test_pen2_orb_cam2_20250924_082455_0003,pen2_orb_cam2_20250924_082455.jpg,1280,720,"[378.5,95.0,194.0,195.0]",1,0.865
test_pen2_orb_cam2_20250924_083143_0003,pen2_orb_cam2_20250924_083143.jpg,1280,720,"[478.0,87.0,115.0,184.0]",4,0.744
test_pen2_orb_cam2_20250924_083320_0002,pen2_orb_cam2_20250924_083320.jpg,1280,720,"[483.0,80.0,114.0,187.0]",4,0.791
test_pen2_orb_cam2_20250924_083320_0006,pen2_orb_cam2_20250924_083320.jpg,1280,720,"[699.0,140.5,168.0,174.0]",0,0.8105
test_pen2_orb_cam2_20250924_083421_0003,pen2_orb_cam2_20250924_083421.jpg,1280,720,"[484.0,79.0,123.0,187.0]",4,0.7856
test_pen2_orb_cam2_20250924_083421_0004,pen2_orb_cam2_20250924_083421.jpg,1280,720,"[602.0,80.0,239.0,120.0]",4,0.778
test_pen2_orb_cam2_20250924_083421_0007,pen2_orb_cam2_20250924_083421.jpg,1280,720,"[699.8,136.4,173.2,177.7]",0,0.826
test_pen2_orb_cam2_20250924_083621_0005,pen2_orb_cam2_20250924_083621.jpg,1280,720,"[490.5,123.5,299.0,191.0]",3,0.7915
test_pen2_orb_cam2_20250924_083621_0006,pen2_orb_cam2_20250924_083621.jpg,1280,720,"[622.5,80.0,228.0,70.0]",4,0.7603
test_pen2_orb_cam2_20250924_083721_0004,pen2_orb_cam2_20250924_083721.jpg,1280,720,"[371.0,92.5,137.0,193.0]",4,0.734
test_pen2_orb_cam2_20250924_083721_0007,pen2_orb_cam2_20250924_083721.jpg,1280,720,"[686.0,120.0,180.0,155.0]",2,0.747
test_pen2_orb_cam2_20250924_083804_0004,pen2_orb_cam2_20250924_083804.jpg,1280,720,"[632.0,64.0,191.0,257.0]",3,0.7803
test_pen2_orb_cam2_20250924_083804_0006,pen2_orb_cam2_20250924_083804.jpg,1280,720,"[459.0,92.0,151.0,193.0]",4,0.741
test_pen2_orb_cam2_20250924_083904_0005,pen2_orb_cam2_20250924_083904.jpg,1280,720,"[617.5,146.0,259.0,208.0]",3,0.7817
test_pen2_orb_cam2_20250924_084004_0003,pen2_orb_cam2_20250924_084004.jpg,1280,720,"[571.5,326.0,319.0,240.0]",3,0.787
test_pen2_orb_cam2_20250924_084204_0000,pen2_orb_cam2_20250924_084204.jpg,1280,720,"[258.0,284.5,201.0,368.0]",1,0.8613
test_pen2_orb_cam2_20250924_084204_0006,pen2_orb_cam2_20250924_084204.jpg,1280,720,"[471.0,69.5,126.0,184.0]",4,0.7344
test_pen2_orb_cam2_20250924_084406_0001,pen2_orb_cam2_20250924_084406.jpg,1280,720,"[617.5,199.5,278.0,290.0]",3,0.776
test_pen2_orb_cam2_20250924_085521_0007,pen2_orb_cam2_20250924_085521.jpg,1280,720,"[568.2,79.0,181.0,105.0]",1,0.8315
test_pen2_orb_cam2_20250924_090103_0003,pen2_orb_cam2_20250924_090103.jpg,1280,720,"[568.5,79.0,262.0,110.0]",1,0.8647
test_pen2_orb_cam2_20250924_090103_0006,pen2_orb_cam2_20250924_090103.jpg,1280,720,"[485.0,129.5,155.0,191.0]",1,0.8525
test_pen2_orb_cam2_20250924_090203_0004,pen2_orb_cam2_20250924_090203.jpg,1280,720,"[569.0,79.5,261.0,110.0]",1,0.865
test_pen2_orb_cam2_20250924_090203_0005,pen2_orb_cam2_20250924_090203.jpg,1280,720,"[485.0,129.0,155.0,192.0]",1,0.848
test_pen2_orb_cam2_20250924_090304_0004,pen2_orb_cam2_20250924_090304.jpg,1280,720,"[569.5,83.5,260.0,106.0]",1,0.8677
test_pen2_orb_cam2_20250924_091030_0005,pen2_orb_cam2_20250924_091030.jpg,1280,720,"[484.5,132.0,143.0,203.0]",1,0.8413
test_pen2_orb_cam2_20250924_091030_0006,pen2_orb_cam2_20250924_091030.jpg,1280,720,"[569.5,79.0,260.0,108.0]",1,0.838
test_pen2_orb_cam2_20250924_091309_0005,pen2_orb_cam2_20250924_091309.jpg,1280,720,"[570.0,78.5,259.0,110.0]",1,0.8315
test_pen2_orb_cam2_20250924_091359_0003,pen2_orb_cam2_20250924_091359.jpg,1280,720,"[568.5,79.5,260.0,110.0]",1,0.8506
test_pen2_orb_cam2_20250924_091359_0005,pen2_orb_cam2_20250924_091359.jpg,1280,720,"[465.5,131.5,172.0,208.0]",1,0.851
test_pen2_orb_cam2_20250924_091937_0006,pen2_orb_cam2_20250924_091937.jpg,1280,720,"[571.0,78.5,267.0,97.0]",1,0.8247
test_pen2_orb_cam2_20250924_092137_0004,pen2_orb_cam2_20250924_092137.jpg,1280,720,"[570.5,78.8,260.0,107.0]",1,0.86
test_pen2_orb_cam2_20250924_092437_0005,pen2_orb_cam2_20250924_092437.jpg,1280,720,"[717.0,131.5,159.0,143.0]",0,0.8315
test_pen2_orb_cam2_20250924_092639_0005,pen2_orb_cam2_20250924_092639.jpg,1280,720,"[569.5,78.5,261.0,97.0]",1,0.823
test_pen2_orb_cam2_20250924_092837_0001,pen2_orb_cam2_20250924_092837.jpg,1280,720,"[578.0,346.5,312.0,233.0]",3,0.787
test_pen2_orb_cam2_20250924_093654_0000,pen2_orb_cam2_20250924_093654.jpg,1280,720,"[516.0,330.0,209.0,388.0]",3,0.7725
test_pen2_orb_cam2_20250924_093654_0005,pen2_orb_cam2_20250924_093654.jpg,1280,720,"[712.5,132.0,167.7,166.8]",0,0.833
test_pen2_orb_cam2_20250924_093754_0006,pen2_orb_cam2_20250924_093754.jpg,1280,720,"[710.5,131.5,167.0,171.0]",0,0.816
test_pen2_orb_cam2_20250924_093855_0003,pen2_orb_cam2_20250924_093855.jpg,1280,720,"[583.5,81.5,251.0,99.0]",4,0.742
test_pen2_orb_cam2_20250924_093855_0005,pen2_orb_cam2_20250924_093855.jpg,1280,720,"[712.5,131.5,163.0,165.0]",0,0.842
test_pen2_orb_cam2_20250924_093909_0005,pen2_orb_cam2_20250924_093909.jpg,1280,720,"[590.5,84.0,237.0,98.0]",4,0.769
test_pen2_orb_cam2_20250924_093909_0006,pen2_orb_cam2_20250924_093909.jpg,1280,720,"[711.5,132.0,163.0,165.0]",0,0.8286
test_pen2_orb_cam2_20250924_094009_0005,pen2_orb_cam2_20250924_094009.jpg,1280,720,"[717.0,133.6,156.0,143.0]",0,0.809
test_pen2_orb_cam2_20250924_094109_0003,pen2_orb_cam2_20250924_094109.jpg,1280,720,"[546.5,67.0,250.0,153.0]",2,0.872
test_pen2_orb_cam2_20250924_094210_0000,pen2_orb_cam2_20250924_094210.jpg,1280,720,"[398.5,268.0,251.0,446.0]",3,0.7705
test_pen2_orb_cam2_20250924_094210_0005,pen2_orb_cam2_20250924_094210.jpg,1280,720,"[456.0,135.5,161.0,210.0]",1,0.857
test_pen2_orb_cam2_20250924_094210_0006,pen2_orb_cam2_20250924_094210.jpg,1280,720,"[711.0,134.0,162.0,190.0]",0,0.8223
test_pen2_orb_cam2_20250924_094431_0000,pen2_orb_cam2_20250924_094431.jpg,1280,720,"[356.0,392.0,425.0,324.0]",3,0.792
test_pen2_orb_cam2_20250924_094431_0005,pen2_orb_cam2_20250924_094431.jpg,1280,720,"[715.5,133.5,158.0,174.0]",0,0.8403
test_pen2_orb_cam2_20250924_094522_0006,pen2_orb_cam2_20250924_094522.jpg,1280,720,"[711.5,133.0,160.0,174.0]",0,0.826
test_pen2_orb_cam2_20250924_095023_0006,pen2_orb_cam2_20250924_095023.jpg,1280,720,"[709.0,133.5,164.0,161.0]",0,0.815
test_pen2_orb_cam2_20250924_095223_0006,pen2_orb_cam2_20250924_095223.jpg,1280,720,"[707.5,133.5,166.0,161.0]",0,0.809
test_pen2_orb_cam2_20250924_095341_0001,pen2_orb_cam2_20250924_095341.jpg,1280,720,"[374.0,293.5,249.0,360.0]",1,0.835
test_pen2_orb_cam2_20250924_095442_0002,pen2_orb_cam2_20250924_095442.jpg,1280,720,"[355.8,296.0,265.0,356.0]",1,0.8394
test_pen2_orb_cam2_20250924_095442_0004,pen2_orb_cam2_20250924_095442.jpg,1280,720,"[575.0,72.5,275.0,110.0]",0,0.8057
test_pen2_orb_cam2_20250924_095442_0006,pen2_orb_cam2_20250924_095442.jpg,1280,720,"[709.0,134.0,166.0,161.0]",0,0.8174
test_pen2_orb_cam2_20250924_095502_0003,pen2_orb_cam2_20250924_095502.jpg,1280,720,"[361.5,294.0,262.0,340.0]",1,0.8306
test_pen2_orb_cam2_20250924_095603_0003,pen2_orb_cam2_20250924_095603.jpg,1280,720,"[353.5,296.5,270.0,329.0]",1,0.823
test_pen2_orb_cam2_20250924_095703_0003,pen2_orb_cam2_20250924_095703.jpg,1280,720,"[356.0,296.0,257.0,332.0]",1,0.839
test_pen2_orb_cam2_20250924_095816_0004,pen2_orb_cam2_20250924_095816.jpg,1280,720,"[362.5,295.7,247.0,332.0]",1,0.843
test_pen2_orb_cam2_20250924_095916_0003,pen2_orb_cam2_20250924_095916.jpg,1280,720,"[574.5,113.5,272.0,108.0]",4,0.768
test_pen2_orb_cam2_20250924_100417_0003,pen2_orb_cam2_20250924_100417.jpg,1280,720,"[362.5,297.5,274.0,356.0]",1,0.827
test_pen2_orb_cam2_20250924_100417_0004,pen2_orb_cam2_20250924_100417.jpg,1280,720,"[571.0,116.5,275.0,106.0]",4,0.8057
test_pen2_orb_cam2_20250924_100623_0003,pen2_orb_cam2_20250924_100623.jpg,1280,720,"[362.5,297.0,270.0,358.0]",1,0.8438
test_pen2_orb_cam2_20250924_100623_0004,pen2_orb_cam2_20250924_100623.jpg,1280,720,"[574.5,113.0,273.0,110.0]",4,0.787
test_pen2_orb_cam2_20250924_100724_0001,pen2_orb_cam2_20250924_100724.jpg,1280,720,"[786.0,509.0,260.0,209.0]",1,0.8257
test_pen2_orb_cam2_20250924_100724_0002,pen2_orb_cam2_20250924_100724.jpg,1280,720,"[361.5,298.0,269.0,355.0]",1,0.835
test_pen2_orb_cam2_20250924_100724_0005,pen2_orb_cam2_20250924_100724.jpg,1280,720,"[531.0,6.0,207.8,228.1]",3,0.778
test_pen2_orb_cam2_20250924_101124_0004,pen2_orb_cam2_20250924_101124.jpg,1280,720,"[612.0,15.0,227.0,157.0]",3,0.7837
test_pen2_orb_cam2_20250924_101225_0005,pen2_orb_cam2_20250924_101225.jpg,1280,720,"[585.5,74.5,261.0,108.0]",4,0.7505
test_pen2_orb_cam2_20250924_101319_0004,pen2_orb_cam2_20250924_101319.jpg,1280,720,"[567.5,78.0,242.0,111.0]",4,0.834
test_pen2_orb_cam2_20250924_101708_0002,pen2_orb_cam2_20250924_101708.jpg,1280,720,"[361.0,297.5,277.0,349.0]",1,0.8306
test_pen2_orb_cam2_20250924_101951_0004,pen2_orb_cam2_20250924_101951.jpg,1280,720,"[602.5,79.5,248.0,106.0]",0,0.8276
test_pen2_orb_cam2_20250924_102051_0005,pen2_orb_cam2_20250924_102051.jpg,1280,720,"[190.5,283.1,256.0,393.0]",0,0.809
test_pen2_orb_cam2_20250924_102152_0000,pen2_orb_cam2_20250924_102152.jpg,1280,720,"[374.5,297.0,265.0,346.0]",1,0.873
test_pen2_orb_cam2_20250924_102152_0003,pen2_orb_cam2_20250924_102152.jpg,1280,720,"[595.0,81.0,250.0,103.0]",4,0.7656
test_pen2_orb_cam2_20250924_102152_0005,pen2_orb_cam2_20250924_102152.jpg,1280,720,"[410.0,11.5,203.0,221.0]",3,0.777
test_pen2_orb_cam2_20250924_102252_0003,pen2_orb_cam2_20250924_102252.jpg,1280,720,"[590.5,81.0,254.0,104.0]",4,0.796
test_pen2_orb_cam2_20250924_102252_0006,pen2_orb_cam2_20250924_102252.jpg,1280,720,"[180.0,285.0,264.0,367.0]",0,0.8076
test_pen2_orb_cam2_20250924_102352_0003,pen2_orb_cam2_20250924_102352.jpg,1280,720,"[394.0,302.0,254.0,349.0]",1,0.8833
test_pen2_orb_cam2_20250924_102752_0000,pen2_orb_cam2_20250924_102752.jpg,1280,720,"[594.0,64.5,256.0,118.0]",4,0.737
test_pen2_orb_cam2_20250924_103455_0005,pen2_orb_cam2_20250924_103455.jpg,1280,720,"[415.0,165.5,291.0,178.0]",3,0.7993
test_pen2_orb_cam2_20250924_103555_0001,pen2_orb_cam2_20250924_103555.jpg,1280,720,"[404.5,148.5,318.0,205.0]",3,0.7837
test_pen2_orb_cam2_20250924_103655_0002,pen2_orb_cam2_20250924_103655.jpg,1280,720,"[295.5,393.0,254.0,325.0]",2,0.671
test_pen2_orb_cam2_20250924_105859_0003,pen2_orb_cam2_20250924_105859.jpg,1280,720,"[570.0,79.5,275.0,121.0]",1,0.873
test_pen2_orb_cam2_20250924_105859_0006,pen2_orb_cam2_20250924_105859.jpg,1280,720,"[300.0,236.0,193.0,252.0]",0,0.8438
test_pen2_orb_cam2_20250925_080002_0006,pen2_orb_cam2_20250925_080002.jpg,1280,720,"[558.0,235.0,310.0,146.0]",3,0.774
test_pen2_orb_cam2_20250925_080102_0002,pen2_orb_cam2_20250925_080102.jpg,1280,720,"[580.5,79.5,273.0,113.0]",1,0.878
test_pen2_orb_cam2_20250925_080202_0002,pen2_orb_cam2_20250925_080202.jpg,1280,720,"[579.0,79.5,277.0,112.0]",1,0.89
test_pen2_orb_cam2_20250925_080302_0003,pen2_orb_cam2_20250925_080302.jpg,1280,720,"[378.0,79.0,162.0,162.0]",4,0.7393
test_pen2_orb_cam2_20250925_080402_0003,pen2_orb_cam2_20250925_080402.jpg,1280,720,"[578.5,78.7,241.0,125.0]",1,0.8784
test_pen2_orb_cam2_20250925_080603_0003,pen2_orb_cam2_20250925_080603.jpg,1280,720,"[580.2,80.0,258.0,107.0]",1,0.854
test_pen2_orb_cam2_20250925_080803_0002,pen2_orb_cam2_20250925_080803.jpg,1280,720,"[588.5,115.5,172.0,284.0]",3,0.8
test_pen2_orb_cam2_20250925_080838_0000,pen2_orb_cam2_20250925_080838.jpg,1280,720,"[200.0,377.5,415.0,287.0]",3,0.781
test_pen2_orb_cam2_20250925_080838_0006,pen2_orb_cam2_20250925_080838.jpg,1280,720,"[374.0,254.5,182.0,192.0]",4,0.7754
test_pen2_orb_cam2_20250925_081158_0002,pen2_orb_cam2_20250925_081158.jpg,1280,720,"[599.0,83.0,227.0,138.0]",4,0.7793
test_pen2_orb_cam2_20250925_081258_0002,pen2_orb_cam2_20250925_081258.jpg,1280,720,"[603.5,83.0,223.0,140.0]",4,0.7354
test_pen2_orb_cam2_20250925_081602_0000,pen2_orb_cam2_20250925_081602.jpg,1280,720,"[659.5,392.5,396.0,310.0]",4,0.738
test_pen2_orb_cam2_20250925_081602_0005,pen2_orb_cam2_20250925_081602.jpg,1280,720,"[555.5,85.5,265.0,125.0]",1,0.874
test_pen2_orb_cam2_20250925_081655_0001,pen2_orb_cam2_20250925_081655.jpg,1280,720,"[557.0,85.5,263.0,127.0]",1,0.8677
test_pen2_orb_cam2_20250925_081842_0002,pen2_orb_cam2_20250925_081842.jpg,1280,720,"[557.5,85.5,259.0,118.0]",1,0.8696
test_pen2_orb_cam2_20250925_081948_0000,pen2_orb_cam2_20250925_081948.jpg,1280,720,"[653.5,387.5,387.0,281.0]",4,0.734
test_pen2_orb_cam2_20250925_082026_0000,pen2_orb_cam2_20250925_082026.jpg,1280,720,"[652.5,388.0,387.0,280.0]",4,0.748
test_pen2_orb_cam2_20250925_082126_0002,pen2_orb_cam2_20250925_082126.jpg,1280,720,"[563.5,85.5,248.0,119.0]",1,0.8354
test_pen2_orb_cam2_20250925_082228_0003,pen2_orb_cam2_20250925_082228.jpg,1280,720,"[563.0,85.5,248.0,119.0]",1,0.857
test_pen2_orb_cam2_20250925_082328_0003,pen2_orb_cam2_20250925_082328.jpg,1280,720,"[564.5,85.5,248.0,119.0]",1,0.846
test_pen2_orb_cam2_20250925_082429_0001,pen2_orb_cam2_20250925_082429.jpg,1280,720,"[556.5,85.5,262.0,137.0]",1,0.8906
test_pen2_orb_cam2_20250925_082529_0002,pen2_orb_cam2_20250925_082529.jpg,1280,720,"[566.5,85.5,253.0,137.0]",1,0.888
test_pen2_orb_cam2_20250925_082629_0001,pen2_orb_cam2_20250925_082629.jpg,1280,720,"[602.0,85.0,219.0,139.0]",4,0.7573
test_pen2_orb_cam2_20250925_082629_0004,pen2_orb_cam2_20250925_082629.jpg,1280,720,"[501.0,71.5,209.0,104.0]",4,0.758
test_pen2_orb_cam2_20250925_082729_0000,pen2_orb_cam2_20250925_082729.jpg,1280,720,"[280.5,323.5,294.0,395.0]",4,0.732
test_pen2_orb_cam2_20250925_082729_0007,pen2_orb_cam2_20250925_082729.jpg,1280,720,"[500.5,74.5,221.0,103.0]",4,0.737
test_pen2_orb_cam2_20250925_082926_0004,pen2_orb_cam2_20250925_082926.jpg,1280,720,"[567.0,70.5,220.0,230.0]",3,0.7715
test_pen2_orb_cam2_20250925_083027_0005,pen2_orb_cam2_20250925_083027.jpg,1280,720,"[501.0,79.0,167.0,100.0]",4,0.7456
test_pen2_orb_cam2_20250925_083227_0002,pen2_orb_cam2_20250925_083227.jpg,1280,720,"[616.5,41.0,247.0,152.0]",3,0.774
test_pen2_orb_cam2_20250925_083320_0003,pen2_orb_cam2_20250925_083320.jpg,1280,720,"[474.0,139.5,234.0,190.0]",3,0.7764
test_pen2_orb_cam2_20250925_083420_0004,pen2_orb_cam2_20250925_083420.jpg,1280,720,"[602.5,22.0,193.0,158.0]",2,0.857
test_pen2_orb_cam2_20250925_083520_0002,pen2_orb_cam2_20250925_083520.jpg,1280,720,"[419.0,88.0,109.0,192.0]",4,0.774
test_pen2_orb_cam2_20250925_083520_0005,pen2_orb_cam2_20250925_083520.jpg,1280,720,"[590.5,170.0,264.0,173.0]",3,0.7896
test_pen2_orb_cam2_20250925_083721_0002,pen2_orb_cam2_20250925_083721.jpg,1280,720,"[412.0,82.5,122.0,184.0]",4,0.786
test_pen2_orb_cam2_20250925_083921_0000,pen2_orb_cam2_20250925_083921.jpg,1280,720,"[506.0,362.5,358.0,355.0]",3,0.779
test_pen2_orb_cam2_20250925_084021_0000,pen2_orb_cam2_20250925_084021.jpg,1280,720,"[118.0,460.0,552.0,259.0]",3,0.7886
test_pen2_orb_cam2_20250925_084122_0005,pen2_orb_cam2_20250925_084122.jpg,1280,720,"[493.0,132.5,297.0,215.0]",3,0.776
test_pen2_orb_cam2_20250925_084222_0004,pen2_orb_cam2_20250925_084222.jpg,1280,720,"[394.0,2.0,180.0,179.0]",3,0.7705
test_pen2_orb_cam2_20250925_084259_0005,pen2_orb_cam2_20250925_084259.jpg,1280,720,"[488.0,121.5,241.0,147.0]",3,0.7886
test_pen2_orb_cam2_20250925_084459_0001,pen2_orb_cam2_20250925_084459.jpg,1280,720,"[341.5,302.0,316.0,384.0]",3,0.7705
test_pen2_orb_cam2_20250925_084459_0002,pen2_orb_cam2_20250925_084459.jpg,1280,720,"[629.5,50.5,250.0,153.0]",3,0.7964
test_pen2_orb_cam2_20250925_084459_0004,pen2_orb_cam2_20250925_084459.jpg,1280,720,"[382.0,69.0,125.0,190.0]",4,0.774
test_pen2_orb_cam2_20250925_084700_0000,pen2_orb_cam2_20250925_084700.jpg,1280,720,"[471.5,364.0,327.0,353.0]",3,0.773
test_pen2_orb_cam2_20250925_084700_0003,pen2_orb_cam2_20250925_084700.jpg,1280,720,"[531.0,127.5,184.0,227.0]",3,0.7803
test_pen2_orb_cam2_20250925_084829_0001,pen2_orb_cam2_20250925_084829.jpg,1280,720,"[606.0,106.5,225.0,199.0]",3,0.7793
test_pen2_orb_cam2_20250925_084829_0002,pen2_orb_cam2_20250925_084829.jpg,1280,720,"[384.5,70.0,124.0,197.0]",4,0.7666
test_pen2_orb_cam2_20250925_084929_0002,pen2_orb_cam2_20250925_084929.jpg,1280,720,"[383.5,70.0,125.0,198.0]",4,0.734
test_pen2_orb_cam2_20250925_085029_0003,pen2_orb_cam2_20250925_085029.jpg,1280,720,"[384.2,67.5,125.0,200.0]",4,0.7334
test_pen2_orb_cam2_20250925_085313_0004,pen2_orb_cam2_20250925_085313.jpg,1280,720,"[667.0,147.0,151.0,165.0]",4,0.753
test_pen2_orb_cam2_20250925_085341_0004,pen2_orb_cam2_20250925_085341.jpg,1280,720,"[667.0,147.0,154.0,150.0]",4,0.768
test_pen2_orb_cam2_20250925_085441_0004,pen2_orb_cam2_20250925_085441.jpg,1280,720,"[663.0,146.5,160.0,160.0]",4,0.781
test_pen2_orb_cam2_20250925_085559_0005,pen2_orb_cam2_20250925_085559.jpg,1280,720,"[663.0,146.5,158.0,184.0]",4,0.7427
test_pen2_orb_cam2_20250925_090041_0004,pen2_orb_cam2_20250925_090041.jpg,1280,720,"[504.2,81.5,256.0,111.0]",0,0.817
test_pen2_orb_cam2_20250925_090735_0005,pen2_orb_cam2_20250925_090735.jpg,1280,720,"[503.5,82.0,257.0,111.0]",0,0.82
test_pen2_orb_cam2_20250925_091046_0004,pen2_orb_cam2_20250925_091046.jpg,1280,720,"[629.5,145.5,192.0,157.0]",0,0.829
test_pen2_orb_cam2_20250925_091046_0005,pen2_orb_cam2_20250925_091046.jpg,1280,720,"[503.5,82.5,258.0,111.0]",0,0.8276
test_pen2_orb_cam2_20250925_091821_0003,pen2_orb_cam2_20250925_091821.jpg,1280,720,"[571.5,233.0,299.0,181.0]",3,0.7837
test_pen2_orb_cam2_20250925_091821_0005,pen2_orb_cam2_20250925_091821.jpg,1280,720,"[727.0,146.0,149.0,132.0]",0,0.862
test_pen2_orb_cam2_20250925_091921_0005,pen2_orb_cam2_20250925_091921.jpg,1280,720,"[720.5,147.5,155.0,137.0]",0,0.8696
test_pen2_orb_cam2_20250925_092021_0006,pen2_orb_cam2_20250925_092021.jpg,1280,720,"[728.5,147.5,150.0,137.0]",0,0.81
test_pen2_orb_cam2_20250925_092121_0003,pen2_orb_cam2_20250925_092121.jpg,1280,720,"[505.5,80.0,228.0,115.0]",0,0.8115
test_pen2_orb_cam2_20250925_092440_0003,pen2_orb_cam2_20250925_092440.jpg,1280,720,"[506.5,80.5,226.0,123.0]",0,0.8135
test_pen2_orb_cam2_20250925_092540_0003,pen2_orb_cam2_20250925_092540.jpg,1280,720,"[227.5,480.0,297.0,238.0]",4,0.7925
test_pen2_orb_cam2_20250925_092540_0005,pen2_orb_cam2_20250925_092540.jpg,1280,720,"[508.5,81.0,231.0,122.0]",0,0.815
test_pen2_orb_cam2_20250925_092641_0005,pen2_orb_cam2_20250925_092641.jpg,1280,720,"[510.0,80.0,231.0,125.0]",0,0.8223
test_pen2_orb_cam2_20250925_092740_0005,pen2_orb_cam2_20250925_092740.jpg,1280,720,"[509.0,80.0,231.0,126.0]",0,0.827
test_pen2_orb_cam2_20250925_092840_0005,pen2_orb_cam2_20250925_092840.jpg,1280,720,"[509.5,81.0,230.0,125.0]",0,0.8276
test_pen2_orb_cam2_20250925_092940_0000,pen2_orb_cam2_20250925_092940.jpg,1280,720,"[596.5,78.5,258.0,174.0]",0,0.843
test_pen2_orb_cam2_20250925_092940_0003,pen2_orb_cam2_20250925_092940.jpg,1280,720,"[504.0,81.0,237.0,122.0]",0,0.8213
test_pen2_orb_cam2_20250925_093141_0001,pen2_orb_cam2_20250925_093141.jpg,1280,720,"[602.0,79.0,252.0,177.0]",0,0.83
test_pen2_orb_cam2_20250925_093141_0002,pen2_orb_cam2_20250925_093141.jpg,1280,720,"[381.0,94.0,172.0,199.0]",1,0.8354
test_pen2_orb_cam2_20250925_093141_0004,pen2_orb_cam2_20250925_093141.jpg,1280,720,"[514.0,80.5,223.0,125.0]",0,0.838
test_pen2_orb_cam2_20250925_093342_0001,pen2_orb_cam2_20250925_093342.jpg,1280,720,"[246.5,463.5,219.0,254.0]",4,0.8096
test_pen2_orb_cam2_20250925_093342_0003,pen2_orb_cam2_20250925_093342.jpg,1280,720,"[514.5,80.0,221.0,128.0]",0,0.835
test_pen2_orb_cam2_20250925_093342_0006,pen2_orb_cam2_20250925_093342.jpg,1280,720,"[597.0,91.0,247.0,117.0]",0,0.812
test_pen2_orb_cam2_20250925_093542_0003,pen2_orb_cam2_20250925_093542.jpg,1280,720,"[235.0,468.5,229.0,249.0]",4,0.7754
test_pen2_orb_cam2_20250925_093542_0004,pen2_orb_cam2_20250925_093542.jpg,1280,720,"[515.0,81.5,220.0,125.0]",0,0.838
test_pen2_orb_cam2_20250925_093542_0006,pen2_orb_cam2_20250925_093542.jpg,1280,720,"[594.0,91.0,249.0,135.0]",0,0.8403
test_pen2_orb_cam2_20250925_093622_0002,pen2_orb_cam2_20250925_093622.jpg,1280,720,"[390.0,505.5,246.0,213.0]",4,0.7544
test_pen2_orb_cam2_20250925_093622_0003,pen2_orb_cam2_20250925_093622.jpg,1280,720,"[235.5,476.0,228.0,242.0]",4,0.7896
test_pen2_orb_cam2_20250925_093622_0004,pen2_orb_cam2_20250925_093622.jpg,1280,720,"[592.5,92.5,258.0,164.0]",0,0.8584
test_pen2_orb_cam2_20250925_093622_0005,pen2_orb_cam2_20250925_093622.jpg,1280,720,"[516.3,79.5,220.0,127.0]",0,0.837
test_pen2_orb_cam2_20250925_093723_0003,pen2_orb_cam2_20250925_093723.jpg,1280,720,"[515.5,80.5,220.0,125.0]",0,0.8438
test_pen2_orb_cam2_20250925_093723_0004,pen2_orb_cam2_20250925_093723.jpg,1280,720,"[593.5,93.0,255.0,164.0]",0,0.847
test_pen2_orb_cam2_20250925_093723_0005,pen2_orb_cam2_20250925_093723.jpg,1280,720,"[233.5,476.5,230.0,241.0]",4,0.8037
test_pen2_orb_cam2_20250925_093831_0002,pen2_orb_cam2_20250925_093831.jpg,1280,720,"[515.0,80.5,221.0,126.0]",0,0.838
test_pen2_orb_cam2_20250925_093933_0002,pen2_orb_cam2_20250925_093933.jpg,1280,720,"[216.0,480.0,253.0,238.0]",4,0.773
test_pen2_orb_cam2_20250925_093933_0004,pen2_orb_cam2_20250925_093933.jpg,1280,720,"[515.5,80.0,219.0,126.0]",0,0.8394
test_pen2_orb_cam2_20250925_093933_0005,pen2_orb_cam2_20250925_093933.jpg,1280,720,"[592.0,92.0,259.0,166.0]",0,0.851
test_pen2_orb_cam2_20250925_094034_0002,pen2_orb_cam2_20250925_094034.jpg,1280,720,"[591.5,93.5,260.0,132.0]",0,0.8506
test_pen2_orb_cam2_20250925_094034_0003,pen2_orb_cam2_20250925_094034.jpg,1280,720,"[215.0,475.0,260.0,243.0]",4,0.76
test_pen2_orb_cam2_20250925_094034_0006,pen2_orb_cam2_20250925_094034.jpg,1280,720,"[515.0,81.5,219.0,125.0]",0,0.839
test_pen2_orb_cam2_20250925_094123_0002,pen2_orb_cam2_20250925_094123.jpg,1280,720,"[589.7,96.5,264.0,163.0]",0,0.8433
test_pen2_orb_cam2_20250925_094123_0004,pen2_orb_cam2_20250925_094123.jpg,1280,720,"[516.5,82.0,219.0,125.0]",0,0.8525
test_pen2_orb_cam2_20250925_094123_0006,pen2_orb_cam2_20250925_094123.jpg,1280,720,"[229.5,479.2,244.0,239.0]",4,0.7944
test_pen2_orb_cam2_20250925_094223_0000,pen2_orb_cam2_20250925_094223.jpg,1280,720,"[245.5,467.0,220.0,251.0]",4,0.8076
test_pen2_orb_cam2_20250925_094223_0005,pen2_orb_cam2_20250925_094223.jpg,1280,720,"[512.5,80.5,222.0,127.0]",0,0.8433
test_pen2_orb_cam2_20250925_094323_0003,pen2_orb_cam2_20250925_094323.jpg,1280,720,"[517.0,80.0,230.0,127.0]",0,0.8364
test_pen2_orb_cam2_20250925_094524_0002,pen2_orb_cam2_20250925_094524.jpg,1280,720,"[681.5,46.0,191.0,180.0]",3,0.774
test_pen2_orb_cam2_20250925_094524_0004,pen2_orb_cam2_20250925_094524.jpg,1280,720,"[536.5,34.5,195.0,224.0]",2,0.6304
test_pen2_orb_cam2_20250925_094625_0002,pen2_orb_cam2_20250925_094625.jpg,1280,720,"[375.0,92.0,127.0,204.0]",4,0.7783
test_pen2_orb_cam2_20250925_094926_0005,pen2_orb_cam2_20250925_094926.jpg,1280,720,"[529.0,85.5,135.1,236.3]",3,0.8
test_pen2_orb_cam2_20250925_095034_0001,pen2_orb_cam2_20250925_095034.jpg,1280,720,"[356.0,297.5,179.0,254.0]",2,0.7627
test_pen2_orb_cam2_20250925_095034_0005,pen2_orb_cam2_20250925_095034.jpg,1280,720,"[650.9,50.0,217.6,179.2]",3,0.7886
test_pen2_orb_cam2_20250925_095134_0000,pen2_orb_cam2_20250925_095134.jpg,1280,720,"[289.0,295.5,208.0,260.0]",2,0.916
test_pen2_orb_cam2_20250925_095339_0004,pen2_orb_cam2_20250925_095339.jpg,1280,720,"[601.5,65.0,242.0,106.0]",4,0.8193
test_pen2_orb_cam2_20250925_095610_0004,pen2_orb_cam2_20250925_095610.jpg,1280,720,"[475.0,255.5,189.0,271.0]",3,0.796
test_pen2_orb_cam2_20250925_095710_0000,pen2_orb_cam2_20250925_095710.jpg,1280,720,"[574.0,343.0,316.0,266.0]",3,0.774
test_pen2_orb_cam2_20250925_095710_0003,pen2_orb_cam2_20250925_095710.jpg,1280,720,"[572.5,83.0,138.0,205.0]",3,0.776
test_pen2_orb_cam2_20250925_100216_0000,pen2_orb_cam2_20250925_100216.jpg,1280,720,"[400.0,300.5,375.0,289.0]",3,0.776
test_pen2_orb_cam2_20250925_100429_0004,pen2_orb_cam2_20250925_100429.jpg,1280,720,"[475.0,192.5,331.0,154.0]",3,0.787
test_pen2_orb_cam2_20250925_100429_0005,pen2_orb_cam2_20250925_100429.jpg,1280,720,"[674.5,54.0,186.0,156.0]",3,0.783
test_pen2_orb_cam2_20250925_100722_0002,pen2_orb_cam2_20250925_100722.jpg,1280,720,"[209.0,360.0,234.0,340.0]",2,0.623
test_pen2_orb_cam2_20250925_100722_0003,pen2_orb_cam2_20250925_100722.jpg,1280,720,"[459.5,81.5,264.0,169.0]",3,0.804
test_pen2_orb_cam2_20250925_100823_0004,pen2_orb_cam2_20250925_100823.jpg,1280,720,"[519.5,239.0,328.0,173.0]",3,0.7993
test_pen2_orb_cam2_20250925_100823_0006,pen2_orb_cam2_20250925_100823.jpg,1280,720,"[568.5,67.5,186.0,130.0]",2,0.709
test_pen2_orb_cam2_20250925_100823_0007,pen2_orb_cam2_20250925_100823.jpg,1280,720,"[733.5,116.5,148.0,199.0]",0,0.831
test_pen2_orb_cam2_20250925_100924_0003,pen2_orb_cam2_20250925_100924.jpg,1280,720,"[328.5,119.5,271.0,230.0]",3,0.7754
test_pen2_orb_cam2_20250925_100924_0004,pen2_orb_cam2_20250925_100924.jpg,1280,720,"[470.0,447.0,196.0,271.0]",4,0.7534
test_pen2_orb_cam2_20250925_101227_0002,pen2_orb_cam2_20250925_101227.jpg,1280,720,"[342.5,510.0,297.0,208.0]",1,0.8594
test_pen2_orb_cam2_20250925_101227_0003,pen2_orb_cam2_20250925_101227.jpg,1280,720,"[351.5,163.5,278.0,196.0]",1,0.8794
test_pen2_orb_cam2_20250925_101227_0006,pen2_orb_cam2_20250925_101227.jpg,1280,720,"[739.5,116.0,139.0,197.0]",0,0.8257
test_pen2_orb_cam2_20250925_101328_0001,pen2_orb_cam2_20250925_101328.jpg,1280,720,"[338.0,506.5,297.0,212.0]",1,0.841
test_pen2_orb_cam2_20250925_101328_0004,pen2_orb_cam2_20250925_101328.jpg,1280,720,"[584.0,109.5,118.0,230.0]",3,0.794
test_pen2_orb_cam2_20250925_101328_0006,pen2_orb_cam2_20250925_101328.jpg,1280,720,"[737.0,117.0,143.0,198.0]",0,0.838
test_pen2_orb_cam2_20250925_101430_0005,pen2_orb_cam2_20250925_101430.jpg,1280,720,"[353.5,164.0,267.0,189.0]",1,0.846
test_pen2_orb_cam2_20250925_101537_0002,pen2_orb_cam2_20250925_101537.jpg,1280,720,"[351.0,164.0,265.0,181.0]",1,0.8794
test_pen2_orb_cam2_20250925_101537_0005,pen2_orb_cam2_20250925_101537.jpg,1280,720,"[729.5,119.5,150.0,182.0]",0,0.8486
test_pen2_orb_cam2_20250925_101618_0004,pen2_orb_cam2_20250925_101618.jpg,1280,720,"[351.0,164.0,265.0,182.0]",1,0.885
test_pen2_orb_cam2_20250925_101718_0004,pen2_orb_cam2_20250925_101718.jpg,1280,720,"[350.5,164.0,266.0,183.0]",1,0.887
test_pen2_orb_cam2_20250925_101819_0003,pen2_orb_cam2_20250925_101819.jpg,1280,720,"[481.0,95.0,208.0,224.0]",3,0.7803
test_pen2_orb_cam2_20250925_101935_0003,pen2_orb_cam2_20250925_101935.jpg,1280,720,"[451.0,114.5,273.0,218.0]",3,0.79
test_pen2_orb_cam2_20250925_101935_0006,pen2_orb_cam2_20250925_101935.jpg,1280,720,"[732.0,118.5,148.0,178.0]",0,0.8257
test_pen2_orb_cam2_20250925_102035_0005,pen2_orb_cam2_20250925_102035.jpg,1280,720,"[353.5,164.5,252.0,166.0]",1,0.828
test_pen2_orb_cam2_20250925_102103_0003,pen2_orb_cam2_20250925_102103.jpg,1280,720,"[352.5,164.0,269.0,170.0]",1,0.8755
test_pen2_orb_cam2_20250925_102304_0001,pen2_orb_cam2_20250925_102304.jpg,1280,720,"[581.5,338.0,307.0,237.0]",3,0.779
test_pen2_orb_cam2_20250925_102404_0004,pen2_orb_cam2_20250925_102404.jpg,1280,720,"[377.5,78.5,184.0,193.0]",1,0.8384
test_pen2_orb_cam2_20250925_102404_0006,pen2_orb_cam2_20250925_102404.jpg,1280,720,"[584.0,165.5,270.0,192.0]",3,0.79
test_pen2_orb_cam2_20250925_102505_0002,pen2_orb_cam2_20250925_102505.jpg,1280,720,"[548.8,24.0,241.0,144.0]",2,0.734
test_pen2_orb_cam2_20250925_102816_0000,pen2_orb_cam2_20250925_102816.jpg,1280,720,"[530.0,565.5,445.0,153.0]",1,0.843
test_pen2_orb_cam2_20250925_102816_0002,pen2_orb_cam2_20250925_102816.jpg,1280,720,"[380.5,79.5,179.0,194.0]",1,0.8276
test_pen2_orb_cam2_20250925_103502_0000,pen2_orb_cam2_20250925_103502.jpg,1280,720,"[526.5,554.7,447.0,164.0]",1,0.835
test_pen2_orb_cam2_20250925_103502_0004,pen2_orb_cam2_20250925_103502.jpg,1280,720,"[301.0,315.5,399.0,219.0]",3,0.8013
test_pen2_orb_cam2_20250925_103858_0004,pen2_orb_cam2_20250925_103858.jpg,1280,720,"[350.0,154.5,293.0,168.0]",1,0.8447
test_pen2_orb_cam2_20250925_104041_0005,pen2_orb_cam2_20250925_104041.jpg,1280,720,"[343.0,162.0,295.0,195.0]",1,0.8535
test_pen2_orb_cam2_20250925_104141_0003,pen2_orb_cam2_20250925_104141.jpg,1280,720,"[343.0,162.5,263.0,176.0]",1,0.8623
test_pen2_orb_cam2_20250925_104141_0005,pen2_orb_cam2_20250925_104141.jpg,1280,720,"[378.5,79.5,184.0,158.0]",1,0.843
test_pen2_orb_cam2_20250925_104542_0003,pen2_orb_cam2_20250925_104542.jpg,1280,720,"[586.0,81.0,261.0,119.0]",0,0.8936
test_pen2_orb_cam2_20250925_104542_0006,pen2_orb_cam2_20250925_104542.jpg,1280,720,"[378.5,81.0,192.0,165.0]",1,0.8384
test_pen2_orb_cam2_20250925_104700_0003,pen2_orb_cam2_20250925_104700.jpg,1280,720,"[586.5,81.5,259.0,120.0]",0,0.8906
test_pen2_orb_cam2_20250925_104700_0005,pen2_orb_cam2_20250925_104700.jpg,1280,720,"[379.0,80.5,187.0,162.0]",1,0.862
test_pen2_orb_cam2_20250925_104700_0006,pen2_orb_cam2_20250925_104700.jpg,1280,720,"[351.5,163.5,258.0,181.0]",1,0.8413
test_pen2_orb_cam2_20250925_104919_0002,pen2_orb_cam2_20250925_104919.jpg,1280,720,"[346.5,165.5,293.0,163.0]",1,0.869
test_pen2_orb_cam2_20250925_104919_0003,pen2_orb_cam2_20250925_104919.jpg,1280,720,"[588.5,82.5,257.0,118.0]",0,0.8877
test_pen2_orb_cam2_20250925_104919_0006,pen2_orb_cam2_20250925_104919.jpg,1280,720,"[379.5,81.0,186.0,157.0]",1,0.8516
test_pen2_orb_cam2_20250925_105318_0004,pen2_orb_cam2_20250925_105318.jpg,1280,720,"[345.0,165.5,295.0,170.0]",1,0.865
test_pen2_orb_cam2_20250925_105318_0005,pen2_orb_cam2_20250925_105318.jpg,1280,720,"[590.5,83.5,251.0,120.0]",0,0.8994
test_pen2_orb_cam2_20250925_105318_0006,pen2_orb_cam2_20250925_105318.jpg,1280,720,"[381.5,80.5,185.0,159.0]",1,0.829
test_pen2_orb_cam2_20250925_105339_0004,pen2_orb_cam2_20250925_105339.jpg,1280,720,"[591.0,84.5,248.0,119.0]",0,0.895
test_pen2_orb_cam2_20250925_105339_0005,pen2_orb_cam2_20250925_105339.jpg,1280,720,"[348.0,165.0,291.0,172.0]",1,0.8696
test_pen2_orb_cam2_20250925_105339_0006,pen2_orb_cam2_20250925_105339.jpg,1280,720,"[381.0,80.5,186.0,158.0]",1,0.86
test_pen2_orb_cam2_20250925_105610_0004,pen2_orb_cam2_20250925_105610.jpg,1280,720,"[344.5,166.0,293.0,171.0]",1,0.8696
test_pen2_orb_cam2_20250925_105610_0005,pen2_orb_cam2_20250925_105610.jpg,1280,720,"[592.5,85.0,251.0,118.0]",0,0.884
test_pen2_orb_cam2_20250925_105610_0006,pen2_orb_cam2_20250925_105610.jpg,1280,720,"[380.5,80.0,185.0,162.0]",1,0.8496
test_pen2_orb_cam2_20250925_105751_0004,pen2_orb_cam2_20250925_105751.jpg,1280,720,"[590.0,83.0,259.0,120.0]",0,0.8955
test_pen2_orb_cam2_20250925_105751_0005,pen2_orb_cam2_20250925_105751.jpg,1280,720,"[380.0,80.5,185.0,162.0]",1,0.8457
test_pen2_orb_cam2_20250925_105751_0006,pen2_orb_cam2_20250925_105751.jpg,1280,720,"[343.5,165.5,294.0,172.0]",1,0.877
test_pen2_orb_cam2_20250925_105908_0004,pen2_orb_cam2_20250925_105908.jpg,1280,720,"[353.5,164.5,288.0,167.0]",1,0.8623
test_pen2_orb_cam2_20250925_105908_0005,pen2_orb_cam2_20250925_105908.jpg,1280,720,"[592.0,83.5,251.0,119.0]",0,0.899
test_pen2_orb_cam2_20250925_105908_0006,pen2_orb_cam2_20250925_105908.jpg,1280,720,"[380.0,80.0,185.0,149.0]",1,0.8403
test_pen2_tur_cam2_20250920_174621_0007,pen2_tur_cam2_20250920_174621.jpg,1280,720,"[1044.5,299.0,98.0,196.0]",3,0.7725
test_pen2_tur_cam2_20250921_050040_0005,pen2_tur_cam2_20250921_050040.jpg,1280,720,"[603.5,32.5,273.0,216.0]",0,0.885
test_pen2_tur_cam2_20250921_051614_0006,pen2_tur_cam2_20250921_051614.jpg,1280,720,"[275.0,172.0,238.0,386.0]",2,0.7393
test_pen2_tur_cam2_20250921_053347_0005,pen2_tur_cam2_20250921_053347.jpg,1280,720,"[681.0,37.5,251.0,144.0]",4,0.773
test_pen2_tur_cam2_20250921_054720_0003,pen2_tur_cam2_20250921_054720.jpg,1280,720,"[442.5,476.5,309.0,224.0]",0,0.8174
test_pen2_tur_cam2_20250921_054920_0003,pen2_tur_cam2_20250921_054920.jpg,1280,720,"[620.5,31.0,302.0,192.0]",0,0.864
test_pen2_tur_cam2_20250921_054920_0005,pen2_tur_cam2_20250921_054920.jpg,1280,720,"[603.0,432.0,271.0,199.0]",2,0.6963
test_pen2_tur_cam2_20250921_055120_0008,pen2_tur_cam2_20250921_055120.jpg,1280,720,"[910.0,79.5,158.0,163.0]",1,0.825
test_pen2_tur_cam2_20250921_055431_0006,pen2_tur_cam2_20250921_055431.jpg,1280,720,"[905.5,80.5,160.0,162.0]",1,0.8486
test_pen2_tur_cam2_20250921_055631_0008,pen2_tur_cam2_20250921_055631.jpg,1280,720,"[903.0,82.5,161.0,161.0]",1,0.8486
test_pen2_tur_cam2_20250921_061515_0008,pen2_tur_cam2_20250921_061515.jpg,1280,720,"[911.0,79.0,156.0,152.0]",1,0.8257
test_pen2_tur_cam2_20250921_062026_0006,pen2_tur_cam2_20250921_062026.jpg,1280,720,"[880.0,73.7,186.0,147.0]",1,0.8223
test_pen2_tur_cam2_20250921_063600_0008,pen2_tur_cam2_20250921_063600.jpg,1280,720,"[997.5,334.0,114.0,151.0]",3,0.776
test_pen2_tur_cam2_20250921_064933_0001,pen2_tur_cam2_20250921_064933.jpg,1280,720,"[213.5,5.0,234.0,394.0]",2,0.696
test_pen2_tur_cam2_20250921_070355_0004,pen2_tur_cam2_20250921_070355.jpg,1280,720,"[793.5,133.5,187.0,135.0]",2,0.7676
test_pen2_tur_cam2_20250921_072239_0003,pen2_tur_cam2_20250921_072239.jpg,1280,720,"[513.0,15.0,358.0,242.0]",2,0.706
test_pen2_tur_cam2_20250921_073102_0004,pen2_tur_cam2_20250921_073102.jpg,1280,720,"[478.5,0.5,221.0,355.0]",2,0.797
test_pen2_tur_cam2_20250921_073102_0008,pen2_tur_cam2_20250921_073102.jpg,1280,720,"[935.5,355.5,152.0,178.0]",3,0.7847
test_pen2_tur_cam2_20250921_073102_0009,pen2_tur_cam2_20250921_073102.jpg,1280,720,"[1017.0,322.0,126.0,201.0]",3,0.7803
test_pen2_tur_cam2_20250921_083026_0002,pen2_tur_cam2_20250921_083026.jpg,1280,720,"[603.0,20.0,306.0,148.0]",4,0.742
test_pen2_tur_cam2_20250921_083128_0003,pen2_tur_cam2_20250921_083128.jpg,1280,720,"[429.0,338.0,375.0,220.0]",2,0.7866
test_pen2_tur_cam2_20250921_083528_0008,pen2_tur_cam2_20250921_083528.jpg,1280,720,"[851.5,65.5,186.0,100.0]",4,0.7603
test_pen2_tur_cam2_20250921_083629_0004,pen2_tur_cam2_20250921_083629.jpg,1280,720,"[844.0,66.5,202.0,98.0]",4,0.7344
test_pen2_tur_cam2_20250921_083629_0008,pen2_tur_cam2_20250921_083629.jpg,1280,720,"[1046.5,171.0,107.0,232.0]",3,0.782
test_pen2_tur_cam2_20250921_083829_0000,pen2_tur_cam2_20250921_083829.jpg,1280,720,"[405.5,1.0,395.0,147.0]",4,0.7603
test_pen2_tur_cam2_20250921_083829_0006,pen2_tur_cam2_20250921_083829.jpg,1280,720,"[803.5,63.0,220.0,120.0]",4,0.76
test_pen2_tur_cam2_20250921_084632_0001,pen2_tur_cam2_20250921_084632.jpg,1280,720,"[367.0,4.0,381.0,174.0]",4,0.7705
test_pen2_tur_cam2_20250921_092341_0005,pen2_tur_cam2_20250921_092341.jpg,1280,720,"[341.5,11.0,391.0,219.0]",0,0.88
test_pen2_tur_cam2_20250921_092341_0008,pen2_tur_cam2_20250921_092341.jpg,1280,720,"[1046.5,294.5,100.0,203.0]",3,0.791
test_pen2_tur_cam2_20250921_092541_0003,pen2_tur_cam2_20250921_092541.jpg,1280,720,"[907.0,154.0,148.0,248.0]",3,0.7725
test_pen2_tur_cam2_20250921_092541_0008,pen2_tur_cam2_20250921_092541.jpg,1280,720,"[1049.0,132.5,90.0,224.0]",3,0.776
test_pen2_tur_cam2_20250921_092643_0006,pen2_tur_cam2_20250921_092643.jpg,1280,720,"[1009.5,152.7,143.0,170.0]",3,0.7847
test_pen2_tur_cam2_20250921_092843_0003,pen2_tur_cam2_20250921_092843.jpg,1280,720,"[244.5,0.0,424.0,183.0]",2,0.856
test_pen2_tur_cam2_20250921_092843_0006,pen2_tur_cam2_20250921_092843.jpg,1280,720,"[891.0,299.0,161.0,234.0]",3,0.7812
test_pen2_tur_cam2_20250921_092843_0009,pen2_tur_cam2_20250921_092843.jpg,1280,720,"[1054.5,284.5,91.0,214.0]",3,0.771
test_pen2_tur_cam2_20250921_093846_0008,pen2_tur_cam2_20250921_093846.jpg,1280,720,"[926.0,399.5,122.0,131.0]",0,0.8755
test_pen2_tur_cam2_20250922_114516_0003,pen2_tur_cam2_20250922_114516.jpg,1280,720,"[743.5,118.5,229.0,198.0]",1,0.835
test_pen2_tur_cam2_20250922_114516_0004,pen2_tur_cam2_20250922_114516.jpg,1280,720,"[591.0,24.5,299.0,213.0]",0,0.8286
test_pen2_tur_cam2_20250922_114516_0008,pen2_tur_cam2_20250922_114516.jpg,1280,720,"[416.0,499.5,361.0,174.0]",1,0.8716
test_pen2_tur_cam2_20250922_120421_0003,pen2_tur_cam2_20250922_120421.jpg,1280,720,"[445.5,16.5,435.0,191.0]",2,0.7144
test_pen2_tur_cam2_20250922_121224_0001,pen2_tur_cam2_20250922_121224.jpg,1280,720,"[671.0,27.0,271.0,152.0]",4,0.773
test_pen2_tur_cam2_20250922_125034_0006,pen2_tur_cam2_20250922_125034.jpg,1280,720,"[958.0,120.0,139.0,132.0]",2,0.7715
test_pen2_tur_cam2_20250922_125034_0007,pen2_tur_cam2_20250922_125034.jpg,1280,720,"[1028.0,261.5,71.0,210.0]",4,0.742
test_pen2_tur_cam2_20250922_125234_0004,pen2_tur_cam2_20250922_125234.jpg,1280,720,"[199.5,244.0,189.0,445.0]",2,0.851
test_pen2_tur_cam2_20250922_125234_0009,pen2_tur_cam2_20250922_125234.jpg,1280,720,"[1069.0,297.0,83.0,144.0]",2,0.765
test_pen2_tur_cam2_20250922_125434_0004,pen2_tur_cam2_20250922_125434.jpg,1280,720,"[877.0,79.0,187.0,118.0]",4,0.7505
test_pen2_tur_cam2_20250922_125536_0005,pen2_tur_cam2_20250922_125536.jpg,1280,720,"[881.0,75.5,180.0,118.0]",4,0.7495
test_pen2_tur_cam2_20250922_125936_0005,pen2_tur_cam2_20250922_125936.jpg,1280,720,"[913.0,73.5,144.0,117.0]",4,0.748
test_pen2_tur_cam2_20250922_130237_0006,pen2_tur_cam2_20250922_130237.jpg,1280,720,"[886.0,102.5,171.0,132.0]",2,0.825
test_pen2_tur_cam2_20250922_130437_0005,pen2_tur_cam2_20250922_130437.jpg,1280,720,"[903.0,101.5,157.0,108.0]",2,0.6616
test_pen2_tur_cam2_20250922_130437_0008,pen2_tur_cam2_20250922_130437.jpg,1280,720,"[995.5,346.0,89.0,181.0]",2,0.667
test_pen2_tur_cam2_20250922_130539_0001,pen2_tur_cam2_20250922_130539.jpg,1280,720,"[183.5,76.5,384.0,307.0]",2,0.7573
test_pen2_tur_cam2_20250922_130739_0002,pen2_tur_cam2_20250922_130739.jpg,1280,720,"[588.0,22.5,338.0,186.0]",2,0.703
test_pen2_tur_cam2_20250922_131240_0001,pen2_tur_cam2_20250922_131240.jpg,1280,720,"[546.0,18.0,329.0,151.0]",4,0.751
test_pen2_tur_cam2_20250922_131240_0006,pen2_tur_cam2_20250922_131240.jpg,1280,720,"[943.5,88.0,142.0,110.0]",4,0.749
test_pen2_tur_cam2_20250922_131240_0007,pen2_tur_cam2_20250922_131240.jpg,1280,720,"[1030.5,264.5,78.0,208.0]",4,0.7544
test_pen2_tur_cam2_20250922_132744_0003,pen2_tur_cam2_20250922_132744.jpg,1280,720,"[886.0,116.0,147.0,174.0]",2,0.882
test_pen2_tur_cam2_20250922_132744_0005,pen2_tur_cam2_20250922_132744.jpg,1280,720,"[552.0,18.5,327.0,151.0]",4,0.752
test_pen2_tur_cam2_20250922_132944_0006,pen2_tur_cam2_20250922_132944.jpg,1280,720,"[835.0,58.5,181.0,144.0]",4,0.742
test_pen2_tur_cam2_20250922_140517_0004,pen2_tur_cam2_20250922_140517.jpg,1280,720,"[835.5,190.0,142.0,294.0]",2,0.6826
test_pen2_tur_cam2_20250922_140517_0006,pen2_tur_cam2_20250922_140517.jpg,1280,720,"[919.0,387.0,137.0,138.0]",0,0.891
test_pen2_tur_cam2_20250922_141256_0003,pen2_tur_cam2_20250922_141256.jpg,1280,720,"[191.5,190.0,210.0,449.0]",2,0.706
test_pen2_tur_cam2_20250922_141256_0009,pen2_tur_cam2_20250922_141256.jpg,1280,720,"[970.0,122.0,133.0,139.0]",2,0.792
test_pen2_tur_cam2_20250922_142458_0001,pen2_tur_cam2_20250922_142458.jpg,1280,720,"[306.0,531.5,403.0,164.0]",1,0.8467
test_pen2_tur_cam2_20250922_142458_0005,pen2_tur_cam2_20250922_142458.jpg,1280,720,"[956.5,182.5,146.0,224.0]",2,0.848
test_pen2_tur_cam2_20250922_142759_0002,pen2_tur_cam2_20250922_142759.jpg,1280,720,"[291.0,521.5,421.0,173.0]",1,0.846
test_pen2_tur_cam2_20250922_143802_0005,pen2_tur_cam2_20250922_143802.jpg,1280,720,"[643.5,29.0,295.0,195.0]",0,0.8203
test_pen2_tur_cam2_20250922_144804_0001,pen2_tur_cam2_20250922_144804.jpg,1280,720,"[182.0,1.5,280.0,402.0]",2,0.8887
test_pen2_tur_cam2_20250922_145507_0002,pen2_tur_cam2_20250922_145507.jpg,1280,720,"[356.0,524.0,391.0,163.0]",1,0.8467
test_pen2_tur_cam2_20250922_145808_0003,pen2_tur_cam2_20250922_145808.jpg,1280,720,"[370.0,493.0,358.0,199.0]",1,0.837
test_pen2_tur_cam2_20250922_150109_0001,pen2_tur_cam2_20250922_150109.jpg,1280,720,"[361.5,487.5,380.0,203.0]",1,0.8467
test_pen2_tur_cam2_20250922_150810_0004,pen2_tur_cam2_20250922_150810.jpg,1280,720,"[390.0,2.0,387.0,206.0]",0,0.8306
test_pen2_tur_cam2_20250922_150810_0005,pen2_tur_cam2_20250922_150810.jpg,1280,720,"[727.0,45.5,243.0,164.0]",1,0.8228
test_pen2_tur_cam2_20250922_172346_0007,pen2_tur_cam2_20250922_172346.jpg,1280,720,"[723.5,30.0,238.0,214.0]",1,0.859
test_pen2_tur_cam2_20250923_061227_0000,pen2_tur_cam2_20250923_061227.jpg,1280,720,"[437.5,30.5,359.0,282.0]",0,0.805
test_pen2_tur_cam2_20250923_071442_0005,pen2_tur_cam2_20250923_071442.jpg,1280,720,"[713.5,51.5,223.2,175.0]",2,0.9287
test_pen2_tur_cam2_20250923_072445_0007,pen2_tur_cam2_20250923_072445.jpg,1280,720,"[191.5,195.5,173.0,347.0]",2,0.804
test_pen2_tur_cam2_20250923_072746_0005,pen2_tur_cam2_20250923_072746.jpg,1280,720,"[843.0,282.5,134.0,257.0]",3,0.773
test_pen2_tur_cam2_20250923_073448_0001,pen2_tur_cam2_20250923_073448.jpg,1280,720,"[641.5,27.5,270.0,137.0]",4,0.7373
test_pen2_tur_cam2_20250923_073549_0002,pen2_tur_cam2_20250923_073549.jpg,1280,720,"[604.0,28.0,306.0,137.0]",4,0.741
test_pen2_tur_cam2_20250923_073549_0003,pen2_tur_cam2_20250923_073549.jpg,1280,720,"[403.5,442.5,375.0,258.0]",2,0.7524
test_pen2_tur_cam2_20250923_073749_0001,pen2_tur_cam2_20250923_073749.jpg,1280,720,"[279.5,4.0,388.0,161.0]",4,0.778
test_pen2_tur_cam2_20250923_073749_0008,pen2_tur_cam2_20250923_073749.jpg,1280,720,"[999.0,324.0,145.0,175.0]",3,0.786
test_pen2_tur_cam2_20250923_075052_0002,pen2_tur_cam2_20250923_075052.jpg,1280,720,"[416.0,473.5,347.0,192.0]",1,0.8438
test_pen2_tur_cam2_20250923_075052_0004,pen2_tur_cam2_20250923_075052.jpg,1280,720,"[189.5,40.5,216.0,433.0]",2,0.8115
test_pen2_tur_cam2_20250923_075052_0006,pen2_tur_cam2_20250923_075052.jpg,1280,720,"[298.5,5.5,397.0,143.0]",4,0.7505
test_pen2_tur_cam2_20250923_075252_0008,pen2_tur_cam2_20250923_075252.jpg,1280,720,"[988.8,96.6,106.0,86.9]",4,0.7666
test_pen2_tur_cam2_20250923_075452_0009,pen2_tur_cam2_20250923_075452.jpg,1280,720,"[917.0,150.5,166.0,125.0]",1,0.8315
test_pen2_tur_cam2_20250923_093521_0006,pen2_tur_cam2_20250923_093521.jpg,1280,720,"[743.0,48.5,205.0,125.0]",4,0.7456
test_pen2_tur_cam2_20250923_094021_0009,pen2_tur_cam2_20250923_094021.jpg,1280,720,"[933.0,394.5,121.0,131.0]",0,0.8413
test_pen2_tur_cam2_20250923_094122_0002,pen2_tur_cam2_20250923_094122.jpg,1280,720,"[481.8,461.5,252.0,257.0]",2,0.8623
test_pen2_tur_cam2_20250923_094122_0009,pen2_tur_cam2_20250923_094122.jpg,1280,720,"[944.5,396.5,110.0,134.0]",0,0.854
test_pen2_tur_cam2_20250923_094824_0006,pen2_tur_cam2_20250923_094824.jpg,1280,720,"[450.0,538.5,326.0,180.0]",2,0.6826
test_pen2_tur_cam2_20250923_103536_0002,pen2_tur_cam2_20250923_103536.jpg,1280,720,"[448.5,375.5,338.0,250.0]",0,0.8223
test_pen2_tur_cam2_20250923_104140_0005,pen2_tur_cam2_20250923_104140.jpg,1280,720,"[374.0,8.5,415.0,226.0]",0,0.823
test_pen2_tur_cam2_20250923_105041_0009,pen2_tur_cam2_20250923_105041.jpg,1280,720,"[900.5,283.5,123.0,235.0]",2,0.6997
test_pen2_tur_cam2_20250923_105341_0009,pen2_tur_cam2_20250923_105341.jpg,1280,720,"[1029.5,274.0,119.0,209.0]",3,0.779
test_pen2_tur_cam2_20250923_105542_0009,pen2_tur_cam2_20250923_105542.jpg,1280,720,"[1028.0,303.5,116.0,188.0]",3,0.779
test_pen2_tur_cam2_20250923_110846_0009,pen2_tur_cam2_20250923_110846.jpg,1280,720,"[929.0,399.5,120.0,126.0]",0,0.8174
test_pen2_tur_cam2_20250923_112852_0009,pen2_tur_cam2_20250923_112852.jpg,1280,720,"[939.0,381.0,112.0,148.0]",0,0.8594
test_pen2_tur_cam2_20250923_113052_0004,pen2_tur_cam2_20250923_113052.jpg,1280,720,"[685.5,24.5,250.0,164.0]",2,0.7075
test_pen2_tur_cam2_20250923_113052_0009,pen2_tur_cam2_20250923_113052.jpg,1280,720,"[931.0,368.5,119.0,162.0]",0,0.8325
test_pen2_tur_cam2_20250923_113553_0008,pen2_tur_cam2_20250923_113553.jpg,1280,720,"[902.5,377.5,145.0,151.0]",0,0.8413
test_pen2_tur_cam2_20250923_114657_0009,pen2_tur_cam2_20250923_114657.jpg,1280,720,"[926.5,378.0,122.0,149.0]",0,0.87
test_pen2_tur_cam2_20250923_120401_0004,pen2_tur_cam2_20250923_120401.jpg,1280,720,"[702.0,26.0,213.0,146.0]",2,0.8022
test_pen2_tur_cam2_20250923_124110_0008,pen2_tur_cam2_20250923_124110.jpg,1280,720,"[567.5,13.5,322.0,177.0]",1,0.8823
test_pen2_tur_cam2_20250923_124212_0004,pen2_tur_cam2_20250923_124212.jpg,1280,720,"[569.0,12.5,317.0,185.0]",1,0.8857
test_pen2_tur_cam2_20250923_124412_0003,pen2_tur_cam2_20250923_124412.jpg,1280,720,"[570.0,12.5,317.0,175.0]",1,0.87
test_pen2_tur_cam2_20250923_124713_0003,pen2_tur_cam2_20250923_124713.jpg,1280,720,"[571.0,12.5,317.0,189.0]",1,0.874
test_pen2_tur_cam2_20250923_125113_0002,pen2_tur_cam2_20250923_125113.jpg,1280,720,"[566.0,13.2,318.0,206.0]",1,0.8745
test_pen2_tur_cam2_20250923_125113_0007,pen2_tur_cam2_20250923_125113.jpg,1280,720,"[787.5,155.5,199.0,255.0]",2,0.622
test_pen2_tur_cam2_20250923_125615_0003,pen2_tur_cam2_20250923_125615.jpg,1280,720,"[207.0,5.0,426.0,258.0]",0,0.829
test_pen2_tur_cam2_20250923_130116_0000,pen2_tur_cam2_20250923_130116.jpg,1280,720,"[379.5,220.5,315.0,333.0]",2,0.7676
test_pen2_tur_cam2_20250923_130116_0004,pen2_tur_cam2_20250923_130116.jpg,1280,720,"[229.5,28.5,328.0,300.0]",2,0.8037
test_pen2_tur_cam2_20250923_130617_0007,pen2_tur_cam2_20250923_130617.jpg,1280,720,"[978.0,231.5,115.0,259.0]",3,0.7744
test_pen2_tur_cam2_20250923_131119_0007,pen2_tur_cam2_20250923_131119.jpg,1280,720,"[873.5,74.0,185.0,116.0]",4,0.742
test_pen2_tur_cam2_20250923_132622_0003,pen2_tur_cam2_20250923_132622.jpg,1280,720,"[822.5,155.0,201.0,107.0]",4,0.7495
test_pen2_tur_cam2_20250923_132724_0009,pen2_tur_cam2_20250923_132724.jpg,1280,720,"[950.0,195.5,151.0,157.0]",3,0.782
test_pen2_tur_cam2_20250923_134429_0006,pen2_tur_cam2_20250923_134429.jpg,1280,720,"[892.0,76.0,162.0,144.0]",1,0.8535
test_pen2_tur_cam2_20250923_134629_0006,pen2_tur_cam2_20250923_134629.jpg,1280,720,"[889.0,75.5,164.0,168.0]",1,0.8584
test_pen2_tur_cam2_20250923_135630_0004,pen2_tur_cam2_20250923_135630.jpg,1280,720,"[885.2,75.7,165.0,167.0]",1,0.8403
test_pen2_tur_cam2_20250923_135630_0005,pen2_tur_cam2_20250923_135630.jpg,1280,720,"[729.5,145.5,253.0,172.0]",0,0.833
test_pen2_tur_cam2_20250923_141636_0003,pen2_tur_cam2_20250923_141636.jpg,1280,720,"[211.0,364.5,189.0,354.0]",2,0.684
test_pen2_tur_cam2_20250923_141938_0005,pen2_tur_cam2_20250923_141938.jpg,1280,720,"[503.0,481.0,266.0,167.0]",1,0.843
test_pen2_tur_cam2_20250923_142138_0009,pen2_tur_cam2_20250923_142138.jpg,1280,720,"[934.0,443.5,107.0,118.0]",2,0.6816
test_pen2_tur_cam2_20250923_142239_0009,pen2_tur_cam2_20250923_142239.jpg,1280,720,"[917.0,428.0,118.0,101.0]",2,0.6226
test_pen2_tur_cam2_20250923_152456_0002,pen2_tur_cam2_20250923_152456.jpg,1280,720,"[437.8,487.0,332.0,182.0]",1,0.86
test_pen2_tur_cam2_20250924_063910_0007,pen2_tur_cam2_20250924_063910.jpg,1280,720,"[739.0,130.0,155.0,226.0]",2,0.737
test_pen2_tur_cam2_20250924_071520_0004,pen2_tur_cam2_20250924_071520.jpg,1280,720,"[853.5,281.0,168.0,262.0]",3,0.783
test_pen2_tur_cam2_20250924_072222_0004,pen2_tur_cam2_20250924_072222.jpg,1280,720,"[804.0,334.0,202.0,194.0]",3,0.7817
test_pen2_tur_cam2_20250924_072222_0007,pen2_tur_cam2_20250924_072222.jpg,1280,720,"[1044.5,295.0,102.0,183.0]",3,0.7817
test_pen2_tur_cam2_20250924_072924_0003,pen2_tur_cam2_20250924_072924.jpg,1280,720,"[225.0,222.0,148.0,490.0]",2,0.627
test_pen2_tur_cam2_20250924_073025_0006,pen2_tur_cam2_20250924_073025.jpg,1280,720,"[1014.0,286.0,133.0,169.0]",3,0.7837
test_pen2_tur_cam2_20250924_073025_0008,pen2_tur_cam2_20250924_073025.jpg,1280,720,"[945.0,189.5,145.0,224.0]",3,0.781
test_pen2_tur_cam2_20250924_073225_0006,pen2_tur_cam2_20250924_073225.jpg,1280,720,"[938.0,419.0,128.0,107.0]",4,0.737
test_pen2_tur_cam2_20250924_074028_0006,pen2_tur_cam2_20250924_074028.jpg,1280,720,"[1024.5,280.5,81.0,194.0]",4,0.7393
test_pen2_tur_cam2_20250924_074428_0002,pen2_tur_cam2_20250924_074428.jpg,1280,720,"[247.0,8.5,420.0,179.0]",4,0.734
test_pen2_tur_cam2_20250924_074930_0000,pen2_tur_cam2_20250924_074930.jpg,1280,720,"[343.0,9.5,336.0,345.0]",2,0.729
test_pen2_tur_cam2_20250924_075031_0001,pen2_tur_cam2_20250924_075031.jpg,1280,720,"[542.5,397.0,299.0,222.0]",1,0.851
test_pen2_tur_cam2_20250924_075231_0007,pen2_tur_cam2_20250924_075231.jpg,1280,720,"[999.0,289.1,126.7,217.4]",3,0.776
test_pen2_tur_cam2_20250924_075231_0008,pen2_tur_cam2_20250924_075231.jpg,1280,720,"[921.0,433.5,134.0,94.0]",4,0.782
test_pen2_tur_cam2_20250924_082238_0004,pen2_tur_cam2_20250924_082238.jpg,1280,720,"[340.0,407.5,276.0,310.0]",2,0.6777
test_pen2_tur_cam2_20250924_084044_0005,pen2_tur_cam2_20250924_084044.jpg,1280,720,"[288.5,367.0,165.0,351.0]",2,0.7964
test_pen2_tur_cam2_20250924_084244_0008,pen2_tur_cam2_20250924_084244.jpg,1280,720,"[955.0,91.5,148.0,99.0]",4,0.738
test_pen2_tur_cam2_20250924_084444_0005,pen2_tur_cam2_20250924_084444.jpg,1280,720,"[805.0,94.0,224.0,189.0]",4,0.7324
test_pen2_tur_cam2_20250924_102814_0003,pen2_tur_cam2_20250924_102814.jpg,1280,720,"[367.0,471.5,316.0,247.0]",0,0.805
test_pen2_tur_cam2_20250924_103616_0003,pen2_tur_cam2_20250924_103616.jpg,1280,720,"[215.5,12.5,184.0,482.0]",2,0.741
test_pen2_tur_cam2_20250924_103616_0007,pen2_tur_cam2_20250924_103616.jpg,1280,720,"[1012.5,288.5,135.0,205.0]",3,0.7847
test_pen2_tur_cam2_20250924_104619_0005,pen2_tur_cam2_20250924_104619.jpg,1280,720,"[828.0,250.0,246.0,169.0]",3,0.7837
test_pen2_tur_cam2_20250924_104619_0007,pen2_tur_cam2_20250924_104619.jpg,1280,720,"[1041.8,284.5,106.0,222.0]",3,0.7754
test_pen2_tur_cam2_20250924_105019_0007,pen2_tur_cam2_20250924_105019.jpg,1280,720,"[968.0,97.0,136.0,119.0]",4,0.7544
test_pen2_tur_cam2_20250924_105320_0005,pen2_tur_cam2_20250924_105320.jpg,1280,720,"[773.5,56.0,222.0,165.0]",0,0.8257
test_pen2_tur_cam2_20250924_110533_0004,pen2_tur_cam2_20250924_110533.jpg,1280,720,"[646.5,5.0,186.0,358.0]",2,0.7114
test_pen2_tur_cam2_20250924_111627_0003,pen2_tur_cam2_20250924_111627.jpg,1280,720,"[441.5,515.0,341.0,162.0]",1,0.833
test_pen2_tur_cam2_20250924_111627_0004,pen2_tur_cam2_20250924_111627.jpg,1280,720,"[887.5,233.0,182.0,171.0]",3,0.776
test_pen2_tur_cam2_20250924_111627_0006,pen2_tur_cam2_20250924_111627.jpg,1280,720,"[473.0,257.0,320.0,237.0]",0,0.809
test_pen2_tur_cam2_20250924_112029_0008,pen2_tur_cam2_20250924_112029.jpg,1280,720,"[987.0,299.0,138.0,204.0]",3,0.7793
test_pen2_tur_cam2_20250924_112329_0000,pen2_tur_cam2_20250924_112329.jpg,1280,720,"[205.0,1.5,248.0,475.0]",2,0.638
test_pen2_tur_cam2_20250924_112329_0007,pen2_tur_cam2_20250924_112329.jpg,1280,720,"[1034.0,193.0,75.0,221.0]",4,0.7476
test_pen2_tur_cam2_20250924_112529_0008,pen2_tur_cam2_20250924_112529.jpg,1280,720,"[1036.5,191.0,73.0,169.0]",4,0.765
test_pen2_tur_cam2_20250924_113332_0006,pen2_tur_cam2_20250924_113332.jpg,1280,720,"[716.0,253.0,261.0,157.0]",1,0.846
test_pen2_tur_cam2_20250924_114034_0004,pen2_tur_cam2_20250924_114034.jpg,1280,720,"[465.0,395.5,336.0,166.0]",1,0.8325
test_pen2_tur_cam2_20250924_114034_0008,pen2_tur_cam2_20250924_114034.jpg,1280,720,"[419.5,503.0,369.0,149.0]",1,0.8667
test_pen2_tur_cam2_20250924_115839_0003,pen2_tur_cam2_20250924_115839.jpg,1280,720,"[549.0,12.5,329.0,213.0]",1,0.8467
test_pen2_tur_cam2_20250924_115839_0007,pen2_tur_cam2_20250924_115839.jpg,1280,720,"[1060.0,300.7,63.9,158.8]",2,0.616
test_pen2_tur_cam2_20250924_122044_0000,pen2_tur_cam2_20250924_122044.jpg,1280,720,"[291.5,206.0,243.0,320.0]",2,0.748
test_pen2_tur_cam2_20250924_122044_0002,pen2_tur_cam2_20250924_122044.jpg,1280,720,"[276.5,496.0,409.0,213.0]",0,0.8335
test_pen2_tur_cam2_20250924_122146_0000,pen2_tur_cam2_20250924_122146.jpg,1280,720,"[283.0,496.0,363.0,222.0]",0,0.8486
test_pen2_tur_cam2_20250924_122146_0006,pen2_tur_cam2_20250924_122146.jpg,1280,720,"[190.5,272.0,194.0,363.0]",2,0.9014
test_pen2_tur_cam2_20250924_122647_0003,pen2_tur_cam2_20250924_122647.jpg,1280,720,"[524.5,383.0,269.0,293.0]",2,0.6973
test_pen2_tur_cam2_20250924_123649_0008,pen2_tur_cam2_20250924_123649.jpg,1280,720,"[964.5,96.0,146.0,119.0]",4,0.74
test_pen2_tur_cam2_20250924_125353_0000,pen2_tur_cam2_20250924_125353.jpg,1280,720,"[662.0,228.0,202.0,323.0]",2,0.7812
test_pen2_tur_cam2_20250924_125553_0000,pen2_tur_cam2_20250924_125553.jpg,1280,720,"[304.5,487.0,349.0,220.0]",0,0.8174
test_pen2_tur_cam2_20250924_131159_0005,pen2_tur_cam2_20250924_131159.jpg,1280,720,"[1030.0,290.5,110.0,199.0]",3,0.773
test_pen2_tur_cam2_20250924_131159_0009,pen2_tur_cam2_20250924_131159.jpg,1280,720,"[405.0,333.0,170.0,361.0]",2,0.7
test_pen2_tur_cam2_20250924_131359_0009,pen2_tur_cam2_20250924_131359.jpg,1280,720,"[299.0,545.5,344.0,173.0]",0,0.8276
test_pen2_tur_cam2_20250924_132903_0005,pen2_tur_cam2_20250924_132903.jpg,1280,720,"[965.0,122.0,132.0,134.0]",2,0.844
test_pen2_tur_cam2_20250924_132903_0007,pen2_tur_cam2_20250924_132903.jpg,1280,720,"[750.0,44.0,236.0,141.0]",4,0.7676
test_pen2_tur_cam2_20250924_133103_0004,pen2_tur_cam2_20250924_133103.jpg,1280,720,"[958.0,122.5,137.0,154.0]",2,0.8306
test_pen2_tur_cam2_20250924_133103_0005,pen2_tur_cam2_20250924_133103.jpg,1280,720,"[435.0,519.5,325.0,159.0]",1,0.8613
test_pen2_tur_cam2_20250924_133103_0006,pen2_tur_cam2_20250924_133103.jpg,1280,720,"[749.5,43.5,237.0,141.0]",4,0.7734
test_pen2_tur_cam2_20250924_135411_0006,pen2_tur_cam2_20250924_135411.jpg,1280,720,"[722.8,63.5,233.0,164.0]",1,0.8335
test_pen2_tur_cam2_20250924_135411_0007,pen2_tur_cam2_20250924_135411.jpg,1280,720,"[953.5,94.5,144.0,121.0]",4,0.738
test_pen2_tur_cam2_20250924_135611_0006,pen2_tur_cam2_20250924_135611.jpg,1280,720,"[952.0,91.5,146.0,123.0]",4,0.797
test_pen2_tur_cam2_20250924_144122_0006,pen2_tur_cam2_20250924_144122.jpg,1280,720,"[732.0,59.0,248.0,177.0]",0,0.839
test_pen2_tur_cam2_20250924_152132_0005,pen2_tur_cam2_20250924_152132.jpg,1280,720,"[597.0,296.0,254.0,280.0]",2,0.6724
test_pen2_tur_cam2_20250924_153236_0003,pen2_tur_cam2_20250924_153236.jpg,1280,720,"[369.5,493.0,371.0,194.0]",1,0.898
test_pen2_tur_cam2_20250924_153236_0004,pen2_tur_cam2_20250924_153236.jpg,1280,720,"[358.5,122.0,344.0,197.0]",2,0.9087
test_pen2_tur_cam2_20250924_162650_0005,pen2_tur_cam2_20250924_162650.jpg,1280,720,"[386.0,499.5,354.0,179.0]",1,0.8716
test_pen2_tur_cam2_20250924_162952_0003,pen2_tur_cam2_20250924_162952.jpg,1280,720,"[378.0,469.0,339.0,208.0]",1,0.8726
test_pen2_tur_cam2_20250925_061747_0006,pen2_tur_cam2_20250925_061747.jpg,1280,720,"[951.0,95.0,153.0,128.0]",2,0.641
test_pen2_tur_cam2_20250925_064054_0006,pen2_tur_cam2_20250925_064054.jpg,1280,720,"[685.5,148.5,239.0,188.0]",2,0.712
test_pen2_tur_cam2_20250925_064454_0000,pen2_tur_cam2_20250925_064454.jpg,1280,720,"[348.0,0.5,371.0,260.0]",2,0.6045
test_pen2_tur_cam2_20250925_064554_0001,pen2_tur_cam2_20250925_064554.jpg,1280,720,"[510.5,105.5,197.0,379.0]",2,0.646
test_pen2_tur_cam2_20250925_070759_0006,pen2_tur_cam2_20250925_070759.jpg,1280,720,"[194.0,168.1,319.3,320.7]",2,0.638
test_pen2_tur_cam2_20250925_072002_0004,pen2_tur_cam2_20250925_072002.jpg,1280,720,"[849.5,296.5,142.0,241.0]",3,0.7886
test_pen2_tur_cam2_20250925_072103_0003,pen2_tur_cam2_20250925_072103.jpg,1280,720,"[779.5,316.0,227.0,235.0]",3,0.778
test_pen2_tur_cam2_20250925_072103_0006,pen2_tur_cam2_20250925_072103.jpg,1280,720,"[967.5,226.5,165.0,108.0]",3,0.7725
test_pen2_tur_cam2_20250925_072604_0007,pen2_tur_cam2_20250925_072604.jpg,1280,720,"[1048.5,281.5,99.0,204.0]",3,0.7896
test_pen2_tur_cam2_20250925_072604_0008,pen2_tur_cam2_20250925_072604.jpg,1280,720,"[870.0,308.5,169.0,236.0]",3,0.787
test_pen2_tur_cam2_20250925_074309_0002,pen2_tur_cam2_20250925_074309.jpg,1280,720,"[316.0,20.0,386.0,207.0]",2,0.6885
test_pen2_tur_cam2_20250925_075111_0001,pen2_tur_cam2_20250925_075111.jpg,1280,720,"[534.0,19.5,303.0,239.0]",2,0.7993
test_pen2_tur_cam2_20250925_081015_0009,pen2_tur_cam2_20250925_081015.jpg,1280,720,"[922.5,380.0,132.0,146.0]",0,0.872
test_pen2_tur_cam2_20250925_082521_0009,pen2_tur_cam2_20250925_082521.jpg,1280,720,"[924.0,374.0,128.0,154.0]",0,0.864
test_pen2_tur_cam2_20250925_083122_0008,pen2_tur_cam2_20250925_083122.jpg,1280,720,"[985.0,121.5,121.0,98.0]",2,0.7734
test_pen2_tur_cam2_20250925_084324_0004,pen2_tur_cam2_20250925_084324.jpg,1280,720,"[276.0,393.0,358.0,193.0]",2,0.638
test_pen2_tur_cam2_20250925_085327_0000,pen2_tur_cam2_20250925_085327.jpg,1280,720,"[553.0,268.2,295.0,311.0]",2,0.6597
test_pen2_tur_cam2_20250925_085327_0004,pen2_tur_cam2_20250925_085327.jpg,1280,720,"[326.0,420.5,376.0,208.0]",2,0.743
test_pen2_tur_cam2_20250925_095042_0001,pen2_tur_cam2_20250925_095042.jpg,1280,720,"[756.0,67.0,178.0,275.0]",2,0.896
test_pen2_tur_cam2_20250925_095042_0006,pen2_tur_cam2_20250925_095042.jpg,1280,720,"[262.5,483.5,357.0,199.0]",0,0.8447
test_pen2_tur_cam2_20250925_095042_0007,pen2_tur_cam2_20250925_095042.jpg,1280,720,"[990.5,118.0,117.0,120.0]",2,0.696
test_pen2_tur_cam2_20250925_095344_0001,pen2_tur_cam2_20250925_095344.jpg,1280,720,"[260.5,475.5,366.0,206.0]",0,0.86
test_pen2_tur_cam2_20250925_095344_0004,pen2_tur_cam2_20250925_095344.jpg,1280,720,"[192.0,103.0,271.0,438.0]",0,0.805
test_pen2_tur_cam2_20250925_095544_0002,pen2_tur_cam2_20250925_095544.jpg,1280,720,"[260.5,471.0,366.0,211.0]",0,0.815
test_pen2_tur_cam2_20250925_095544_0008,pen2_tur_cam2_20250925_095544.jpg,1280,720,"[907.0,425.0,147.0,102.0]",4,0.779
test_pen2_tur_cam2_20250925_095846_0006,pen2_tur_cam2_20250925_095846.jpg,1280,720,"[222.0,245.0,160.0,394.0]",2,0.7925
test_pen2_tur_cam2_20250925_095846_0008,pen2_tur_cam2_20250925_095846.jpg,1280,720,"[1029.0,288.0,124.0,196.0]",3,0.7964
test_pen2_tur_cam2_20250925_102352_0004,pen2_tur_cam2_20250925_102352.jpg,1280,720,"[616.5,23.0,305.0,143.0]",4,0.765
test_pen2_tur_cam2_20250925_102352_0005,pen2_tur_cam2_20250925_102352.jpg,1280,720,"[1028.5,294.0,117.0,203.0]",3,0.7754
test_pen2_tur_cam2_20250925_102653_0007,pen2_tur_cam2_20250925_102653.jpg,1280,720,"[632.5,21.5,287.0,150.0]",4,0.7373
test_pen2_tur_cam2_20250925_103053_0003,pen2_tur_cam2_20250925_103053.jpg,1280,720,"[422.2,144.5,164.0,422.0]",2,0.657
test_pen2_tur_cam2_20250925_103053_0004,pen2_tur_cam2_20250925_103053.jpg,1280,720,"[227.5,6.0,402.0,223.0]",0,0.8438
test_pen2_tur_cam2_20250925_112209_0001,pen2_tur_cam2_20250925_112209.jpg,1280,720,"[233.0,14.5,420.0,242.0]",0,0.8047
test_pen2_tur_cam2_20250925_112409_0002,pen2_tur_cam2_20250925_112409.jpg,1280,720,"[232.0,9.0,417.0,246.0]",0,0.81
test_pen2_tur_cam2_20250925_115218_0000,pen2_tur_cam2_20250925_115218.jpg,1280,720,"[361.5,199.5,308.0,401.0]",2,0.603
test_pen2_tur_cam2_20250925_120119_0008,pen2_tur_cam2_20250925_120119.jpg,1280,720,"[928.0,402.0,131.0,127.0]",0,0.8516
test_pen2_tur_cam2_20250925_120620_0009,pen2_tur_cam2_20250925_120620.jpg,1280,720,"[942.5,375.0,112.0,154.0]",0,0.8613
test_pen2_tur_cam2_20250925_120721_0005,pen2_tur_cam2_20250925_120721.jpg,1280,720,"[969.5,100.5,138.0,100.0]",4,0.748
test_pen2_tur_cam2_20250925_120721_0007,pen2_tur_cam2_20250925_120721.jpg,1280,720,"[910.0,386.5,144.0,143.0]",0,0.8506
test_pen2_tur_cam2_20250925_120921_0003,pen2_tur_cam2_20250925_120921.jpg,1280,720,"[205.5,247.0,191.0,471.0]",2,0.6597
test_pen2_tur_cam2_20250925_120921_0009,pen2_tur_cam2_20250925_120921.jpg,1280,720,"[927.5,383.5,130.0,144.0]",0,0.836
test_pen2_tur_cam2_20250925_121121_0009,pen2_tur_cam2_20250925_121121.jpg,1280,720,"[935.5,379.5,118.0,148.0]",0,0.875
test_pen2_tur_cam2_20250925_121422_0009,pen2_tur_cam2_20250925_121422.jpg,1280,720,"[969.5,121.5,135.0,100.0]",2,0.6045
test_pen2_tur_cam2_20250925_122225_0004,pen2_tur_cam2_20250925_122225.jpg,1280,720,"[225.0,317.0,392.0,226.0]",2,0.7217
test_pen2_tur_cam2_20250925_122425_0003,pen2_tur_cam2_20250925_122425.jpg,1280,720,"[452.0,18.5,382.0,137.0]",4,0.768
test_pen2_tur_cam2_20250925_122425_0007,pen2_tur_cam2_20250925_122425.jpg,1280,720,"[1041.0,277.5,105.0,200.0]",3,0.774
test_pen2_tur_cam2_20250925_124130_0005,pen2_tur_cam2_20250925_124130.jpg,1280,720,"[165.5,123.8,264.1,380.2]",2,0.626
test_pen2_tur_cam2_20250925_124733_0008,pen2_tur_cam2_20250925_124733.jpg,1280,720,"[1022.0,291.5,117.0,198.0]",3,0.7764
test_pen2_tur_cam2_20250925_124933_0007,pen2_tur_cam2_20250925_124933.jpg,1280,720,"[1038.0,291.0,108.0,204.0]",3,0.774
test_pen2_tur_cam2_20250925_125734_0008,pen2_tur_cam2_20250925_125734.jpg,1280,720,"[918.5,422.0,129.0,107.0]",1,0.8403
test_pen2_tur_cam2_20250925_131440_0006,pen2_tur_cam2_20250925_131440.jpg,1280,720,"[455.0,478.0,343.0,180.0]",1,0.86
test_pen2_tur_cam2_20250925_131640_0005,pen2_tur_cam2_20250925_131640.jpg,1280,720,"[455.0,485.0,342.0,170.0]",1,0.875
test_pen2_tur_cam2_20250925_131640_0007,pen2_tur_cam2_20250925_131640.jpg,1280,720,"[1031.0,263.5,73.0,207.0]",4,0.7476
test_pen2_tur_cam2_20250925_132242_0001,pen2_tur_cam2_20250925_132242.jpg,1280,720,"[722.5,47.0,210.0,296.0]",2,0.9014
test_pen2_tur_cam2_20250925_132242_0004,pen2_tur_cam2_20250925_132242.jpg,1280,720,"[425.5,467.0,367.0,186.0]",1,0.851
test_pen2_tur_cam2_20250925_132441_0007,pen2_tur_cam2_20250925_132441.jpg,1280,720,"[425.0,461.0,364.0,200.0]",1,0.8525
test_pen2_tur_cam2_20250925_133150_0006,pen2_tur_cam2_20250925_133150.jpg,1280,720,"[798.5,53.0,215.0,126.0]",4,0.745
test_pen2_tur_cam2_20250925_133150_0009,pen2_tur_cam2_20250925_133150.jpg,1280,720,"[1001.0,194.5,106.0,133.0]",2,0.7114
test_pen2_tur_cam2_20250925_133244_0006,pen2_tur_cam2_20250925_133244.jpg,1280,720,"[800.0,58.0,217.0,116.0]",4,0.7896
test_pen2_tur_cam2_20250925_133644_0009,pen2_tur_cam2_20250925_133644.jpg,1280,720,"[986.0,402.5,106.0,134.2]",2,0.648
test_pen2_tur_cam2_20250925_134146_0007,pen2_tur_cam2_20250925_134146.jpg,1280,720,"[961.5,178.5,129.0,163.0]",2,0.6133
test_pen2_tur_cam2_20250925_134447_0003,pen2_tur_cam2_20250925_134447.jpg,1280,720,"[816.0,72.5,147.0,232.0]",2,0.9243
test_pen2_tur_cam2_20250925_134647_0005,pen2_tur_cam2_20250925_134647.jpg,1280,720,"[953.5,95.5,144.0,151.0]",1,0.8306
test_pen2_tur_cam2_20250925_134749_0006,pen2_tur_cam2_20250925_134749.jpg,1280,720,"[985.0,96.7,113.0,149.0]",1,0.826
test_pen2_tur_cam2_20250925_135250_0008,pen2_tur_cam2_20250925_135250.jpg,1280,720,"[1016.0,303.0,131.0,191.0]",3,0.7754
test_pen2_tur_cam2_20250925_135450_0002,pen2_tur_cam2_20250925_135450.jpg,1280,720,"[640.0,60.0,275.0,205.0]",2,0.623
test_pen2_tur_cam2_20250925_142458_0004,pen2_tur_cam2_20250925_142458.jpg,1280,720,"[569.0,16.5,301.0,142.0]",4,0.7373
test_pen2_tur_cam2_20250925_142658_0003,pen2_tur_cam2_20250925_142658.jpg,1280,720,"[388.5,506.0,335.0,179.0]",1,0.869
test_pen2_tur_cam2_20250925_142658_0005,pen2_tur_cam2_20250925_142658.jpg,1280,720,"[836.0,87.0,196.0,127.0]",1,0.855
test_pen2_tur_cam2_20250925_142658_0009,pen2_tur_cam2_20250925_142658.jpg,1280,720,"[928.5,404.5,120.0,124.0]",1,0.828
test_pen2_tur_cam2_20250925_142759_0004,pen2_tur_cam2_20250925_142759.jpg,1280,720,"[372.0,504.5,350.0,180.0]",1,0.854
test_pen2_tur_cam2_20250925_142759_0006,pen2_tur_cam2_20250925_142759.jpg,1280,720,"[840.5,74.5,191.0,168.0]",1,0.848
test_pen2_tur_cam2_20250925_142959_0003,pen2_tur_cam2_20250925_142959.jpg,1280,720,"[542.5,3.7,337.0,201.0]",0,0.827
test_pen2_tur_cam2_20250925_142959_0007,pen2_tur_cam2_20250925_142959.jpg,1280,720,"[1044.5,281.5,103.0,189.0]",3,0.774
test_pen2_tur_cam2_20250925_144003_0008,pen2_tur_cam2_20250925_144003.jpg,1280,720,"[956.0,80.0,120.0,134.0]",2,0.8535
test_pen2_tur_cam2_20250925_144703_0009,pen2_tur_cam2_20250925_144703.jpg,1280,720,"[488.0,5.0,347.0,213.0]",2,0.737
test_pen2_tur_cam2_20250925_151211_0003,pen2_tur_cam2_20250925_151211.jpg,1280,720,"[193.2,88.0,300.0,344.0]",2,0.745
test_pen2_tur_cam2_20250925_151312_0003,pen2_tur_cam2_20250925_151312.jpg,1280,720,"[939.0,114.0,157.0,143.0]",2,0.6216
test_pen2_tur_cam2_20250925_154218_0003,pen2_tur_cam2_20250925_154218.jpg,1280,720,"[448.0,54.0,272.0,287.0]",2,0.935
test_pen2_tur_cam2_20250925_154319_0001,pen2_tur_cam2_20250925_154319.jpg,1280,720,"[331.5,0.5,417.0,250.0]",2,0.935
test_pen2_tur_cam2_20250925_154719_0004,pen2_tur_cam2_20250925_154719.jpg,1280,720,"[918.0,84.7,170.0,141.0]",2,0.606
test_pen2_tur_cam2_20250925_155523_0007,pen2_tur_cam2_20250925_155523.jpg,1280,720,"[919.5,82.5,169.0,120.0]",2,0.6304
test_pen2_tur_cam2_20250925_161026_0007,pen2_tur_cam2_20250925_161026.jpg,1280,720,"[524.0,389.5,300.0,198.0]",1,0.8584
test_pen2_tur_cam2_20250926_062025_0005,pen2_tur_cam2_20250926_062025.jpg,1280,720,"[664.0,30.0,266.0,132.0]",4,0.763
test_pen2_tur_cam2_20250926_063028_0005,pen2_tur_cam2_20250926_063028.jpg,1280,720,"[247.0,396.0,341.0,224.0]",2,0.605
test_pen2_tur_cam2_20250926_064032_0006,pen2_tur_cam2_20250926_064032.jpg,1280,720,"[922.0,130.0,146.0,188.0]",2,0.773
