row_id,image_id,width,height,bbox,class_id,confidence
test_pen1_tur_cam1_20250920_174649_0001,pen1_tur_cam1_20250920_174649.jpg,1280,720,"[237.0,254.0,246.0,402.0]",1,0.9297
test_pen1_tur_cam1_20250920_174649_0004,pen1_tur_cam1_20250920_174649.jpg,1280,720,"[342.5,2.0,356.0,157.0]",0,0.9385
test_pen1_tur_cam1_20250921_050022_0000,pen1_tur_cam1_20250921_050022.jpg,1280,720,"[431.0,477.0,391.0,201.0]",0,0.9375
test_pen1_tur_cam1_20250921_050022_0004,pen1_tur_cam1_20250921_050022.jpg,1280,720,"[550.0,180.5,375.0,225.0]",0,0.94
test_pen1_tur_cam1_20250921_050022_0006,pen1_tur_cam1_20250921_050022.jpg,1280,720,"[474.0,20.0,298.0,171.0]",0,0.9355
test_pen1_tur_cam1_20250921_052427_0000,pen1_tur_cam1_20250921_052427.jpg,1280,720,"[328.5,49.5,354.0,364.0]",1,0.934
test_pen1_tur_cam1_20250921_052427_0002,pen1_tur_cam1_20250921_052427.jpg,1280,720,"[313.5,467.0,421.0,210.0]",1,0.935
test_pen1_tur_cam1_20250921_054934_0000,pen1_tur_cam1_20250921_054934.jpg,1280,720,"[317.5,56.5,356.0,338.0]",1,0.932
test_pen1_tur_cam1_20250921_054934_0001,pen1_tur_cam1_20250921_054934.jpg,1280,720,"[522.5,485.0,394.0,190.0]",1,0.9307
test_pen1_tur_cam1_20250921_055537_0005,pen1_tur_cam1_20250921_055537.jpg,1280,720,"[803.0,166.5,203.0,134.0]",3,0.819
test_pen1_tur_cam1_20250921_062444_0002,pen1_tur_cam1_20250921_062444.jpg,1280,720,"[328.5,0.0,313.0,132.0]",2,0.893
test_pen1_tur_cam1_20250921_063047_0000,pen1_tur_cam1_20250921_063047.jpg,1280,720,"[361.0,0.0,251.0,278.0]",3,0.8184
test_pen1_tur_cam1_20250921_063047_0004,pen1_tur_cam1_20250921_063047.jpg,1280,720,"[545.5,40.0,301.0,192.0]",1,0.933
test_pen1_tur_cam1_20250921_070255_0001,pen1_tur_cam1_20250921_070255.jpg,1280,720,"[492.0,466.5,383.0,205.0]",1,0.935
test_pen1_tur_cam1_20250921_071258_0001,pen1_tur_cam1_20250921_071258.jpg,1280,720,"[573.5,258.0,188.0,428.0]",3,0.8203
test_pen1_tur_cam1_20250921_071258_0002,pen1_tur_cam1_20250921_071258.jpg,1280,720,"[265.5,0.0,220.0,337.0]",3,0.8184
test_pen1_tur_cam1_20250921_071759_0000,pen1_tur_cam1_20250921_071759.jpg,1280,720,"[282.0,1.0,307.0,231.0]",3,0.8223
test_pen1_tur_cam1_20250921_071959_0001,pen1_tur_cam1_20250921_071959.jpg,1280,720,"[264.0,213.0,214.0,442.0]",2,0.9946
test_pen1_tur_cam1_20250921_072101_0000,pen1_tur_cam1_20250921_072101.jpg,1280,720,"[227.0,238.0,356.0,410.0]",3,0.8193
test_pen1_tur_cam1_20250921_072101_0003,pen1_tur_cam1_20250921_072101.jpg,1280,720,"[950.5,167.0,141.0,225.0]",3,0.8228
test_pen1_tur_cam1_20250921_072301_0001,pen1_tur_cam1_20250921_072301.jpg,1280,720,"[287.0,490.5,456.0,188.0]",4,0.8413
test_pen1_tur_cam1_20250921_072501_0006,pen1_tur_cam1_20250921_072501.jpg,1280,720,"[849.5,147.5,209.0,227.0]",3,0.8228
test_pen1_tur_cam1_20250921_072501_0007,pen1_tur_cam1_20250921_072501.jpg,1280,720,"[1003.5,217.5,121.0,219.0]",3,0.8184
test_pen1_tur_cam1_20250921_073002_0003,pen1_tur_cam1_20250921_073002.jpg,1280,720,"[821.5,158.5,140.0,242.0]",3,0.818
test_pen1_tur_cam1_20250921_073002_0006,pen1_tur_cam1_20250921_073002.jpg,1280,720,"[919.0,163.0,187.0,204.0]",3,0.818
test_pen1_tur_cam1_20250921_073303_0001,pen1_tur_cam1_20250921_073303.jpg,1280,720,"[567.5,189.0,294.0,380.0]",3,0.8184
test_pen1_tur_cam1_20250921_073303_0005,pen1_tur_cam1_20250921_073303.jpg,1280,720,"[927.0,164.5,148.0,242.0]",3,0.82
test_pen1_tur_cam1_20250921_073303_0006,pen1_tur_cam1_20250921_073303.jpg,1280,720,"[340.5,454.5,417.0,225.0]",1,0.933
test_pen1_tur_cam1_20250921_074124_0001,pen1_tur_cam1_20250921_074124.jpg,1280,720,"[581.0,104.0,175.0,345.0]",3,0.818
test_pen1_tur_cam1_20250921_074124_0002,pen1_tur_cam1_20250921_074124.jpg,1280,720,"[380.5,449.5,418.0,229.0]",1,0.9355
test_pen1_tur_cam1_20250921_075035_0007,pen1_tur_cam1_20250921_075035.jpg,1280,720,"[983.5,185.0,114.0,104.0]",4,0.8467
test_pen1_tur_cam1_20250921_075546_0000,pen1_tur_cam1_20250921_075546.jpg,1280,720,"[753.0,81.5,188.0,317.0]",3,0.8184
test_pen1_tur_cam1_20250921_075546_0001,pen1_tur_cam1_20250921_075546.jpg,1280,720,"[272.5,33.0,292.0,370.0]",2,0.987
test_pen1_tur_cam1_20250921_075546_0003,pen1_tur_cam1_20250921_075546.jpg,1280,720,"[366.0,432.5,424.0,244.0]",1,0.9307
test_pen1_tur_cam1_20250921_075546_0006,pen1_tur_cam1_20250921_075546.jpg,1280,720,"[891.0,149.0,159.0,266.0]",3,0.8193
test_pen1_tur_cam1_20250921_082253_0000,pen1_tur_cam1_20250921_082253.jpg,1280,720,"[271.5,272.2,405.0,296.0]",1,0.934
test_pen1_tur_cam1_20250921_082253_0001,pen1_tur_cam1_20250921_082253.jpg,1280,720,"[757.0,473.0,259.0,185.0]",0,0.9395
test_pen1_tur_cam1_20250921_082253_0007,pen1_tur_cam1_20250921_082253.jpg,1280,720,"[1019.0,484.5,136.0,122.0]",0,0.9355
test_pen1_tur_cam1_20250921_082453_0000,pen1_tur_cam1_20250921_082453.jpg,1280,720,"[753.0,478.5,266.0,182.0]",0,0.9375
test_pen1_tur_cam1_20250921_082453_0008,pen1_tur_cam1_20250921_082453.jpg,1280,720,"[947.0,168.5,154.0,207.0]",3,0.8223
test_pen1_tur_cam1_20250921_082653_0005,pen1_tur_cam1_20250921_082653.jpg,1280,720,"[811.5,183.0,197.0,159.0]",3,0.82
test_pen1_tur_cam1_20250921_082804_0000,pen1_tur_cam1_20250921_082804.jpg,1280,720,"[814.0,326.5,193.0,338.0]",3,0.8184
test_pen1_tur_cam1_20250921_083204_0003,pen1_tur_cam1_20250921_083204.jpg,1280,720,"[819.5,149.5,166.0,257.0]",3,0.8184
test_pen1_tur_cam1_20250921_083204_0007,pen1_tur_cam1_20250921_083204.jpg,1280,720,"[947.5,171.5,159.0,192.0]",3,0.8203
test_pen1_tur_cam1_20250921_083715_0002,pen1_tur_cam1_20250921_083715.jpg,1280,720,"[432.5,264.5,261.0,238.0]",2,0.991
test_pen1_tur_cam1_20250921_083715_0005,pen1_tur_cam1_20250921_083715.jpg,1280,720,"[806.0,511.5,248.0,139.0]",4,0.8467
test_pen1_tur_cam1_20250921_083826_0001,pen1_tur_cam1_20250921_083826.jpg,1280,720,"[631.5,16.0,267.0,243.0]",3,0.8193
test_pen1_tur_cam1_20250921_083826_0002,pen1_tur_cam1_20250921_083826.jpg,1280,720,"[456.5,287.5,255.0,308.0]",2,0.987
test_pen1_tur_cam1_20250921_083826_0006,pen1_tur_cam1_20250921_083826.jpg,1280,720,"[1085.0,406.5,86.0,180.0]",2,0.963
test_pen1_tur_cam1_20250921_084026_0006,pen1_tur_cam1_20250921_084026.jpg,1280,720,"[810.5,516.0,248.0,134.0]",4,0.857
test_pen1_tur_cam1_20250921_084226_0002,pen1_tur_cam1_20250921_084226.jpg,1280,720,"[807.0,517.5,249.0,132.0]",4,0.848
test_pen1_tur_cam1_20250921_084226_0005,pen1_tur_cam1_20250921_084226.jpg,1280,720,"[805.5,157.0,192.0,175.0]",3,0.8193
test_pen1_tur_cam1_20250921_090621_0002,pen1_tur_cam1_20250921_090621.jpg,1280,720,"[299.5,400.0,413.0,282.0]",1,0.9297
test_pen1_tur_cam1_20250921_090621_0005,pen1_tur_cam1_20250921_090621.jpg,1280,720,"[772.5,144.0,216.0,135.0]",3,0.8184
test_pen1_tur_cam1_20250921_091134_0000,pen1_tur_cam1_20250921_091134.jpg,1280,720,"[255.2,224.0,306.0,324.0]",2,0.994
test_pen1_tur_cam1_20250921_091134_0002,pen1_tur_cam1_20250921_091134.jpg,1280,720,"[518.5,17.0,333.0,187.0]",0,0.9307
test_pen1_tur_cam1_20250921_091334_0001,pen1_tur_cam1_20250921_091334.jpg,1280,720,"[531.5,21.5,319.0,183.0]",0,0.9355
test_pen1_tur_cam1_20250921_092354_0000,pen1_tur_cam1_20250921_092354.jpg,1280,720,"[246.5,178.0,209.0,387.0]",2,0.9697
test_pen1_tur_cam1_20250921_092354_0003,pen1_tur_cam1_20250921_092354.jpg,1280,720,"[509.5,21.5,333.0,152.0]",3,0.821
test_pen1_tur_cam1_20250921_092354_0005,pen1_tur_cam1_20250921_092354.jpg,1280,720,"[884.5,146.5,178.0,222.0]",3,0.821
test_pen1_tur_cam1_20250921_092505_0002,pen1_tur_cam1_20250921_092505.jpg,1280,720,"[254.0,424.5,379.0,261.0]",2,0.9243
test_pen1_tur_cam1_20250921_092505_0008,pen1_tur_cam1_20250921_092505.jpg,1280,720,"[1094.0,352.5,65.0,206.0]",4,0.8574
test_pen1_tur_cam1_20250921_092705_0003,pen1_tur_cam1_20250921_092705.jpg,1280,720,"[827.5,155.5,189.0,248.0]",3,0.8184
test_pen1_tur_cam1_20250921_092905_0000,pen1_tur_cam1_20250921_092905.jpg,1280,720,"[490.5,63.5,238.0,408.0]",3,0.8184
test_pen1_tur_cam1_20250921_092905_0005,pen1_tur_cam1_20250921_092905.jpg,1280,720,"[849.5,145.0,234.0,198.0]",3,0.818
test_pen1_tur_cam1_20250921_093017_0007,pen1_tur_cam1_20250921_093017.jpg,1280,720,"[995.5,170.5,142.0,230.0]",3,0.822
test_pen1_tur_cam1_20250921_093217_0001,pen1_tur_cam1_20250921_093217.jpg,1280,720,"[278.5,39.5,424.0,227.0]",3,0.818
test_pen1_tur_cam1_20250921_093217_0005,pen1_tur_cam1_20250921_093217.jpg,1280,720,"[890.0,153.5,193.0,243.0]",3,0.8193
test_pen1_tur_cam1_20250921_093928_0006,pen1_tur_cam1_20250921_093928.jpg,1280,720,"[666.5,499.5,319.0,151.0]",4,0.854
test_pen1_tur_cam1_20250921_094950_0005,pen1_tur_cam1_20250921_094950.jpg,1280,720,"[256.0,525.5,428.0,151.0]",4,0.855
test_pen1_tur_cam1_20250922_115017_0002,pen1_tur_cam1_20250922_115017.jpg,1280,720,"[651.5,463.0,302.0,198.0]",1,0.9355
test_pen1_tur_cam1_20250922_115017_0004,pen1_tur_cam1_20250922_115017.jpg,1280,720,"[504.0,29.0,326.0,166.0]",0,0.935
test_pen1_tur_cam1_20250922_115017_0006,pen1_tur_cam1_20250922_115017.jpg,1280,720,"[573.0,143.5,293.0,218.0]",0,0.9316
test_pen1_tur_cam1_20250922_115518_0000,pen1_tur_cam1_20250922_115518.jpg,1280,720,"[244.0,415.5,429.0,263.0]",1,0.933
test_pen1_tur_cam1_20250922_120220_0002,pen1_tur_cam1_20250922_120220.jpg,1280,720,"[930.5,492.0,178.0,141.0]",0,0.9365
test_pen1_tur_cam1_20250922_120220_0005,pen1_tur_cam1_20250922_120220.jpg,1280,720,"[244.0,412.5,416.0,270.0]",1,0.932
test_pen1_tur_cam1_20250922_121222_0000,pen1_tur_cam1_20250922_121222.jpg,1280,720,"[243.5,414.0,416.0,269.0]",1,0.9316
test_pen1_tur_cam1_20250922_121222_0001,pen1_tur_cam1_20250922_121222.jpg,1280,720,"[587.5,447.5,356.0,219.0]",1,0.932
test_pen1_tur_cam1_20250922_121222_0003,pen1_tur_cam1_20250922_121222.jpg,1280,720,"[511.5,32.5,320.0,182.0]",0,0.932
test_pen1_tur_cam1_20250922_122226_0001,pen1_tur_cam1_20250922_122226.jpg,1280,720,"[589.0,456.5,336.0,210.0]",1,0.9297
test_pen1_tur_cam1_20250922_122527_0002,pen1_tur_cam1_20250922_122527.jpg,1280,720,"[601.5,454.5,332.0,210.0]",1,0.9307
test_pen1_tur_cam1_20250922_122527_0004,pen1_tur_cam1_20250922_122527.jpg,1280,720,"[924.5,485.0,182.0,148.0]",0,0.933
test_pen1_tur_cam1_20250922_124732_0000,pen1_tur_cam1_20250922_124732.jpg,1280,720,"[739.5,395.5,290.0,244.0]",2,0.886
test_pen1_tur_cam1_20250922_124932_0000,pen1_tur_cam1_20250922_124932.jpg,1280,720,"[244.8,403.7,395.0,261.0]",2,0.989
test_pen1_tur_cam1_20250922_125034_0000,pen1_tur_cam1_20250922_125034.jpg,1280,720,"[735.5,380.0,208.0,298.0]",2,0.915
test_pen1_tur_cam1_20250922_125034_0006,pen1_tur_cam1_20250922_125034.jpg,1280,720,"[973.0,206.0,165.0,148.0]",3,0.8184
test_pen1_tur_cam1_20250922_125535_0003,pen1_tur_cam1_20250922_125535.jpg,1280,720,"[227.5,200.0,208.0,392.0]",2,0.9316
test_pen1_tur_cam1_20250922_125735_0006,pen1_tur_cam1_20250922_125735.jpg,1280,720,"[948.5,163.5,140.0,226.0]",3,0.8184
test_pen1_tur_cam1_20250922_125735_0007,pen1_tur_cam1_20250922_125735.jpg,1280,720,"[1010.0,151.5,119.0,264.0]",3,0.8184
test_pen1_tur_cam1_20250922_125935_0001,pen1_tur_cam1_20250922_125935.jpg,1280,720,"[894.5,159.0,191.0,256.0]",3,0.8223
test_pen1_tur_cam1_20250922_125935_0006,pen1_tur_cam1_20250922_125935.jpg,1280,720,"[994.0,194.0,138.0,207.0]",3,0.8203
test_pen1_tur_cam1_20250922_130037_0004,pen1_tur_cam1_20250922_130037.jpg,1280,720,"[510.5,460.5,411.0,218.0]",2,0.8765
test_pen1_tur_cam1_20250922_130037_0006,pen1_tur_cam1_20250922_130037.jpg,1280,720,"[948.0,168.5,155.0,224.0]",3,0.818
test_pen1_tur_cam1_20250922_130237_0006,pen1_tur_cam1_20250922_130237.jpg,1280,720,"[846.0,516.5,202.0,131.0]",4,0.8403
test_pen1_tur_cam1_20250922_130538_0004,pen1_tur_cam1_20250922_130538.jpg,1280,720,"[833.5,518.5,219.0,131.0]",4,0.849
test_pen1_tur_cam1_20250922_130938_0004,pen1_tur_cam1_20250922_130938.jpg,1280,720,"[802.0,515.5,257.0,132.0]",4,0.856
test_pen1_tur_cam1_20250922_130938_0005,pen1_tur_cam1_20250922_130938.jpg,1280,720,"[950.0,161.0,142.0,230.0]",3,0.818
test_pen1_tur_cam1_20250922_131240_0000,pen1_tur_cam1_20250922_131240.jpg,1280,720,"[488.5,388.5,361.0,268.0]",0,0.9355
test_pen1_tur_cam1_20250922_131240_0007,pen1_tur_cam1_20250922_131240.jpg,1280,720,"[833.0,518.5,221.0,129.0]",4,0.846
test_pen1_tur_cam1_20250922_132744_0002,pen1_tur_cam1_20250922_132744.jpg,1280,720,"[252.0,199.1,186.0,447.0]",4,0.849
test_pen1_tur_cam1_20250922_132744_0008,pen1_tur_cam1_20250922_132744.jpg,1280,720,"[1074.0,495.0,90.0,96.0]",2,0.9556
test_pen1_tur_cam1_20250922_132944_0001,pen1_tur_cam1_20250922_132944.jpg,1280,720,"[233.5,259.6,206.0,405.0]",2,0.9297
test_pen1_tur_cam1_20250922_133046_0003,pen1_tur_cam1_20250922_133046.jpg,1280,720,"[273.0,239.5,224.0,378.0]",2,0.988
test_pen1_tur_cam1_20250922_133246_0001,pen1_tur_cam1_20250922_133246.jpg,1280,720,"[266.5,254.6,220.0,386.0]",2,0.9824
test_pen1_tur_cam1_20250922_133246_0003,pen1_tur_cam1_20250922_133246.jpg,1280,720,"[830.0,146.5,214.0,256.0]",3,0.818
test_pen1_tur_cam1_20250922_133446_0000,pen1_tur_cam1_20250922_133446.jpg,1280,720,"[328.0,32.5,398.0,257.0]",3,0.819
test_pen1_tur_cam1_20250922_133547_0001,pen1_tur_cam1_20250922_133547.jpg,1280,720,"[290.5,241.6,241.0,339.0]",2,0.9824
test_pen1_tur_cam1_20250922_134749_0004,pen1_tur_cam1_20250922_134749.jpg,1280,720,"[889.0,171.5,140.0,247.0]",3,0.8193
test_pen1_tur_cam1_20250922_140954_0005,pen1_tur_cam1_20250922_140954.jpg,1280,720,"[876.5,146.5,210.0,205.0]",3,0.8184
test_pen1_tur_cam1_20250922_140954_0006,pen1_tur_cam1_20250922_140954.jpg,1280,720,"[782.5,476.5,264.0,164.0]",3,0.822
test_pen1_tur_cam1_20250922_141255_0003,pen1_tur_cam1_20250922_141255.jpg,1280,720,"[856.5,150.0,227.0,190.0]",3,0.82
test_pen1_tur_cam1_20250922_141255_0006,pen1_tur_cam1_20250922_141255.jpg,1280,720,"[1002.3,367.5,129.0,256.0]",3,0.8257
test_pen1_tur_cam1_20250922_141557_0004,pen1_tur_cam1_20250922_141557.jpg,1280,720,"[856.5,158.5,221.0,190.0]",3,0.8193
test_pen1_tur_cam1_20250922_141557_0008,pen1_tur_cam1_20250922_141557.jpg,1280,720,"[1053.5,494.0,104.0,114.0]",0,0.935
test_pen1_tur_cam1_20250922_141757_0001,pen1_tur_cam1_20250922_141757.jpg,1280,720,"[446.5,170.5,385.0,226.0]",1,0.9316
test_pen1_tur_cam1_20250922_141757_0006,pen1_tur_cam1_20250922_141757.jpg,1280,720,"[549.0,543.0,359.0,130.0]",4,0.849
test_pen1_tur_cam1_20250922_142458_0000,pen1_tur_cam1_20250922_142458.jpg,1280,720,"[443.5,155.0,376.0,239.0]",1,0.932
test_pen1_tur_cam1_20250922_142458_0001,pen1_tur_cam1_20250922_142458.jpg,1280,720,"[506.0,487.0,407.0,201.0]",2,0.9375
test_pen1_tur_cam1_20250922_143101_0003,pen1_tur_cam1_20250922_143101.jpg,1280,720,"[572.5,165.5,294.0,199.0]",2,0.9946
test_pen1_tur_cam1_20250922_143101_0004,pen1_tur_cam1_20250922_143101.jpg,1280,720,"[524.5,40.5,313.0,169.0]",0,0.9355
test_pen1_tur_cam1_20250922_143101_0008,pen1_tur_cam1_20250922_143101.jpg,1280,720,"[1064.5,481.5,92.0,121.0]",0,0.9365
test_pen1_tur_cam1_20250922_143301_0003,pen1_tur_cam1_20250922_143301.jpg,1280,720,"[844.0,148.0,239.0,181.0]",3,0.8184
test_pen1_tur_cam1_20250922_143301_0005,pen1_tur_cam1_20250922_143301.jpg,1280,720,"[569.0,36.0,265.0,172.0]",0,0.934
test_pen1_tur_cam1_20250922_143301_0008,pen1_tur_cam1_20250922_143301.jpg,1280,720,"[1067.5,481.5,89.0,120.0]",0,0.935
test_pen1_tur_cam1_20250922_144804_0003,pen1_tur_cam1_20250922_144804.jpg,1280,720,"[556.0,38.5,298.0,206.0]",0,0.932
test_pen1_tur_cam1_20250922_144804_0008,pen1_tur_cam1_20250922_144804.jpg,1280,720,"[1064.5,473.5,91.0,130.0]",0,0.934
test_pen1_tur_cam1_20250922_145004_0004,pen1_tur_cam1_20250922_145004.jpg,1280,720,"[750.0,429.5,278.0,179.0]",2,0.921
test_pen1_tur_cam1_20250922_145107_0002,pen1_tur_cam1_20250922_145107.jpg,1280,720,"[549.0,38.0,307.0,217.0]",0,0.933
test_pen1_tur_cam1_20250922_145107_0008,pen1_tur_cam1_20250922_145107.jpg,1280,720,"[1064.0,473.2,92.0,129.0]",0,0.934
test_pen1_tur_cam1_20250922_145307_0002,pen1_tur_cam1_20250922_145307.jpg,1280,720,"[460.5,466.0,393.0,207.0]",1,0.933
test_pen1_tur_cam1_20250922_145307_0006,pen1_tur_cam1_20250922_145307.jpg,1280,720,"[861.0,490.5,225.0,159.0]",0,0.9316
test_pen1_tur_cam1_20250922_145307_0008,pen1_tur_cam1_20250922_145307.jpg,1280,720,"[1062.7,479.2,93.0,124.0]",0,0.934
test_pen1_tur_cam1_20250922_145807_0007,pen1_tur_cam1_20250922_145807.jpg,1280,720,"[1091.5,217.0,95.0,189.0]",3,0.82
test_pen1_tur_cam1_20250922_150109_0001,pen1_tur_cam1_20250922_150109.jpg,1280,720,"[560.0,43.0,294.0,227.0]",0,0.9395
test_pen1_tur_cam1_20250922_170541_0001,pen1_tur_cam1_20250922_170541.jpg,1280,720,"[623.0,163.5,304.0,218.0]",0,0.9375
test_pen1_tur_cam1_20250922_171544_0001,pen1_tur_cam1_20250922_171544.jpg,1280,720,"[251.5,231.0,273.0,416.0]",1,0.9307
test_pen1_tur_cam1_20250922_171544_0004,pen1_tur_cam1_20250922_171544.jpg,1280,720,"[486.5,494.0,344.0,182.0]",1,0.933
test_pen1_tur_cam1_20250922_171645_0004,pen1_tur_cam1_20250922_171645.jpg,1280,720,"[490.5,491.5,339.0,185.0]",1,0.934
test_pen1_tur_cam1_20250922_172346_0003,pen1_tur_cam1_20250922_172346.jpg,1280,720,"[453.0,146.0,349.0,312.0]",1,0.9307
test_pen1_tur_cam1_20250923_060024_0000,pen1_tur_cam1_20250923_060024.jpg,1280,720,"[330.5,351.0,468.0,218.0]",1,0.932
test_pen1_tur_cam1_20250923_060024_0002,pen1_tur_cam1_20250923_060024.jpg,1280,720,"[287.5,28.5,221.0,375.0]",0,0.933
test_pen1_tur_cam1_20250923_060024_0003,pen1_tur_cam1_20250923_060024.jpg,1280,720,"[351.5,497.5,413.0,178.0]",1,0.934
test_pen1_tur_cam1_20250923_060024_0006,pen1_tur_cam1_20250923_060024.jpg,1280,720,"[834.5,474.5,240.0,161.0]",1,0.9307
test_pen1_tur_cam1_20250923_060224_0001,pen1_tur_cam1_20250923_060224.jpg,1280,720,"[351.5,496.5,413.0,179.0]",1,0.934
test_pen1_tur_cam1_20250923_060224_0003,pen1_tur_cam1_20250923_060224.jpg,1280,720,"[346.5,361.0,441.0,204.0]",1,0.9297
test_pen1_tur_cam1_20250923_060725_0003,pen1_tur_cam1_20250923_060725.jpg,1280,720,"[534.0,24.5,322.0,223.0]",1,0.9316
test_pen1_tur_cam1_20250923_061226_0000,pen1_tur_cam1_20250923_061226.jpg,1280,720,"[522.5,20.0,326.0,232.0]",1,0.934
test_pen1_tur_cam1_20250923_061928_0000,pen1_tur_cam1_20250923_061928.jpg,1280,720,"[525.0,19.0,323.0,239.0]",1,0.934
test_pen1_tur_cam1_20250923_061928_0003,pen1_tur_cam1_20250923_061928.jpg,1280,720,"[319.5,334.0,437.0,265.0]",1,0.932
test_pen1_tur_cam1_20250923_061928_0005,pen1_tur_cam1_20250923_061928.jpg,1280,720,"[313.0,519.7,452.0,157.0]",1,0.934
test_pen1_tur_cam1_20250923_063534_0002,pen1_tur_cam1_20250923_063534.jpg,1280,720,"[279.0,165.5,286.0,340.0]",2,0.9897
test_pen1_tur_cam1_20250923_065437_0002,pen1_tur_cam1_20250923_065437.jpg,1280,720,"[317.8,64.5,309.0,372.0]",4,0.8394
test_pen1_tur_cam1_20250923_065539_0003,pen1_tur_cam1_20250923_065539.jpg,1280,720,"[828.5,166.5,175.0,186.0]",3,0.821
test_pen1_tur_cam1_20250923_065739_0005,pen1_tur_cam1_20250923_065739.jpg,1280,720,"[863.5,161.5,219.0,177.0]",3,0.8184
test_pen1_tur_cam1_20250923_071242_0001,pen1_tur_cam1_20250923_071242.jpg,1280,720,"[282.5,492.5,449.0,185.0]",0,0.9375
test_pen1_tur_cam1_20250923_071744_0003,pen1_tur_cam1_20250923_071744.jpg,1280,720,"[845.5,144.0,230.0,188.0]",3,0.8203
test_pen1_tur_cam1_20250923_071944_0001,pen1_tur_cam1_20250923_071944.jpg,1280,720,"[782.0,135.5,195.0,334.0]",3,0.8193
test_pen1_tur_cam1_20250923_072246_0002,pen1_tur_cam1_20250923_072246.jpg,1280,720,"[845.5,145.0,220.0,219.0]",3,0.822
test_pen1_tur_cam1_20250923_072446_0005,pen1_tur_cam1_20250923_072446.jpg,1280,720,"[704.5,545.2,278.0,124.0]",4,0.843
test_pen1_tur_cam1_20250923_072546_0001,pen1_tur_cam1_20250923_072546.jpg,1280,720,"[703.5,536.0,278.0,133.0]",4,0.8447
test_pen1_tur_cam1_20250923_072746_0000,pen1_tur_cam1_20250923_072746.jpg,1280,720,"[276.5,480.6,394.0,234.0]",2,0.9375
test_pen1_tur_cam1_20250923_072746_0004,pen1_tur_cam1_20250923_072746.jpg,1280,720,"[690.0,518.0,292.0,130.0]",4,0.8486
test_pen1_tur_cam1_20250923_072946_0006,pen1_tur_cam1_20250923_072946.jpg,1280,720,"[967.0,163.0,157.0,236.0]",3,0.8193
test_pen1_tur_cam1_20250923_073749_0007,pen1_tur_cam1_20250923_073749.jpg,1280,720,"[1003.0,211.5,131.0,136.0]",3,0.8184
test_pen1_tur_cam1_20250923_074951_0005,pen1_tur_cam1_20250923_074951.jpg,1280,720,"[339.0,257.5,243.0,419.0]",2,0.8994
test_pen1_tur_cam1_20250923_075253_0004,pen1_tur_cam1_20250923_075253.jpg,1280,720,"[284.8,90.2,290.0,378.0]",2,0.994
test_pen1_tur_cam1_20250923_075453_0006,pen1_tur_cam1_20250923_075453.jpg,1280,720,"[1046.0,478.5,115.0,123.0]",0,0.935
test_pen1_tur_cam1_20250923_075453_0007,pen1_tur_cam1_20250923_075453.jpg,1280,720,"[1080.5,235.0,99.0,202.0]",3,0.8184
test_pen1_tur_cam1_20250923_075954_0001,pen1_tur_cam1_20250923_075954.jpg,1280,720,"[801.5,158.5,191.0,187.0]",3,0.818
test_pen1_tur_cam1_20250923_082501_0001,pen1_tur_cam1_20250923_082501.jpg,1280,720,"[646.5,456.0,321.0,206.0]",0,0.9395
test_pen1_tur_cam1_20250923_082602_0000,pen1_tur_cam1_20250923_082602.jpg,1280,720,"[645.0,456.0,323.0,205.0]",0,0.9365
test_pen1_tur_cam1_20250923_082802_0004,pen1_tur_cam1_20250923_082802.jpg,1280,720,"[636.0,451.5,322.0,204.0]",0,0.932
test_pen1_tur_cam1_20250923_082802_0005,pen1_tur_cam1_20250923_082802.jpg,1280,720,"[862.0,146.0,220.0,207.0]",3,0.8223
test_pen1_tur_cam1_20250923_083804_0001,pen1_tur_cam1_20250923_083804.jpg,1280,720,"[624.0,130.0,242.0,372.0]",3,0.8193
test_pen1_tur_cam1_20250923_090814_0002,pen1_tur_cam1_20250923_090814.jpg,1280,720,"[584.0,159.0,190.0,287.0]",2,0.991
test_pen1_tur_cam1_20250923_090814_0003,pen1_tur_cam1_20250923_090814.jpg,1280,720,"[476.5,467.5,387.0,206.0]",1,0.9365
test_pen1_tur_cam1_20250923_091014_0001,pen1_tur_cam1_20250923_091014.jpg,1280,720,"[480.5,454.5,408.0,218.0]",1,0.932
test_pen1_tur_cam1_20250923_094022_0003,pen1_tur_cam1_20250923_094022.jpg,1280,720,"[249.5,85.0,162.0,338.0]",4,0.849
test_pen1_tur_cam1_20250923_094123_0005,pen1_tur_cam1_20250923_094123.jpg,1280,720,"[850.0,146.5,202.0,259.0]",3,0.8193
test_pen1_tur_cam1_20250923_095025_0006,pen1_tur_cam1_20250923_095025.jpg,1280,720,"[858.5,146.0,192.0,245.0]",3,0.8193
test_pen1_tur_cam1_20250923_095326_0000,pen1_tur_cam1_20250923_095326.jpg,1280,720,"[245.5,247.0,158.0,425.0]",4,0.8496
test_pen1_tur_cam1_20250923_095326_0002,pen1_tur_cam1_20250923_095326.jpg,1280,720,"[359.0,1.5,297.0,289.0]",3,0.8223
test_pen1_tur_cam1_20250923_095526_0000,pen1_tur_cam1_20250923_095526.jpg,1280,720,"[245.0,241.0,158.0,430.0]",4,0.842
test_pen1_tur_cam1_20250923_095526_0003,pen1_tur_cam1_20250923_095526.jpg,1280,720,"[438.0,96.5,331.0,212.0]",3,0.8223
test_pen1_tur_cam1_20250923_095526_0006,pen1_tur_cam1_20250923_095526.jpg,1280,720,"[947.5,183.0,141.0,224.0]",3,0.8193
test_pen1_tur_cam1_20250923_095628_0008,pen1_tur_cam1_20250923_095628.jpg,1280,720,"[1096.0,415.5,64.0,163.0]",4,0.8496
test_pen1_tur_cam1_20250923_095828_0001,pen1_tur_cam1_20250923_095828.jpg,1280,720,"[597.0,259.0,332.0,266.0]",1,0.9355
test_pen1_tur_cam1_20250923_095828_0002,pen1_tur_cam1_20250923_095828.jpg,1280,720,"[611.5,376.0,301.0,294.0]",1,0.9355
test_pen1_tur_cam1_20250923_100128_0002,pen1_tur_cam1_20250923_100128.jpg,1280,720,"[500.5,19.5,342.0,174.0]",4,0.847
test_pen1_tur_cam1_20250923_100536_0000,pen1_tur_cam1_20250923_100536.jpg,1280,720,"[630.5,471.0,329.0,197.0]",1,0.935
test_pen1_tur_cam1_20250923_100536_0008,pen1_tur_cam1_20250923_100536.jpg,1280,720,"[1092.0,364.0,66.0,214.0]",4,0.8447
test_pen1_tur_cam1_20250923_100835_0002,pen1_tur_cam1_20250923_100835.jpg,1280,720,"[628.5,490.0,336.0,179.0]",1,0.935
test_pen1_tur_cam1_20250923_100835_0007,pen1_tur_cam1_20250923_100835.jpg,1280,720,"[1092.0,365.5,66.0,212.0]",4,0.842
test_pen1_tur_cam1_20250923_101035_0004,pen1_tur_cam1_20250923_101035.jpg,1280,720,"[278.0,2.0,159.0,322.0]",2,0.9043
test_pen1_tur_cam1_20250923_101331_0001,pen1_tur_cam1_20250923_101331.jpg,1280,720,"[620.0,481.0,342.0,188.0]",1,0.932
test_pen1_tur_cam1_20250923_102534_0001,pen1_tur_cam1_20250923_102534.jpg,1280,720,"[269.0,250.5,199.0,419.0]",2,0.993
test_pen1_tur_cam1_20250923_102534_0002,pen1_tur_cam1_20250923_102534.jpg,1280,720,"[508.0,43.0,318.0,194.0]",0,0.9395
test_pen1_tur_cam1_20250923_102635_0001,pen1_tur_cam1_20250923_102635.jpg,1280,720,"[518.0,41.5,308.0,202.0]",0,0.9385
test_pen1_tur_cam1_20250923_103136_0000,pen1_tur_cam1_20250923_103136.jpg,1280,720,"[249.0,224.0,236.0,428.0]",0,0.9316
test_pen1_tur_cam1_20250923_103536_0003,pen1_tur_cam1_20250923_103536.jpg,1280,720,"[819.0,147.5,153.0,234.0]",3,0.819
test_pen1_tur_cam1_20250923_103536_0005,pen1_tur_cam1_20250923_103536.jpg,1280,720,"[1046.0,224.0,122.0,131.0]",3,0.822
test_pen1_tur_cam1_20250923_103838_0000,pen1_tur_cam1_20250923_103838.jpg,1280,720,"[503.5,222.5,336.0,329.0]",2,0.99
test_pen1_tur_cam1_20250923_103838_0002,pen1_tur_cam1_20250923_103838.jpg,1280,720,"[257.0,168.5,221.0,451.0]",0,0.933
test_pen1_tur_cam1_20250923_104340_0004,pen1_tur_cam1_20250923_104340.jpg,1280,720,"[1094.5,400.5,86.0,189.0]",2,0.9863
test_pen1_tur_cam1_20250923_104340_0005,pen1_tur_cam1_20250923_104340.jpg,1280,720,"[584.0,430.5,387.0,192.0]",2,0.92
test_pen1_tur_cam1_20250923_110345_0000,pen1_tur_cam1_20250923_110345.jpg,1280,720,"[456.5,445.0,385.0,229.0]",1,0.933
test_pen1_tur_cam1_20250923_110345_0004,pen1_tur_cam1_20250923_110345.jpg,1280,720,"[525.0,19.0,321.0,218.0]",1,0.932
test_pen1_tur_cam1_20250923_122407_0002,pen1_tur_cam1_20250923_122407.jpg,1280,720,"[324.0,2.0,327.0,200.0]",0,0.9316
test_pen1_tur_cam1_20250923_122407_0004,pen1_tur_cam1_20250923_122407.jpg,1280,720,"[547.5,159.0,312.0,239.0]",0,0.9385
test_pen1_tur_cam1_20250923_122607_0001,pen1_tur_cam1_20250923_122607.jpg,1280,720,"[256.5,192.0,172.0,416.0]",4,0.8394
test_pen1_tur_cam1_20250923_122607_0002,pen1_tur_cam1_20250923_122607.jpg,1280,720,"[961.0,462.5,167.0,162.0]",0,0.9395
test_pen1_tur_cam1_20250923_122607_0008,pen1_tur_cam1_20250923_122607.jpg,1280,720,"[601.8,158.8,259.6,232.8]",0,0.9355
test_pen1_tur_cam1_20250923_122907_0003,pen1_tur_cam1_20250923_122907.jpg,1280,720,"[560.5,158.0,299.0,231.0]",0,0.9375
test_pen1_tur_cam1_20250923_122907_0004,pen1_tur_cam1_20250923_122907.jpg,1280,720,"[962.0,462.5,166.0,163.0]",0,0.9395
test_pen1_tur_cam1_20250923_122907_0006,pen1_tur_cam1_20250923_122907.jpg,1280,720,"[336.0,0.5,334.0,128.0]",2,0.974
test_pen1_tur_cam1_20250923_123107_0002,pen1_tur_cam1_20250923_123107.jpg,1280,720,"[824.5,226.0,238.0,124.0]",3,0.8203
test_pen1_tur_cam1_20250923_123107_0003,pen1_tur_cam1_20250923_123107.jpg,1280,720,"[545.0,140.5,326.0,253.0]",0,0.933
test_pen1_tur_cam1_20250923_123107_0005,pen1_tur_cam1_20250923_123107.jpg,1280,720,"[960.0,463.0,167.0,162.0]",0,0.9395
test_pen1_tur_cam1_20250923_123610_0008,pen1_tur_cam1_20250923_123610.jpg,1280,720,"[1099.5,323.0,79.0,170.0]",2,0.953
test_pen1_tur_cam1_20250923_123910_0004,pen1_tur_cam1_20250923_123910.jpg,1280,720,"[1078.0,435.5,92.0,162.0]",2,0.907
test_pen1_tur_cam1_20250923_123910_0007,pen1_tur_cam1_20250923_123910.jpg,1280,720,"[945.5,254.0,124.0,289.0]",2,0.974
test_pen1_tur_cam1_20250923_124913_0005,pen1_tur_cam1_20250923_124913.jpg,1280,720,"[710.5,503.5,292.0,159.0]",1,0.934
test_pen1_tur_cam1_20250923_125113_0003,pen1_tur_cam1_20250923_125113.jpg,1280,720,"[720.0,486.5,278.0,176.0]",1,0.933
test_pen1_tur_cam1_20250923_130217_0006,pen1_tur_cam1_20250923_130217.jpg,1280,720,"[592.0,0.5,293.0,236.0]",3,0.8193
test_pen1_tur_cam1_20250923_130719_0008,pen1_tur_cam1_20250923_130719.jpg,1280,720,"[861.8,542.5,153.0,105.0]",4,0.846
test_pen1_tur_cam1_20250923_130919_0004,pen1_tur_cam1_20250923_130919.jpg,1280,720,"[850.5,155.0,185.0,247.0]",3,0.8184
test_pen1_tur_cam1_20250923_130919_0005,pen1_tur_cam1_20250923_130919.jpg,1280,720,"[946.5,166.5,147.0,232.0]",3,0.8247
test_pen1_tur_cam1_20250923_130919_0007,pen1_tur_cam1_20250923_130919.jpg,1280,720,"[1043.0,217.8,101.2,202.2]",3,0.8184
test_pen1_tur_cam1_20250923_131119_0002,pen1_tur_cam1_20250923_131119.jpg,1280,720,"[564.0,526.5,357.0,147.0]",4,0.8457
test_pen1_tur_cam1_20250923_131119_0003,pen1_tur_cam1_20250923_131119.jpg,1280,720,"[939.5,180.5,159.0,204.0]",3,0.8193
test_pen1_tur_cam1_20250923_131119_0005,pen1_tur_cam1_20250923_131119.jpg,1280,720,"[903.5,530.0,183.0,115.0]",4,0.8438
test_pen1_tur_cam1_20250923_131119_0006,pen1_tur_cam1_20250923_131119.jpg,1280,720,"[1006.0,154.0,130.0,226.0]",3,0.8213
test_pen1_tur_cam1_20250923_131219_0000,pen1_tur_cam1_20250923_131219.jpg,1280,720,"[551.0,527.5,364.0,145.0]",4,0.8574
test_pen1_tur_cam1_20250923_131219_0006,pen1_tur_cam1_20250923_131219.jpg,1280,720,"[889.5,144.5,193.0,212.0]",3,0.8203
test_pen1_tur_cam1_20250923_131219_0008,pen1_tur_cam1_20250923_131219.jpg,1280,720,"[996.5,186.5,140.0,196.0]",3,0.8184
test_pen1_tur_cam1_20250923_131419_0002,pen1_tur_cam1_20250923_131419.jpg,1280,720,"[543.0,526.5,383.0,147.0]",4,0.8535
test_pen1_tur_cam1_20250923_131419_0004,pen1_tur_cam1_20250923_131419.jpg,1280,720,"[848.0,147.5,210.0,254.0]",3,0.8184
test_pen1_tur_cam1_20250923_131419_0007,pen1_tur_cam1_20250923_131419.jpg,1280,720,"[958.5,173.5,135.0,214.0]",3,0.821
test_pen1_tur_cam1_20250923_131619_0004,pen1_tur_cam1_20250923_131619.jpg,1280,720,"[550.5,525.5,373.0,147.0]",4,0.868
test_pen1_tur_cam1_20250923_131619_0007,pen1_tur_cam1_20250923_131619.jpg,1280,720,"[947.0,181.0,145.0,204.0]",3,0.8213
test_pen1_tur_cam1_20250923_132422_0000,pen1_tur_cam1_20250923_132422.jpg,1280,720,"[392.0,370.0,417.0,292.0]",1,0.9355
test_pen1_tur_cam1_20250923_132422_0001,pen1_tur_cam1_20250923_132422.jpg,1280,720,"[612.0,477.5,321.0,208.0]",1,0.9307
test_pen1_tur_cam1_20250923_132422_0003,pen1_tur_cam1_20250923_132422.jpg,1280,720,"[1024.0,479.0,130.0,132.0]",0,0.9365
test_pen1_tur_cam1_20250923_134127_0001,pen1_tur_cam1_20250923_134127.jpg,1280,720,"[534.0,48.0,316.0,204.0]",1,0.9355
test_pen1_tur_cam1_20250923_134127_0003,pen1_tur_cam1_20250923_134127.jpg,1280,720,"[841.0,158.8,211.0,210.0]",3,0.8193
test_pen1_tur_cam1_20250923_134127_0005,pen1_tur_cam1_20250923_134127.jpg,1280,720,"[1053.5,478.0,100.0,132.0]",0,0.9316
test_pen1_tur_cam1_20250923_134428_0001,pen1_tur_cam1_20250923_134428.jpg,1280,720,"[532.0,44.5,317.0,196.0]",1,0.932
test_pen1_tur_cam1_20250923_134428_0004,pen1_tur_cam1_20250923_134428.jpg,1280,720,"[848.5,148.0,218.0,182.0]",3,0.8193
test_pen1_tur_cam1_20250923_134729_0005,pen1_tur_cam1_20250923_134729.jpg,1280,720,"[1023.5,479.0,127.0,133.0]",0,0.935
test_pen1_tur_cam1_20250923_140434_0004,pen1_tur_cam1_20250923_140434.jpg,1280,720,"[962.5,274.5,172.0,131.0]",3,0.8237
test_pen1_tur_cam1_20250923_140434_0008,pen1_tur_cam1_20250923_140434.jpg,1280,720,"[1028.0,473.5,125.0,137.0]",0,0.935
test_pen1_tur_cam1_20250923_141135_0002,pen1_tur_cam1_20250923_141135.jpg,1280,720,"[799.5,507.0,257.0,133.0]",4,0.8394
test_pen1_tur_cam1_20250923_141937_0005,pen1_tur_cam1_20250923_141937.jpg,1280,720,"[506.0,10.5,320.0,170.0]",4,0.8525
test_pen1_tur_cam1_20250923_142239_0002,pen1_tur_cam1_20250923_142239.jpg,1280,720,"[498.0,22.0,327.0,189.0]",4,0.85
test_pen1_tur_cam1_20250923_142439_0002,pen1_tur_cam1_20250923_142439.jpg,1280,720,"[497.0,22.0,343.0,188.0]",4,0.8516
test_pen1_tur_cam1_20250923_142439_0008,pen1_tur_cam1_20250923_142439.jpg,1280,720,"[1051.5,485.5,105.0,120.0]",0,0.9307
test_pen1_tur_cam1_20250923_143442_0006,pen1_tur_cam1_20250923_143442.jpg,1280,720,"[1029.0,483.8,129.6,126.7]",0,0.933
test_pen1_tur_cam1_20250923_143642_0003,pen1_tur_cam1_20250923_143642.jpg,1280,720,"[870.0,150.0,203.0,204.0]",3,0.8203
test_pen1_tur_cam1_20250923_143743_0001,pen1_tur_cam1_20250923_143743.jpg,1280,720,"[650.5,230.5,199.0,355.0]",1,0.9307
test_pen1_tur_cam1_20250923_145748_0000,pen1_tur_cam1_20250923_145748.jpg,1280,720,"[550.5,265.0,270.0,346.0]",1,0.935
test_pen1_tur_cam1_20250923_145748_0002,pen1_tur_cam1_20250923_145748.jpg,1280,720,"[359.0,439.5,426.0,238.0]",1,0.9355
test_pen1_tur_cam1_20250923_145948_0000,pen1_tur_cam1_20250923_145948.jpg,1280,720,"[558.0,267.0,267.0,332.0]",1,0.9375
test_pen1_tur_cam1_20250923_145948_0002,pen1_tur_cam1_20250923_145948.jpg,1280,720,"[368.0,440.5,418.0,237.0]",1,0.934
test_pen1_tur_cam1_20250923_150148_0000,pen1_tur_cam1_20250923_150148.jpg,1280,720,"[365.5,441.0,420.0,239.0]",1,0.9365
test_pen1_tur_cam1_20250923_150148_0002,pen1_tur_cam1_20250923_150148.jpg,1280,720,"[548.5,260.0,269.0,394.0]",1,0.9307
test_pen1_tur_cam1_20250923_150250_0001,pen1_tur_cam1_20250923_150250.jpg,1280,720,"[555.0,260.0,262.0,391.0]",1,0.9355
test_pen1_tur_cam1_20250923_150250_0005,pen1_tur_cam1_20250923_150250.jpg,1280,720,"[364.0,471.0,421.0,207.0]",1,0.9355
test_pen1_tur_cam1_20250923_150650_0000,pen1_tur_cam1_20250923_150650.jpg,1280,720,"[551.0,274.5,259.0,314.0]",1,0.9395
test_pen1_tur_cam1_20250923_150650_0004,pen1_tur_cam1_20250923_150650.jpg,1280,720,"[357.5,436.0,427.0,243.0]",1,0.935
test_pen1_tur_cam1_20250923_172727_0003,pen1_tur_cam1_20250923_172727.jpg,1280,720,"[343.5,1.0,328.0,142.0]",0,0.935
test_pen1_tur_cam1_20250923_173730_0001,pen1_tur_cam1_20250923_173730.jpg,1280,720,"[290.0,183.5,200.0,394.0]",2,0.951
test_pen1_tur_cam1_20250924_060002_0000,pen1_tur_cam1_20250924_060002.jpg,1280,720,"[453.5,43.5,360.0,256.0]",1,0.9365
test_pen1_tur_cam1_20250924_060402_0000,pen1_tur_cam1_20250924_060402.jpg,1280,720,"[455.0,40.8,352.0,185.0]",1,0.9355
test_pen1_tur_cam1_20250924_061707_0002,pen1_tur_cam1_20250924_061707.jpg,1280,720,"[634.5,373.0,348.0,235.0]",2,0.9395
test_pen1_tur_cam1_20250924_061707_0003,pen1_tur_cam1_20250924_061707.jpg,1280,720,"[470.0,11.0,317.0,267.0]",1,0.9307
test_pen1_tur_cam1_20250924_061907_0000,pen1_tur_cam1_20250924_061907.jpg,1280,720,"[470.5,9.5,312.0,276.0]",1,0.933
test_pen1_tur_cam1_20250924_061907_0006,pen1_tur_cam1_20250924_061907.jpg,1280,720,"[717.5,298.5,234.0,212.0]",0,0.9355
test_pen1_tur_cam1_20250924_062208_0001,pen1_tur_cam1_20250924_062208.jpg,1280,720,"[684.5,320.5,328.0,214.0]",2,0.9556
test_pen1_tur_cam1_20250924_062208_0008,pen1_tur_cam1_20250924_062208.jpg,1280,720,"[1002.5,177.8,99.3,99.0]",4,0.8413
test_pen1_tur_cam1_20250924_062408_0008,pen1_tur_cam1_20250924_062408.jpg,1280,720,"[977.0,182.5,124.0,108.0]",4,0.857
test_pen1_tur_cam1_20250924_071922_0003,pen1_tur_cam1_20250924_071922.jpg,1280,720,"[329.5,0.5,329.0,222.0]",3,0.8223
test_pen1_tur_cam1_20250924_071922_0004,pen1_tur_cam1_20250924_071922.jpg,1280,720,"[892.5,158.5,212.0,226.0]",3,0.8184
test_pen1_tur_cam1_20250924_072524_0001,pen1_tur_cam1_20250924_072524.jpg,1280,720,"[596.0,6.5,184.0,370.0]",3,0.8213
test_pen1_tur_cam1_20250924_072524_0004,pen1_tur_cam1_20250924_072524.jpg,1280,720,"[842.0,521.0,246.0,124.0]",4,0.8574
test_pen1_tur_cam1_20250924_072524_0006,pen1_tur_cam1_20250924_072524.jpg,1280,720,"[907.8,215.7,154.0,226.0]",3,0.8184
test_pen1_tur_cam1_20250924_072724_0003,pen1_tur_cam1_20250924_072724.jpg,1280,720,"[822.5,148.5,167.0,251.0]",3,0.8184
test_pen1_tur_cam1_20250924_072724_0005,pen1_tur_cam1_20250924_072724.jpg,1280,720,"[876.5,523.5,215.0,121.0]",4,0.8423
test_pen1_tur_cam1_20250924_072724_0008,pen1_tur_cam1_20250924_072724.jpg,1280,720,"[996.5,171.5,110.0,103.0]",4,0.848
test_pen1_tur_cam1_20250924_072924_0001,pen1_tur_cam1_20250924_072924.jpg,1280,720,"[764.0,251.0,290.0,173.0]",3,0.8193
test_pen1_tur_cam1_20250924_072924_0005,pen1_tur_cam1_20250924_072924.jpg,1280,720,"[841.5,148.0,247.0,191.0]",3,0.8223
test_pen1_tur_cam1_20250924_073227_0001,pen1_tur_cam1_20250924_073227.jpg,1280,720,"[472.0,483.0,346.0,229.0]",2,0.9834
test_pen1_tur_cam1_20250924_073427_0004,pen1_tur_cam1_20250924_073427.jpg,1280,720,"[649.0,15.5,268.0,249.0]",3,0.8184
test_pen1_tur_cam1_20250924_074429_0000,pen1_tur_cam1_20250924_074429.jpg,1280,720,"[430.5,1.0,366.0,220.0]",1,0.9307
test_pen1_tur_cam1_20250924_075032_0001,pen1_tur_cam1_20250924_075032.jpg,1280,720,"[431.0,0.5,340.0,221.0]",1,0.9297
test_pen1_tur_cam1_20250924_075232_0002,pen1_tur_cam1_20250924_075232.jpg,1280,720,"[435.0,2.0,336.0,217.0]",1,0.933
test_pen1_tur_cam1_20250924_075232_0004,pen1_tur_cam1_20250924_075232.jpg,1280,720,"[844.0,147.5,227.0,219.0]",3,0.8184
test_pen1_tur_cam1_20250924_075432_0001,pen1_tur_cam1_20250924_075432.jpg,1280,720,"[437.0,3.0,330.0,213.0]",1,0.935
test_pen1_tur_cam1_20250924_075432_0003,pen1_tur_cam1_20250924_075432.jpg,1280,720,"[736.0,530.0,283.0,122.0]",4,0.8506
test_pen1_tur_cam1_20250924_080234_0001,pen1_tur_cam1_20250924_080234.jpg,1280,720,"[756.0,483.5,264.0,167.0]",0,0.9375
test_pen1_tur_cam1_20250924_080434_0000,pen1_tur_cam1_20250924_080434.jpg,1280,720,"[753.5,479.5,266.0,178.0]",0,0.9375
test_pen1_tur_cam1_20250924_080434_0003,pen1_tur_cam1_20250924_080434.jpg,1280,720,"[427.5,0.5,366.0,219.0]",1,0.932
test_pen1_tur_cam1_20250924_080535_0003,pen1_tur_cam1_20250924_080535.jpg,1280,720,"[430.5,1.0,357.0,213.0]",1,0.9316
test_pen1_tur_cam1_20250924_080535_0004,pen1_tur_cam1_20250924_080535.jpg,1280,720,"[748.5,487.0,271.0,173.0]",0,0.9385
test_pen1_tur_cam1_20250924_081236_0002,pen1_tur_cam1_20250924_081236.jpg,1280,720,"[765.5,485.5,250.0,174.0]",0,0.9375
test_pen1_tur_cam1_20250924_081236_0004,pen1_tur_cam1_20250924_081236.jpg,1280,720,"[425.0,0.5,335.0,199.0]",1,0.9307
test_pen1_tur_cam1_20250924_081236_0006,pen1_tur_cam1_20250924_081236.jpg,1280,720,"[356.0,436.0,433.0,243.0]",1,0.932
test_pen1_tur_cam1_20250924_085248_0003,pen1_tur_cam1_20250924_085248.jpg,1280,720,"[432.5,2.5,323.0,228.0]",1,0.934
test_pen1_tur_cam1_20250924_085248_0004,pen1_tur_cam1_20250924_085248.jpg,1280,720,"[755.5,488.5,272.0,172.0]",0,0.9375
test_pen1_tur_cam1_20250924_085248_0008,pen1_tur_cam1_20250924_085248.jpg,1280,720,"[996.5,172.0,114.0,160.0]",1,0.9307
test_pen1_tur_cam1_20250924_090751_0002,pen1_tur_cam1_20250924_090751.jpg,1280,720,"[430.5,0.5,325.0,235.0]",1,0.9355
test_pen1_tur_cam1_20250924_090751_0003,pen1_tur_cam1_20250924_090751.jpg,1280,720,"[905.0,194.5,195.0,231.0]",3,0.8184
test_pen1_tur_cam1_20250924_090751_0005,pen1_tur_cam1_20250924_090751.jpg,1280,720,"[758.5,479.5,270.0,185.0]",0,0.934
test_pen1_tur_cam1_20250924_090751_0006,pen1_tur_cam1_20250924_090751.jpg,1280,720,"[664.0,294.0,207.0,315.0]",2,0.992
test_pen1_tur_cam1_20250924_095606_0001,pen1_tur_cam1_20250924_095606.jpg,1280,720,"[247.5,221.0,370.0,244.0]",2,0.994
test_pen1_tur_cam1_20250924_095606_0002,pen1_tur_cam1_20250924_095606.jpg,1280,720,"[743.5,462.1,280.0,196.0]",0,0.9365
test_pen1_tur_cam1_20250924_095606_0008,pen1_tur_cam1_20250924_095606.jpg,1280,720,"[274.0,1.0,257.0,306.0]",4,0.862
test_pen1_tur_cam1_20250924_095806_0000,pen1_tur_cam1_20250924_095806.jpg,1280,720,"[743.0,459.0,279.0,204.0]",0,0.9375
test_pen1_tur_cam1_20250924_100006_0000,pen1_tur_cam1_20250924_100006.jpg,1280,720,"[745.5,459.5,276.0,202.0]",0,0.9375
test_pen1_tur_cam1_20250924_100006_0007,pen1_tur_cam1_20250924_100006.jpg,1280,720,"[1082.0,243.5,76.0,201.0]",4,0.8438
test_pen1_tur_cam1_20250924_101109_0000,pen1_tur_cam1_20250924_101109.jpg,1280,720,"[287.0,432.5,434.0,246.0]",0,0.9375
test_pen1_tur_cam1_20250924_101109_0001,pen1_tur_cam1_20250924_101109.jpg,1280,720,"[675.5,73.0,215.0,284.0]",3,0.8213
test_pen1_tur_cam1_20250924_101109_0003,pen1_tur_cam1_20250924_101109.jpg,1280,720,"[803.0,145.2,154.0,243.0]",3,0.8184
test_pen1_tur_cam1_20250924_101109_0008,pen1_tur_cam1_20250924_101109.jpg,1280,720,"[952.0,164.0,135.0,234.0]",3,0.8184
test_pen1_tur_cam1_20250924_103616_0004,pen1_tur_cam1_20250924_103616.jpg,1280,720,"[972.0,204.0,164.0,253.0]",3,0.8184
test_pen1_tur_cam1_20250924_103616_0005,pen1_tur_cam1_20250924_103616.jpg,1280,720,"[479.5,7.5,331.0,222.0]",1,0.9297
test_pen1_tur_cam1_20250924_103816_0005,pen1_tur_cam1_20250924_103816.jpg,1280,720,"[758.5,151.0,200.0,219.0]",3,0.818
test_pen1_tur_cam1_20250924_103816_0008,pen1_tur_cam1_20250924_103816.jpg,1280,720,"[598.0,53.5,232.0,138.0]",2,0.9756
test_pen1_tur_cam1_20250924_104016_0003,pen1_tur_cam1_20250924_104016.jpg,1280,720,"[857.5,142.0,211.0,268.0]",3,0.8184
test_pen1_tur_cam1_20250924_104016_0007,pen1_tur_cam1_20250924_104016.jpg,1280,720,"[948.0,172.5,150.0,162.0]",3,0.8184
test_pen1_tur_cam1_20250924_104317_0005,pen1_tur_cam1_20250924_104317.jpg,1280,720,"[844.5,145.5,246.0,187.0]",3,0.8184
test_pen1_tur_cam1_20250924_104620_0005,pen1_tur_cam1_20250924_104620.jpg,1280,720,"[875.0,236.5,194.0,232.0]",3,0.8203
test_pen1_tur_cam1_20250924_105020_0000,pen1_tur_cam1_20250924_105020.jpg,1280,720,"[244.0,227.5,180.0,429.0]",4,0.8438
test_pen1_tur_cam1_20250924_105020_0001,pen1_tur_cam1_20250924_105020.jpg,1280,720,"[381.0,471.8,410.0,207.0]",1,0.9307
test_pen1_tur_cam1_20250924_105020_0005,pen1_tur_cam1_20250924_105020.jpg,1280,720,"[942.5,172.5,153.0,231.0]",3,0.8276
test_pen1_tur_cam1_20250924_105320_0001,pen1_tur_cam1_20250924_105320.jpg,1280,720,"[307.5,487.5,429.0,185.0]",4,0.8535
test_pen1_tur_cam1_20250924_111527_0008,pen1_tur_cam1_20250924_111527.jpg,1280,720,"[939.5,167.0,157.0,213.0]",3,0.8203
test_pen1_tur_cam1_20250924_112031_0004,pen1_tur_cam1_20250924_112031.jpg,1280,720,"[852.5,146.0,227.0,187.0]",3,0.822
test_pen1_tur_cam1_20250924_112129_0005,pen1_tur_cam1_20250924_112129.jpg,1280,720,"[841.5,145.0,219.0,237.0]",3,0.8213
test_pen1_tur_cam1_20250924_112129_0006,pen1_tur_cam1_20250924_112129.jpg,1280,720,"[384.0,458.0,357.0,222.0]",2,0.991
test_pen1_tur_cam1_20250924_112329_0001,pen1_tur_cam1_20250924_112329.jpg,1280,720,"[424.5,166.2,393.0,204.0]",0,0.9395
test_pen1_tur_cam1_20250924_112831_0000,pen1_tur_cam1_20250924_112831.jpg,1280,720,"[419.0,197.5,393.0,200.0]",0,0.9365
test_pen1_tur_cam1_20250924_112831_0001,pen1_tur_cam1_20250924_112831.jpg,1280,720,"[668.5,336.5,166.0,330.0]",2,0.993
test_pen1_tur_cam1_20250924_113031_0001,pen1_tur_cam1_20250924_113031.jpg,1280,720,"[563.2,166.5,293.0,162.0]",2,0.991
test_pen1_tur_cam1_20250924_113837_0007,pen1_tur_cam1_20250924_113837.jpg,1280,720,"[425.5,23.5,301.0,241.0]",2,0.8887
test_pen1_tur_cam1_20250924_121856_0000,pen1_tur_cam1_20250924_121856.jpg,1280,720,"[241.0,239.5,254.0,422.0]",4,0.8496
test_pen1_tur_cam1_20250924_121856_0005,pen1_tur_cam1_20250924_121856.jpg,1280,720,"[1071.0,327.5,119.0,162.0]",2,0.873
test_pen1_tur_cam1_20250924_122056_0000,pen1_tur_cam1_20250924_122056.jpg,1280,720,"[250.0,215.0,426.0,350.0]",3,0.8184
test_pen1_tur_cam1_20250924_122357_0006,pen1_tur_cam1_20250924_122357.jpg,1280,720,"[880.0,155.5,211.0,188.0]",3,0.826
test_pen1_tur_cam1_20250924_122357_0007,pen1_tur_cam1_20250924_122357.jpg,1280,720,"[1047.5,202.5,92.0,221.0]",3,0.8184
test_pen1_tur_cam1_20250924_123059_0000,pen1_tur_cam1_20250924_123059.jpg,1280,720,"[583.5,399.0,321.0,219.0]",1,0.9316
test_pen1_tur_cam1_20250924_123200_0001,pen1_tur_cam1_20250924_123200.jpg,1280,720,"[544.5,393.5,354.0,237.0]",1,0.9395
test_pen1_tur_cam1_20250924_123200_0004,pen1_tur_cam1_20250924_123200.jpg,1280,720,"[891.5,159.0,184.0,243.0]",3,0.821
test_pen1_tur_cam1_20250924_123600_0008,pen1_tur_cam1_20250924_123600.jpg,1280,720,"[1078.0,214.5,94.0,192.0]",3,0.8184
test_pen1_tur_cam1_20250924_123702_0003,pen1_tur_cam1_20250924_123702.jpg,1280,720,"[506.0,63.5,297.0,253.0]",0,0.9316
test_pen1_tur_cam1_20250924_123901_0000,pen1_tur_cam1_20250924_123901.jpg,1280,720,"[498.0,410.7,319.0,249.0]",2,0.8784
test_pen1_tur_cam1_20250924_123901_0004,pen1_tur_cam1_20250924_123901.jpg,1280,720,"[862.5,479.0,219.0,162.0]",1,0.933
test_pen1_tur_cam1_20250924_123901_0005,pen1_tur_cam1_20250924_123901.jpg,1280,720,"[527.0,64.0,291.0,238.0]",0,0.9355
test_pen1_tur_cam1_20250924_125607_0003,pen1_tur_cam1_20250924_125607.jpg,1280,720,"[310.8,107.0,384.0,205.0]",2,0.9497
test_pen1_tur_cam1_20250924_130208_0004,pen1_tur_cam1_20250924_130208.jpg,1280,720,"[628.0,283.6,356.0,214.0]",2,0.979
test_pen1_tur_cam1_20250924_130208_0005,pen1_tur_cam1_20250924_130208.jpg,1280,720,"[390.0,459.0,372.0,203.0]",2,0.9478
test_pen1_tur_cam1_20250924_130408_0005,pen1_tur_cam1_20250924_130408.jpg,1280,720,"[934.5,170.0,165.0,230.0]",3,0.8203
test_pen1_tur_cam1_20250924_130608_0001,pen1_tur_cam1_20250924_130608.jpg,1280,720,"[808.5,152.5,178.0,264.0]",3,0.8184
test_pen1_tur_cam1_20250924_130909_0003,pen1_tur_cam1_20250924_130909.jpg,1280,720,"[562.0,541.0,356.0,134.0]",4,0.8438
test_pen1_tur_cam1_20250924_130909_0005,pen1_tur_cam1_20250924_130909.jpg,1280,720,"[688.5,25.0,244.0,288.0]",3,0.8203
test_pen1_tur_cam1_20250924_131109_0000,pen1_tur_cam1_20250924_131109.jpg,1280,720,"[643.5,172.0,289.0,328.0]",3,0.818
test_pen1_tur_cam1_20250924_131109_0003,pen1_tur_cam1_20250924_131109.jpg,1280,720,"[540.0,539.0,379.0,135.0]",4,0.863
test_pen1_tur_cam1_20250924_131109_0004,pen1_tur_cam1_20250924_131109.jpg,1280,720,"[849.0,157.0,200.0,235.0]",3,0.822
test_pen1_tur_cam1_20250924_131210_0007,pen1_tur_cam1_20250924_131210.jpg,1280,720,"[849.0,147.5,238.0,212.0]",3,0.8213
test_pen1_tur_cam1_20250924_131912_0001,pen1_tur_cam1_20250924_131912.jpg,1280,720,"[295.5,250.5,430.0,213.0]",1,0.932
test_pen1_tur_cam1_20250924_135120_0002,pen1_tur_cam1_20250924_135120.jpg,1280,720,"[564.5,452.5,352.0,214.0]",1,0.9307
test_pen1_tur_cam1_20250924_135120_0005,pen1_tur_cam1_20250924_135120.jpg,1280,720,"[849.5,146.5,204.0,245.0]",3,0.8184
test_pen1_tur_cam1_20250924_135422_0003,pen1_tur_cam1_20250924_135422.jpg,1280,720,"[844.5,147.0,173.0,269.0]",3,0.8184
test_pen1_tur_cam1_20250924_135422_0007,pen1_tur_cam1_20250924_135422.jpg,1280,720,"[1088.0,274.5,64.0,194.0]",4,0.842
test_pen1_tur_cam1_20250924_135622_0001,pen1_tur_cam1_20250924_135622.jpg,1280,720,"[354.0,203.5,396.0,246.0]",2,0.9844
test_pen1_tur_cam1_20250924_135622_0006,pen1_tur_cam1_20250924_135622.jpg,1280,720,"[530.5,447.5,376.0,219.0]",1,0.9297
test_pen1_tur_cam1_20250924_135723_0002,pen1_tur_cam1_20250924_135723.jpg,1280,720,"[563.5,37.0,278.0,212.0]",0,0.934
test_pen1_tur_cam1_20250924_135723_0005,pen1_tur_cam1_20250924_135723.jpg,1280,720,"[528.0,472.0,366.0,194.0]",1,0.932
test_pen1_tur_cam1_20250924_135923_0000,pen1_tur_cam1_20250924_135923.jpg,1280,720,"[556.0,445.0,345.0,222.0]",1,0.9316
test_pen1_tur_cam1_20250924_135923_0002,pen1_tur_cam1_20250924_135923.jpg,1280,720,"[565.2,37.0,276.0,211.0]",0,0.933
test_pen1_tur_cam1_20250924_140726_0005,pen1_tur_cam1_20250924_140726.jpg,1280,720,"[999.5,456.5,131.0,143.0]",2,0.953
test_pen1_tur_cam1_20250924_140726_0008,pen1_tur_cam1_20250924_140726.jpg,1280,720,"[312.5,311.0,359.0,174.0]",2,0.9575
test_pen1_tur_cam1_20250924_141126_0000,pen1_tur_cam1_20250924_141126.jpg,1280,720,"[360.0,1.0,341.0,318.0]",0,0.9375
test_pen1_tur_cam1_20250924_141126_0002,pen1_tur_cam1_20250924_141126.jpg,1280,720,"[270.5,166.0,165.0,471.0]",4,0.8457
test_pen1_tur_cam1_20250924_143232_0000,pen1_tur_cam1_20250924_143232.jpg,1280,720,"[270.0,402.5,391.0,291.0]",2,0.862
test_pen1_tur_cam1_20250924_143432_0001,pen1_tur_cam1_20250924_143432.jpg,1280,720,"[350.0,420.1,370.0,280.0]",2,0.886
test_pen1_tur_cam1_20250924_143432_0005,pen1_tur_cam1_20250924_143432.jpg,1280,720,"[814.5,144.0,156.0,238.0]",3,0.8184
test_pen1_tur_cam1_20250924_143933_0003,pen1_tur_cam1_20250924_143933.jpg,1280,720,"[662.5,530.5,296.0,137.0]",4,0.849
test_pen1_tur_cam1_20250925_071012_0006,pen1_tur_cam1_20250925_071012.jpg,1280,720,"[558.5,268.0,301.0,285.0]",2,0.9253
test_pen1_tur_cam1_20250925_071113_0001,pen1_tur_cam1_20250925_071113.jpg,1280,720,"[516.8,255.5,331.0,273.0]",2,0.885
test_pen1_tur_cam1_20250925_071614_0001,pen1_tur_cam1_20250925_071614.jpg,1280,720,"[352.0,1.5,363.0,149.0]",4,0.841
test_pen1_tur_cam1_20250925_073820_0004,pen1_tur_cam1_20250925_073820.jpg,1280,720,"[843.5,148.5,224.0,204.0]",3,0.819
test_pen1_tur_cam1_20250925_074321_0003,pen1_tur_cam1_20250925_074321.jpg,1280,720,"[258.0,283.5,296.0,317.0]",2,0.953
test_pen1_tur_cam1_20250925_074321_0005,pen1_tur_cam1_20250925_074321.jpg,1280,720,"[346.0,0.5,172.0,346.0]",2,0.972
test_pen1_tur_cam1_20250925_074521_0001,pen1_tur_cam1_20250925_074521.jpg,1280,720,"[369.5,206.0,384.0,319.0]",4,0.8447
test_pen1_tur_cam1_20250925_074521_0005,pen1_tur_cam1_20250925_074521.jpg,1280,720,"[858.5,141.5,231.0,221.0]",3,0.8276
test_pen1_tur_cam1_20250925_074623_0002,pen1_tur_cam1_20250925_074623.jpg,1280,720,"[765.0,496.2,268.0,168.0]",0,0.934
test_pen1_tur_cam1_20250925_074623_0006,pen1_tur_cam1_20250925_074623.jpg,1280,720,"[1089.0,315.0,71.0,212.0]",4,0.8403
test_pen1_tur_cam1_20250925_074822_0001,pen1_tur_cam1_20250925_074822.jpg,1280,720,"[393.0,161.5,226.0,369.0]",2,0.968
test_pen1_tur_cam1_20250925_075022_0002,pen1_tur_cam1_20250925_075022.jpg,1280,720,"[760.0,496.5,274.0,168.0]",0,0.9385
test_pen1_tur_cam1_20250925_075022_0006,pen1_tur_cam1_20250925_075022.jpg,1280,720,"[1107.0,243.5,78.0,168.0]",3,0.82
test_pen1_tur_cam1_20250925_075124_0002,pen1_tur_cam1_20250925_075124.jpg,1280,720,"[247.5,133.0,301.0,238.0]",2,0.974
test_pen1_tur_cam1_20250925_075124_0005,pen1_tur_cam1_20250925_075124.jpg,1280,720,"[759.0,494.0,274.0,169.0]",0,0.9395
test_pen1_tur_cam1_20250925_075324_0001,pen1_tur_cam1_20250925_075324.jpg,1280,720,"[241.0,155.5,321.0,236.0]",2,0.9863
test_pen1_tur_cam1_20250925_075524_0001,pen1_tur_cam1_20250925_075524.jpg,1280,720,"[470.5,158.0,379.0,307.0]",0,0.9375
test_pen1_tur_cam1_20250925_075524_0004,pen1_tur_cam1_20250925_075524.jpg,1280,720,"[758.0,496.5,276.0,167.0]",0,0.9395
test_pen1_tur_cam1_20250925_075524_0008,pen1_tur_cam1_20250925_075524.jpg,1280,720,"[965.5,183.5,135.0,86.0]",4,0.853
test_pen1_tur_cam1_20250925_075625_0003,pen1_tur_cam1_20250925_075625.jpg,1280,720,"[246.0,141.5,319.0,235.0]",2,0.993
test_pen1_tur_cam1_20250925_075825_0005,pen1_tur_cam1_20250925_075825.jpg,1280,720,"[936.0,216.0,135.0,263.0]",3,0.8184
test_pen1_tur_cam1_20250925_080527_0001,pen1_tur_cam1_20250925_080527.jpg,1280,720,"[436.2,442.5,411.0,235.0]",1,0.935
test_pen1_tur_cam1_20250925_080527_0005,pen1_tur_cam1_20250925_080527.jpg,1280,720,"[831.5,486.5,229.0,164.0]",0,0.935
test_pen1_tur_cam1_20250925_081029_0001,pen1_tur_cam1_20250925_081029.jpg,1280,720,"[828.0,479.0,232.0,171.0]",0,0.9395
test_pen1_tur_cam1_20250925_081029_0003,pen1_tur_cam1_20250925_081029.jpg,1280,720,"[448.5,157.5,177.0,347.0]",2,0.92
test_pen1_tur_cam1_20250925_081029_0004,pen1_tur_cam1_20250925_081029.jpg,1280,720,"[810.0,156.0,176.0,206.0]",3,0.8184
test_pen1_tur_cam1_20250925_081129_0002,pen1_tur_cam1_20250925_081129.jpg,1280,720,"[811.0,479.5,249.0,171.0]",0,0.9395
test_pen1_tur_cam1_20250925_081329_0004,pen1_tur_cam1_20250925_081329.jpg,1280,720,"[772.5,79.0,160.0,344.0]",3,0.8193
test_pen1_tur_cam1_20250925_081529_0003,pen1_tur_cam1_20250925_081529.jpg,1280,720,"[547.5,35.5,285.0,204.0]",0,0.932
test_pen1_tur_cam1_20250925_081529_0004,pen1_tur_cam1_20250925_081529.jpg,1280,720,"[819.0,484.5,241.0,166.0]",0,0.9395
test_pen1_tur_cam1_20250925_082833_0002,pen1_tur_cam1_20250925_082833.jpg,1280,720,"[414.5,428.5,413.0,247.0]",1,0.932
test_pen1_tur_cam1_20250925_082833_0005,pen1_tur_cam1_20250925_082833.jpg,1280,720,"[808.0,475.5,248.0,173.0]",0,0.9355
test_pen1_tur_cam1_20250925_083033_0004,pen1_tur_cam1_20250925_083033.jpg,1280,720,"[421.5,81.0,259.0,265.0]",2,0.9824
test_pen1_tur_cam1_20250925_083135_0004,pen1_tur_cam1_20250925_083135.jpg,1280,720,"[367.5,134.0,315.0,234.0]",2,0.9746
test_pen1_tur_cam1_20250925_083135_0005,pen1_tur_cam1_20250925_083135.jpg,1280,720,"[804.5,493.5,257.0,156.0]",0,0.9365
test_pen1_tur_cam1_20250925_083334_0002,pen1_tur_cam1_20250925_083334.jpg,1280,720,"[823.0,494.5,240.0,156.0]",0,0.9375
test_pen1_tur_cam1_20250925_083334_0003,pen1_tur_cam1_20250925_083334.jpg,1280,720,"[661.0,84.5,226.0,309.0]",3,0.8223
test_pen1_tur_cam1_20250925_083836_0000,pen1_tur_cam1_20250925_083836.jpg,1280,720,"[525.0,371.5,361.0,330.0]",3,0.8184
test_pen1_tur_cam1_20250925_084338_0004,pen1_tur_cam1_20250925_084338.jpg,1280,720,"[630.5,172.5,285.0,348.0]",3,0.821
test_pen1_tur_cam1_20250925_084338_0005,pen1_tur_cam1_20250925_084338.jpg,1280,720,"[821.5,152.5,182.0,310.0]",3,0.8184
test_pen1_tur_cam1_20250925_084338_0007,pen1_tur_cam1_20250925_084338.jpg,1280,720,"[871.0,148.5,207.0,224.0]",3,0.8203
test_pen1_tur_cam1_20250925_084338_0008,pen1_tur_cam1_20250925_084338.jpg,1280,720,"[1040.0,200.0,124.0,185.0]",3,0.8184
test_pen1_tur_cam1_20250925_084538_0007,pen1_tur_cam1_20250925_084538.jpg,1280,720,"[952.0,171.5,139.0,229.0]",3,0.8193
test_pen1_tur_cam1_20250925_084639_0002,pen1_tur_cam1_20250925_084639.jpg,1280,720,"[861.5,398.5,253.0,119.0]",3,0.8203
test_pen1_tur_cam1_20250925_090543_0000,pen1_tur_cam1_20250925_090543.jpg,1280,720,"[649.0,306.5,332.0,176.0]",4,0.848
test_pen1_tur_cam1_20250925_090543_0002,pen1_tur_cam1_20250925_090543.jpg,1280,720,"[293.5,12.0,355.0,318.0]",2,0.987
test_pen1_tur_cam1_20250925_090845_0004,pen1_tur_cam1_20250925_090845.jpg,1280,720,"[1021.5,473.5,132.0,138.0]",0,0.9395
test_pen1_tur_cam1_20250925_091346_0002,pen1_tur_cam1_20250925_091346.jpg,1280,720,"[525.5,23.5,328.0,218.0]",1,0.935
test_pen1_tur_cam1_20250925_091346_0006,pen1_tur_cam1_20250925_091346.jpg,1280,720,"[724.5,376.5,299.0,218.0]",1,0.934
test_pen1_tur_cam1_20250925_091848_0001,pen1_tur_cam1_20250925_091848.jpg,1280,720,"[642.5,493.0,342.0,177.0]",1,0.9307
test_pen1_tur_cam1_20250925_091848_0004,pen1_tur_cam1_20250925_091848.jpg,1280,720,"[1022.0,478.5,133.0,131.0]",0,0.9355
test_pen1_tur_cam1_20250925_092048_0001,pen1_tur_cam1_20250925_092048.jpg,1280,720,"[644.0,495.0,342.0,175.0]",1,0.9307
test_pen1_tur_cam1_20250925_092048_0003,pen1_tur_cam1_20250925_092048.jpg,1280,720,"[1022.0,477.5,132.0,134.0]",0,0.9355
test_pen1_tur_cam1_20250925_095400_0005,pen1_tur_cam1_20250925_095400.jpg,1280,720,"[1026.0,485.5,132.0,125.0]",0,0.934
test_pen1_tur_cam1_20250925_095905_0001,pen1_tur_cam1_20250925_095905.jpg,1280,720,"[691.5,45.5,160.0,322.0]",3,0.8184
test_pen1_tur_cam1_20250925_095905_0002,pen1_tur_cam1_20250925_095905.jpg,1280,720,"[428.5,1.0,320.0,227.0]",3,0.818
test_pen1_tur_cam1_20250925_100403_0004,pen1_tur_cam1_20250925_100403.jpg,1280,720,"[843.0,145.0,215.0,256.0]",3,0.818
test_pen1_tur_cam1_20250925_100904_0001,pen1_tur_cam1_20250925_100904.jpg,1280,720,"[428.5,480.2,408.0,197.0]",1,0.9297
test_pen1_tur_cam1_20250925_100904_0003,pen1_tur_cam1_20250925_100904.jpg,1280,720,"[745.0,146.0,205.0,214.0]",3,0.819
test_pen1_tur_cam1_20250925_115131_0002,pen1_tur_cam1_20250925_115131.jpg,1280,720,"[555.5,38.5,301.0,231.0]",0,0.9316
test_pen1_tur_cam1_20250925_115233_0001,pen1_tur_cam1_20250925_115233.jpg,1280,720,"[293.0,0.5,168.0,290.0]",2,0.877
test_pen1_tur_cam1_20250925_115633_0001,pen1_tur_cam1_20250925_115633.jpg,1280,720,"[725.0,284.5,227.0,377.0]",3,0.8184
test_pen1_tur_cam1_20250925_115734_0001,pen1_tur_cam1_20250925_115734.jpg,1280,720,"[287.5,36.5,378.0,216.0]",3,0.8213
test_pen1_tur_cam1_20250925_115934_0000,pen1_tur_cam1_20250925_115934.jpg,1280,720,"[240.0,213.0,315.0,477.0]",3,0.8193
test_pen1_tur_cam1_20250925_120134_0003,pen1_tur_cam1_20250925_120134.jpg,1280,720,"[881.0,143.5,209.0,190.0]",3,0.818
test_pen1_tur_cam1_20250925_120235_0006,pen1_tur_cam1_20250925_120235.jpg,1280,720,"[831.5,154.5,245.0,253.0]",3,0.8184
test_pen1_tur_cam1_20250925_120435_0007,pen1_tur_cam1_20250925_120435.jpg,1280,720,"[947.0,166.0,151.0,216.0]",3,0.8228
test_pen1_tur_cam1_20250925_120737_0004,pen1_tur_cam1_20250925_120737.jpg,1280,720,"[831.0,193.0,186.0,194.0]",3,0.819
test_pen1_tur_cam1_20250925_120737_0005,pen1_tur_cam1_20250925_120737.jpg,1280,720,"[989.5,189.5,160.0,178.0]",3,0.8184
test_pen1_tur_cam1_20250925_120937_0001,pen1_tur_cam1_20250925_120937.jpg,1280,720,"[256.0,252.0,155.0,396.0]",4,0.8394
test_pen1_tur_cam1_20250925_121137_0002,pen1_tur_cam1_20250925_121137.jpg,1280,720,"[228.8,195.0,201.0,375.0]",2,0.9434
test_pen1_tur_cam1_20250925_121137_0005,pen1_tur_cam1_20250925_121137.jpg,1280,720,"[264.0,512.0,454.0,171.0]",4,0.8613
test_pen1_tur_cam1_20250925_122241_0000,pen1_tur_cam1_20250925_122241.jpg,1280,720,"[510.0,164.0,238.0,322.0]",2,0.9946
test_pen1_tur_cam1_20250925_122441_0001,pen1_tur_cam1_20250925_122441.jpg,1280,720,"[543.0,138.0,313.0,215.0]",0,0.9365
test_pen1_tur_cam1_20250925_122641_0006,pen1_tur_cam1_20250925_122641.jpg,1280,720,"[1022.0,486.5,133.0,116.0]",0,0.934
test_pen1_tur_cam1_20250925_123150_0001,pen1_tur_cam1_20250925_123150.jpg,1280,720,"[720.5,152.5,201.0,275.0]",3,0.818
test_pen1_tur_cam1_20250925_123150_0003,pen1_tur_cam1_20250925_123150.jpg,1280,720,"[868.5,142.0,181.0,239.0]",3,0.8193
test_pen1_tur_cam1_20250925_123644_0006,pen1_tur_cam1_20250925_123644.jpg,1280,720,"[1016.2,492.5,136.0,116.0]",0,0.9375
test_pen1_tur_cam1_20250925_123745_0006,pen1_tur_cam1_20250925_123745.jpg,1280,720,"[1019.0,500.5,135.0,110.0]",0,0.934
test_pen1_tur_cam1_20250925_123945_0004,pen1_tur_cam1_20250925_123945.jpg,1280,720,"[868.5,145.0,214.0,206.0]",3,0.818
test_pen1_tur_cam1_20250925_123945_0006,pen1_tur_cam1_20250925_123945.jpg,1280,720,"[1016.5,483.5,134.0,126.0]",0,0.9385
test_pen1_tur_cam1_20250925_124747_0001,pen1_tur_cam1_20250925_124747.jpg,1280,720,"[801.5,156.0,184.0,186.0]",3,0.818
test_pen1_tur_cam1_20250925_131153_0000,pen1_tur_cam1_20250925_131153.jpg,1280,720,"[410.0,425.0,385.0,249.0]",0,0.9307
test_pen1_tur_cam1_20250925_131153_0002,pen1_tur_cam1_20250925_131153.jpg,1280,720,"[436.5,152.0,356.0,303.0]",1,0.9307
test_pen1_tur_cam1_20250925_131955_0000,pen1_tur_cam1_20250925_131955.jpg,1280,720,"[551.5,374.5,278.0,251.0]",2,0.962
test_pen1_tur_cam1_20250925_131955_0003,pen1_tur_cam1_20250925_131955.jpg,1280,720,"[457.7,111.7,374.0,222.0]",2,0.87
test_pen1_tur_cam1_20250925_132155_0000,pen1_tur_cam1_20250925_132155.jpg,1280,720,"[342.5,0.5,300.0,380.0]",3,0.818
test_pen1_tur_cam1_20250925_132155_0004,pen1_tur_cam1_20250925_132155.jpg,1280,720,"[892.0,165.5,137.0,249.0]",3,0.8193
test_pen1_tur_cam1_20250925_132155_0005,pen1_tur_cam1_20250925_132155.jpg,1280,720,"[903.0,186.0,174.0,292.0]",3,0.8184
test_pen1_tur_cam1_20250925_132257_0002,pen1_tur_cam1_20250925_132257.jpg,1280,720,"[801.5,156.5,192.0,215.0]",3,0.8193
test_pen1_tur_cam1_20250925_132657_0002,pen1_tur_cam1_20250925_132657.jpg,1280,720,"[496.0,8.5,333.0,218.0]",1,0.9307
test_pen1_tur_cam1_20250925_132657_0003,pen1_tur_cam1_20250925_132657.jpg,1280,720,"[910.0,225.0,140.0,226.0]",3,0.8184
test_pen1_tur_cam1_20250925_132657_0008,pen1_tur_cam1_20250925_132657.jpg,1280,720,"[1036.5,209.5,95.0,109.0]",2,0.9946
test_pen1_tur_cam1_20250925_132758_0001,pen1_tur_cam1_20250925_132758.jpg,1280,720,"[493.0,9.0,337.0,219.0]",1,0.9307
test_pen1_tur_cam1_20250925_133459_0004,pen1_tur_cam1_20250925_133459.jpg,1280,720,"[844.5,151.5,234.0,226.0]",3,0.819
test_pen1_tur_cam1_20250925_134201_0005,pen1_tur_cam1_20250925_134201.jpg,1280,720,"[842.5,147.5,239.0,196.0]",3,0.8193
test_pen1_tur_cam1_20250925_134201_0007,pen1_tur_cam1_20250925_134201.jpg,1280,720,"[1064.0,241.0,112.0,170.0]",3,0.8193
test_pen1_tur_cam1_20250925_134303_0003,pen1_tur_cam1_20250925_134303.jpg,1280,720,"[841.5,148.0,250.0,193.0]",3,0.818
test_pen1_tur_cam1_20250925_134503_0005,pen1_tur_cam1_20250925_134503.jpg,1280,720,"[843.0,147.0,222.0,219.0]",3,0.822
test_pen1_tur_cam1_20250925_135004_0004,pen1_tur_cam1_20250925_135004.jpg,1280,720,"[843.0,157.0,215.0,229.0]",3,0.82
test_pen1_tur_cam1_20250925_135204_0000,pen1_tur_cam1_20250925_135204.jpg,1280,720,"[261.0,200.0,417.0,188.0]",2,0.9863
test_pen1_tur_cam1_20250925_135305_0000,pen1_tur_cam1_20250925_135305.jpg,1280,720,"[247.0,392.0,367.0,318.0]",2,0.8975
test_pen1_tur_cam1_20250925_135305_0002,pen1_tur_cam1_20250925_135305.jpg,1280,720,"[844.0,146.0,237.0,184.0]",3,0.819
test_pen1_tur_cam1_20250925_135807_0005,pen1_tur_cam1_20250925_135807.jpg,1280,720,"[815.5,156.0,174.0,186.0]",3,0.818
test_pen1_tur_cam1_20250925_140207_0003,pen1_tur_cam1_20250925_140207.jpg,1280,720,"[858.5,143.0,228.0,187.0]",3,0.819
test_pen1_tur_cam1_20250925_140508_0001,pen1_tur_cam1_20250925_140508.jpg,1280,720,"[502.0,530.0,397.0,151.0]",4,0.8486
test_pen1_tur_cam1_20250925_140508_0005,pen1_tur_cam1_20250925_140508.jpg,1280,720,"[1093.6,371.6,64.0,211.0]",4,0.8506
test_pen1_tur_cam1_20250925_140708_0006,pen1_tur_cam1_20250925_140708.jpg,1280,720,"[1093.5,373.1,65.0,210.0]",4,0.8594
test_pen1_tur_cam1_20250925_141711_0001,pen1_tur_cam1_20250925_141711.jpg,1280,720,"[453.0,505.5,437.0,170.0]",4,0.8594
test_pen1_tur_cam1_20250925_141711_0002,pen1_tur_cam1_20250925_141711.jpg,1280,720,"[823.5,355.0,228.0,226.0]",1,0.9307
test_pen1_tur_cam1_20250925_142713_0005,pen1_tur_cam1_20250925_142713.jpg,1280,720,"[877.0,147.5,165.0,260.0]",3,0.8213
test_pen1_tur_cam1_20250925_142713_0006,pen1_tur_cam1_20250925_142713.jpg,1280,720,"[1075.0,437.6,90.0,143.0]",2,0.9565
test_pen1_tur_cam1_20250925_143015_0001,pen1_tur_cam1_20250925_143015.jpg,1280,720,"[245.5,457.6,450.0,224.0]",1,0.9297
test_pen1_tur_cam1_20250925_154335_0005,pen1_tur_cam1_20250925_154335.jpg,1280,720,"[1058.0,376.5,103.0,94.0]",2,0.979
test_pen1_tur_cam1_20250925_154836_0003,pen1_tur_cam1_20250925_154836.jpg,1280,720,"[252.0,489.0,456.0,189.0]",0,0.9316
test_pen1_tur_cam1_20250925_155036_0001,pen1_tur_cam1_20250925_155036.jpg,1280,720,"[254.5,474.5,417.0,205.0]",0,0.933
test_pen1_tur_cam1_20250925_155737_0005,pen1_tur_cam1_20250925_155737.jpg,1280,720,"[558.0,3.6,216.0,324.0]",2,0.8994
test_pen1_tur_cam1_20250925_160540_0003,pen1_tur_cam1_20250925_160540.jpg,1280,720,"[230.0,134.5,201.0,361.0]",2,0.994
test_pen1_tur_cam1_20250926_060034_0002,pen1_tur_cam1_20250926_060034.jpg,1280,720,"[535.0,375.5,278.0,291.0]",1,0.933
test_pen1_tur_cam1_20250926_061237_0001,pen1_tur_cam1_20250926_061237.jpg,1280,720,"[316.5,420.0,386.0,262.0]",1,0.9316
test_pen1_tur_cam1_20250926_064045_0001,pen1_tur_cam1_20250926_064045.jpg,1280,720,"[644.0,467.0,314.0,201.0]",1,0.935
test_pen1_tur_cam1_20250926_064045_0002,pen1_tur_cam1_20250926_064045.jpg,1280,720,"[529.5,33.0,305.0,208.0]",0,0.932
test_pen1_tur_cam1_20250926_064747_0001,pen1_tur_cam1_20250926_064747.jpg,1280,720,"[525.5,32.0,305.0,209.0]",0,0.935
test_pen1_tur_cam1_20250926_065048_0000,pen1_tur_cam1_20250926_065048.jpg,1280,720,"[271.0,428.0,418.0,245.0]",0,0.9365
test_pen1_tur_cam1_20250926_071555_0002,pen1_tur_cam1_20250926_071555.jpg,1280,720,"[253.0,445.0,442.0,232.0]",0,0.934
test_pen1_tur_cam1_20250926_071555_0005,pen1_tur_cam1_20250926_071555.jpg,1280,720,"[392.0,35.0,312.0,267.0]",2,0.994
test_pen1_tur_cam1_20250926_071755_0000,pen1_tur_cam1_20250926_071755.jpg,1280,720,"[480.0,1.0,218.0,331.0]",2,0.9897
test_pen1_tur_cam1_20250926_072056_0002,pen1_tur_cam1_20250926_072056.jpg,1280,720,"[369.5,470.5,357.0,214.0]",2,0.865
test_pen1_tur_cam1_20250926_072256_0004,pen1_tur_cam1_20250926_072256.jpg,1280,720,"[944.0,299.5,170.0,192.0]",3,0.8193
test_pen1_tur_cam1_20250926_072456_0005,pen1_tur_cam1_20250926_072456.jpg,1280,720,"[928.0,162.5,163.0,248.0]",3,0.819
test_pen1_tur_cam1_20250926_072758_0002,pen1_tur_cam1_20250926_072758.jpg,1280,720,"[844.5,143.0,217.0,293.0]",3,0.8184
test_pen1_tur_cam1_20250926_072758_0006,pen1_tur_cam1_20250926_072758.jpg,1280,720,"[390.0,538.5,370.0,139.0]",4,0.8384
test_pen1_tur_cam1_20250926_072758_0007,pen1_tur_cam1_20250926_072758.jpg,1280,720,"[951.5,169.5,151.0,220.0]",3,0.8184
test_pen1_tur_cam1_20250926_073459_0003,pen1_tur_cam1_20250926_073459.jpg,1280,720,"[240.5,137.5,173.0,403.0]",2,0.8804
test_pen1_tur_cam1_20250926_073459_0005,pen1_tur_cam1_20250926_073459.jpg,1280,720,"[305.0,36.0,259.0,314.0]",2,0.924
test_pen1_tur_cam1_20250926_073459_0006,pen1_tur_cam1_20250926_073459.jpg,1280,720,"[380.0,556.0,390.0,119.0]",4,0.849
test_pen1_tur_cam1_20250926_073600_0000,pen1_tur_cam1_20250926_073600.jpg,1280,720,"[507.0,385.0,373.0,314.0]",3,0.818
test_pen1_tur_cam1_20250926_073600_0002,pen1_tur_cam1_20250926_073600.jpg,1280,720,"[278.0,222.0,360.0,197.0]",2,0.9556
test_pen1_tur_cam1_20250926_073800_0002,pen1_tur_cam1_20250926_073800.jpg,1280,720,"[421.5,240.5,227.0,337.0]",2,0.915
test_pen1_tur_cam1_20250926_073800_0008,pen1_tur_cam1_20250926_073800.jpg,1280,720,"[933.5,170.0,179.0,205.0]",3,0.8203
test_pen1_tur_cam1_20250926_074000_0000,pen1_tur_cam1_20250926_074000.jpg,1280,720,"[917.5,189.5,154.0,196.0]",3,0.8193
test_pen1_tur_cam1_20250926_080107_0001,pen1_tur_cam1_20250926_080107.jpg,1280,720,"[275.0,189.0,207.0,392.0]",2,0.9688
test_pen1_tur_cam1_20250926_080307_0001,pen1_tur_cam1_20250926_080307.jpg,1280,720,"[285.0,168.0,317.0,295.0]",2,0.982
test_pen1_tur_cam1_20250926_081008_0007,pen1_tur_cam1_20250926_081008.jpg,1280,720,"[292.5,54.0,262.0,275.0]",2,0.981
test_pen1_tur_cam1_20250926_081309_0004,pen1_tur_cam1_20250926_081309.jpg,1280,720,"[841.0,144.0,253.0,171.0]",3,0.8193
test_pen1_tur_cam1_20250926_081509_0006,pen1_tur_cam1_20250926_081509.jpg,1280,720,"[841.0,145.5,237.0,235.0]",3,0.8193
test_pen1_tur_cam1_20250926_081611_0004,pen1_tur_cam1_20250926_081611.jpg,1280,720,"[886.5,168.0,224.0,241.0]",3,0.8223
test_pen1_tur_cam1_20250926_084619_0000,pen1_tur_cam1_20250926_084619.jpg,1280,720,"[244.0,235.0,255.0,417.0]",1,0.9307
test_pen1_tur_cam1_20250926_084619_0002,pen1_tur_cam1_20250926_084619.jpg,1280,720,"[329.0,446.0,420.0,242.0]",0,0.9385
test_pen1_tur_cam1_20250926_084619_0003,pen1_tur_cam1_20250926_084619.jpg,1280,720,"[724.5,469.5,297.0,193.0]",1,0.9307
test_pen2_orb_cam2_20250922_104452_0002,pen2_orb_cam2_20250922_104452.jpg,1280,720,"[210.0,349.7,249.0,261.0]",2,0.959
test_pen2_orb_cam2_20250922_104552_0001,pen2_orb_cam2_20250922_104552.jpg,1280,720,"[235.5,376.5,243.0,281.0]",2,0.991
test_pen2_orb_cam2_20250923_080006_0005,pen2_orb_cam2_20250923_080006.jpg,1280,720,"[584.0,81.5,254.0,100.0]",4,0.858
test_pen2_orb_cam2_20250923_081530_0000,pen2_orb_cam2_20250923_081530.jpg,1280,720,"[506.8,476.5,414.0,243.0]",1,0.934
test_pen2_orb_cam2_20250923_081630_0000,pen2_orb_cam2_20250923_081630.jpg,1280,720,"[507.0,475.5,414.0,244.0]",1,0.933
test_pen2_orb_cam2_20250923_081929_0004,pen2_orb_cam2_20250923_081929.jpg,1280,720,"[744.5,113.5,131.0,156.0]",2,0.862
test_pen2_orb_cam2_20250923_082029_0000,pen2_orb_cam2_20250923_082029.jpg,1280,720,"[514.0,466.5,420.0,253.0]",1,0.934
test_pen2_orb_cam2_20250923_083303_0004,pen2_orb_cam2_20250923_083303.jpg,1280,720,"[657.5,47.5,212.0,147.0]",3,0.8184
test_pen2_orb_cam2_20250923_084505_0004,pen2_orb_cam2_20250923_084505.jpg,1280,720,"[627.0,270.0,255.0,250.0]",3,0.8184
test_pen2_orb_cam2_20250923_085245_0003,pen2_orb_cam2_20250923_085245.jpg,1280,720,"[576.0,83.0,262.0,114.0]",1,0.9316
test_pen2_orb_cam2_20250923_085403_0004,pen2_orb_cam2_20250923_085403.jpg,1280,720,"[576.0,80.0,261.0,120.0]",1,0.9307
test_pen2_orb_cam2_20250923_085501_0005,pen2_orb_cam2_20250923_085501.jpg,1280,720,"[575.5,80.0,262.0,120.0]",1,0.9307
test_pen2_orb_cam2_20250923_085602_0004,pen2_orb_cam2_20250923_085602.jpg,1280,720,"[576.0,80.0,260.0,114.0]",1,0.9316
test_pen2_orb_cam2_20250923_090215_0004,pen2_orb_cam2_20250923_090215.jpg,1280,720,"[859.5,476.0,207.0,242.0]",4,0.8384
test_pen2_orb_cam2_20250923_090657_0000,pen2_orb_cam2_20250923_090657.jpg,1280,720,"[207.0,495.0,336.0,224.0]",0,0.9365
test_pen2_orb_cam2_20250923_090757_0002,pen2_orb_cam2_20250923_090757.jpg,1280,720,"[213.5,489.5,331.0,229.0]",0,0.9375
test_pen2_orb_cam2_20250923_090814_0001,pen2_orb_cam2_20250923_090814.jpg,1280,720,"[213.3,490.0,331.0,229.0]",0,0.9375
test_pen2_orb_cam2_20250923_091306_0002,pen2_orb_cam2_20250923_091306.jpg,1280,720,"[576.5,80.0,258.0,101.0]",1,0.9307
test_pen2_orb_cam2_20250923_091506_0000,pen2_orb_cam2_20250923_091506.jpg,1280,720,"[197.5,461.2,335.0,257.0]",0,0.9316
test_pen2_orb_cam2_20250923_091650_0001,pen2_orb_cam2_20250923_091650.jpg,1280,720,"[198.0,464.0,334.0,255.0]",0,0.934
test_pen2_orb_cam2_20250923_092757_0006,pen2_orb_cam2_20250923_092757.jpg,1280,720,"[435.5,72.5,163.0,142.0]",2,0.9116
test_pen2_orb_cam2_20250923_092958_0002,pen2_orb_cam2_20250923_092958.jpg,1280,720,"[364.5,291.5,256.0,309.0]",1,0.9297
test_pen2_orb_cam2_20250923_093440_0002,pen2_orb_cam2_20250923_093440.jpg,1280,720,"[385.5,207.5,226.0,184.0]",2,0.967
test_pen2_orb_cam2_20250923_093840_0000,pen2_orb_cam2_20250923_093840.jpg,1280,720,"[231.5,276.0,255.0,377.0]",4,0.8394
test_pen2_orb_cam2_20250923_093840_0003,pen2_orb_cam2_20250923_093840.jpg,1280,720,"[388.0,75.0,143.0,186.0]",4,0.8394
test_pen2_orb_cam2_20250923_093940_0001,pen2_orb_cam2_20250923_093940.jpg,1280,720,"[231.5,278.0,223.0,419.0]",4,0.849
test_pen2_orb_cam2_20250923_094041_0001,pen2_orb_cam2_20250923_094041.jpg,1280,720,"[232.0,277.5,222.0,415.0]",4,0.8506
test_pen2_orb_cam2_20250923_094817_0003,pen2_orb_cam2_20250923_094817.jpg,1280,720,"[218.0,447.5,201.0,270.0]",4,0.8433
test_pen2_orb_cam2_20250923_095234_0004,pen2_orb_cam2_20250923_095234.jpg,1280,720,"[588.5,84.5,241.0,108.0]",0,0.9395
test_pen2_orb_cam2_20250923_095418_0005,pen2_orb_cam2_20250923_095418.jpg,1280,720,"[589.0,85.5,239.0,106.0]",0,0.9375
test_pen2_orb_cam2_20250923_095518_0004,pen2_orb_cam2_20250923_095518.jpg,1280,720,"[583.5,85.5,245.0,97.0]",0,0.9385
test_pen2_orb_cam2_20250923_095604_0001,pen2_orb_cam2_20250923_095604.jpg,1280,720,"[559.5,252.5,328.0,179.0]",3,0.818
test_pen2_orb_cam2_20250923_095604_0005,pen2_orb_cam2_20250923_095604.jpg,1280,720,"[581.5,83.0,250.0,108.0]",0,0.9355
test_pen2_orb_cam2_20250923_095708_0006,pen2_orb_cam2_20250923_095708.jpg,1280,720,"[583.0,85.0,247.0,106.0]",0,0.9375
test_pen2_orb_cam2_20250923_095751_0003,pen2_orb_cam2_20250923_095751.jpg,1280,720,"[588.5,85.0,234.0,112.0]",0,0.935
test_pen2_orb_cam2_20250923_095838_0004,pen2_orb_cam2_20250923_095838.jpg,1280,720,"[588.8,85.5,238.0,112.0]",0,0.9385
test_pen2_orb_cam2_20250923_100035_0005,pen2_orb_cam2_20250923_100035.jpg,1280,720,"[587.5,84.0,241.0,111.0]",0,0.94
test_pen2_orb_cam2_20250923_100139_0002,pen2_orb_cam2_20250923_100139.jpg,1280,720,"[393.0,81.5,129.0,163.0]",4,0.854
test_pen2_orb_cam2_20250923_100139_0004,pen2_orb_cam2_20250923_100139.jpg,1280,720,"[580.5,82.0,242.0,101.0]",4,0.8516
test_pen2_orb_cam2_20250923_100340_0000,pen2_orb_cam2_20250923_100340.jpg,1280,720,"[468.0,437.5,434.0,280.0]",3,0.8193
test_pen2_orb_cam2_20250923_100340_0006,pen2_orb_cam2_20250923_100340.jpg,1280,720,"[422.0,66.0,171.0,146.0]",2,0.994
test_pen2_orb_cam2_20250923_100701_0001,pen2_orb_cam2_20250923_100701.jpg,1280,720,"[201.5,434.5,197.0,283.0]",4,0.846
test_pen2_orb_cam2_20250923_100935_0005,pen2_orb_cam2_20250923_100935.jpg,1280,720,"[593.5,80.5,234.0,104.0]",4,0.85
test_pen2_orb_cam2_20250923_101035_0004,pen2_orb_cam2_20250923_101035.jpg,1280,720,"[574.5,82.0,259.0,104.0]",4,0.8574
test_pen2_orb_cam2_20250923_101245_0003,pen2_orb_cam2_20250923_101245.jpg,1280,720,"[578.0,82.5,246.0,106.0]",4,0.857
test_pen2_orb_cam2_20250923_101245_0006,pen2_orb_cam2_20250923_101245.jpg,1280,720,"[462.0,323.5,153.0,301.0]",2,0.901
test_pen2_orb_cam2_20250923_101749_0005,pen2_orb_cam2_20250923_101749.jpg,1280,720,"[873.0,480.0,189.0,238.0]",4,0.8423
test_pen2_orb_cam2_20250923_102014_0004,pen2_orb_cam2_20250923_102014.jpg,1280,720,"[860.0,479.0,199.0,239.0]",4,0.8496
test_pen2_orb_cam2_20250923_102100_0002,pen2_orb_cam2_20250923_102100.jpg,1280,720,"[861.5,486.0,209.0,232.0]",4,0.848
test_pen2_orb_cam2_20250923_102236_0002,pen2_orb_cam2_20250923_102236.jpg,1280,720,"[852.5,469.5,215.0,248.0]",4,0.839
test_pen2_orb_cam2_20250923_102559_0000,pen2_orb_cam2_20250923_102559.jpg,1280,720,"[177.5,397.0,313.0,322.0]",4,0.848
test_pen2_orb_cam2_20250923_102659_0000,pen2_orb_cam2_20250923_102659.jpg,1280,720,"[173.0,392.5,317.0,326.0]",4,0.847
test_pen2_orb_cam2_20250923_103421_0004,pen2_orb_cam2_20250923_103421.jpg,1280,720,"[299.0,213.0,168.0,217.0]",4,0.8477
test_pen2_orb_cam2_20250923_103522_0003,pen2_orb_cam2_20250923_103522.jpg,1280,720,"[304.0,202.5,171.0,277.0]",4,0.8438
test_pen2_orb_cam2_20250923_104049_0003,pen2_orb_cam2_20250923_104049.jpg,1280,720,"[160.5,485.0,202.0,233.0]",4,0.8394
test_pen2_orb_cam2_20250923_104149_0003,pen2_orb_cam2_20250923_104149.jpg,1280,720,"[161.0,481.0,202.0,237.0]",4,0.8457
test_pen2_orb_cam2_20250923_104149_0004,pen2_orb_cam2_20250923_104149.jpg,1280,720,"[856.0,468.5,217.0,250.0]",4,0.8394
test_pen2_orb_cam2_20250923_104337_0006,pen2_orb_cam2_20250923_104337.jpg,1280,720,"[750.8,50.5,140.0,242.0]",2,0.8823
test_pen2_orb_cam2_20250923_104843_0004,pen2_orb_cam2_20250923_104843.jpg,1280,720,"[162.3,475.7,224.0,241.0]",4,0.842
test_pen2_orb_cam2_20250923_105144_0002,pen2_orb_cam2_20250923_105144.jpg,1280,720,"[364.5,426.0,354.0,291.0]",2,0.9946
test_pen2_orb_cam2_20250923_105348_0004,pen2_orb_cam2_20250923_105348.jpg,1280,720,"[432.5,62.0,235.0,141.0]",4,0.8438
test_pen2_orb_cam2_20250923_105545_0001,pen2_orb_cam2_20250923_105545.jpg,1280,720,"[175.0,468.2,314.0,249.0]",4,0.852
test_pen2_orb_cam2_20250923_105946_0006,pen2_orb_cam2_20250923_105946.jpg,1280,720,"[860.0,474.0,222.0,244.0]",4,0.8423
test_pen2_orb_cam2_20250924_082155_0002,pen2_orb_cam2_20250924_082155.jpg,1280,720,"[527.0,359.0,332.0,276.0]",4,0.84
test_pen2_orb_cam2_20250924_083421_0003,pen2_orb_cam2_20250924_083421.jpg,1280,720,"[484.0,79.0,123.0,187.0]",4,0.8413
test_pen2_orb_cam2_20250924_083421_0004,pen2_orb_cam2_20250924_083421.jpg,1280,720,"[602.0,80.0,239.0,120.0]",4,0.842
test_pen2_orb_cam2_20250924_083721_0006,pen2_orb_cam2_20250924_083721.jpg,1280,720,"[601.5,62.0,247.0,129.0]",2,0.902
test_pen2_orb_cam2_20250924_083721_0007,pen2_orb_cam2_20250924_083721.jpg,1280,720,"[686.0,120.0,180.0,155.0]",2,0.981
test_pen2_orb_cam2_20250924_083804_0006,pen2_orb_cam2_20250924_083804.jpg,1280,720,"[459.0,92.0,151.0,193.0]",4,0.846
test_pen2_orb_cam2_20250924_084004_0003,pen2_orb_cam2_20250924_084004.jpg,1280,720,"[571.5,326.0,319.0,240.0]",3,0.8184
test_pen2_orb_cam2_20250924_084204_0006,pen2_orb_cam2_20250924_084204.jpg,1280,720,"[471.0,69.5,126.0,184.0]",4,0.847
test_pen2_orb_cam2_20250924_092137_0004,pen2_orb_cam2_20250924_092137.jpg,1280,720,"[570.5,78.8,260.0,107.0]",1,0.9287
test_pen2_orb_cam2_20250924_094109_0003,pen2_orb_cam2_20250924_094109.jpg,1280,720,"[546.5,67.0,250.0,153.0]",2,0.9897
test_pen2_orb_cam2_20250924_094431_0000,pen2_orb_cam2_20250924_094431.jpg,1280,720,"[356.0,392.0,425.0,324.0]",3,0.82
test_pen2_orb_cam2_20250924_095603_0003,pen2_orb_cam2_20250924_095603.jpg,1280,720,"[353.5,296.5,270.0,329.0]",1,0.9307
test_pen2_orb_cam2_20250924_095703_0003,pen2_orb_cam2_20250924_095703.jpg,1280,720,"[356.0,296.0,257.0,332.0]",1,0.933
test_pen2_orb_cam2_20250924_095816_0004,pen2_orb_cam2_20250924_095816.jpg,1280,720,"[362.5,295.7,247.0,332.0]",1,0.933
test_pen2_orb_cam2_20250924_095916_0004,pen2_orb_cam2_20250924_095916.jpg,1280,720,"[363.0,295.5,259.0,342.0]",1,0.932
test_pen2_orb_cam2_20250924_100417_0003,pen2_orb_cam2_20250924_100417.jpg,1280,720,"[362.5,297.5,274.0,356.0]",1,0.9307
test_pen2_orb_cam2_20250924_100623_0003,pen2_orb_cam2_20250924_100623.jpg,1280,720,"[362.5,297.0,270.0,358.0]",1,0.9307
test_pen2_orb_cam2_20250924_100623_0006,pen2_orb_cam2_20250924_100623.jpg,1280,720,"[497.2,52.0,243.0,131.0]",2,0.9185
test_pen2_orb_cam2_20250924_100724_0002,pen2_orb_cam2_20250924_100724.jpg,1280,720,"[361.5,298.0,269.0,355.0]",1,0.9307
test_pen2_orb_cam2_20250924_101319_0004,pen2_orb_cam2_20250924_101319.jpg,1280,720,"[567.5,78.0,242.0,111.0]",4,0.847
test_pen2_orb_cam2_20250924_101350_0003,pen2_orb_cam2_20250924_101350.jpg,1280,720,"[350.0,298.0,288.0,359.0]",1,0.9297
test_pen2_orb_cam2_20250924_101350_0005,pen2_orb_cam2_20250924_101350.jpg,1280,720,"[580.0,70.0,116.0,149.0]",2,0.99
test_pen2_orb_cam2_20250924_101951_0004,pen2_orb_cam2_20250924_101951.jpg,1280,720,"[602.5,79.5,248.0,106.0]",0,0.9355
test_pen2_orb_cam2_20250924_102352_0003,pen2_orb_cam2_20250924_102352.jpg,1280,720,"[394.0,302.0,254.0,349.0]",1,0.934
test_pen2_orb_cam2_20250924_102452_0000,pen2_orb_cam2_20250924_102452.jpg,1280,720,"[205.5,309.5,238.0,408.0]",2,0.8887
test_pen2_orb_cam2_20250924_102552_0000,pen2_orb_cam2_20250924_102552.jpg,1280,720,"[199.5,314.5,270.0,403.0]",2,0.903
test_pen2_orb_cam2_20250924_102652_0000,pen2_orb_cam2_20250924_102652.jpg,1280,720,"[543.5,313.5,352.0,201.0]",3,0.819
test_pen2_orb_cam2_20250924_102852_0001,pen2_orb_cam2_20250924_102852.jpg,1280,720,"[552.0,273.0,347.0,217.0]",3,0.8203
test_pen2_orb_cam2_20250924_103153_0004,pen2_orb_cam2_20250924_103153.jpg,1280,720,"[648.5,20.5,216.0,132.0]",2,0.8877
test_pen2_orb_cam2_20250924_103354_0003,pen2_orb_cam2_20250924_103354.jpg,1280,720,"[624.0,41.7,237.0,127.0]",2,0.869
test_pen2_orb_cam2_20250924_103655_0000,pen2_orb_cam2_20250924_103655.jpg,1280,720,"[649.5,411.0,389.0,306.0]",2,0.9375
test_pen2_orb_cam2_20250924_103655_0002,pen2_orb_cam2_20250924_103655.jpg,1280,720,"[295.5,393.0,254.0,325.0]",2,0.8716
test_pen2_orb_cam2_20250925_080202_0002,pen2_orb_cam2_20250925_080202.jpg,1280,720,"[579.0,79.5,277.0,112.0]",1,0.933
test_pen2_orb_cam2_20250925_080402_0003,pen2_orb_cam2_20250925_080402.jpg,1280,720,"[578.5,78.7,241.0,125.0]",1,0.9316
test_pen2_orb_cam2_20250925_081158_0002,pen2_orb_cam2_20250925_081158.jpg,1280,720,"[599.0,83.0,227.0,138.0]",4,0.855
test_pen2_orb_cam2_20250925_081258_0001,pen2_orb_cam2_20250925_081258.jpg,1280,720,"[338.0,264.5,266.0,310.0]",4,0.8506
test_pen2_orb_cam2_20250925_081258_0002,pen2_orb_cam2_20250925_081258.jpg,1280,720,"[603.5,83.0,223.0,140.0]",4,0.84
test_pen2_orb_cam2_20250925_081602_0000,pen2_orb_cam2_20250925_081602.jpg,1280,720,"[659.5,392.5,396.0,310.0]",4,0.857
test_pen2_orb_cam2_20250925_081602_0001,pen2_orb_cam2_20250925_081602.jpg,1280,720,"[336.0,264.0,269.0,310.0]",4,0.8433
test_pen2_orb_cam2_20250925_081948_0000,pen2_orb_cam2_20250925_081948.jpg,1280,720,"[653.5,387.5,387.0,281.0]",4,0.8403
test_pen2_orb_cam2_20250925_082026_0000,pen2_orb_cam2_20250925_082026.jpg,1280,720,"[652.5,388.0,387.0,280.0]",4,0.8438
test_pen2_orb_cam2_20250925_082729_0000,pen2_orb_cam2_20250925_082729.jpg,1280,720,"[280.5,323.5,294.0,395.0]",4,0.839
test_pen2_orb_cam2_20250925_083027_0005,pen2_orb_cam2_20250925_083027.jpg,1280,720,"[501.0,79.0,167.0,100.0]",4,0.8394
test_pen2_orb_cam2_20250925_083420_0004,pen2_orb_cam2_20250925_083420.jpg,1280,720,"[602.5,22.0,193.0,158.0]",2,0.982
test_pen2_orb_cam2_20250925_083520_0002,pen2_orb_cam2_20250925_083520.jpg,1280,720,"[419.0,88.0,109.0,192.0]",4,0.857
test_pen2_orb_cam2_20250925_083721_0002,pen2_orb_cam2_20250925_083721.jpg,1280,720,"[412.0,82.5,122.0,184.0]",4,0.857
test_pen2_orb_cam2_20250925_083821_0005,pen2_orb_cam2_20250925_083821.jpg,1280,720,"[506.0,125.0,229.0,182.0]",3,0.8184
test_pen2_orb_cam2_20250925_083921_0000,pen2_orb_cam2_20250925_083921.jpg,1280,720,"[506.0,362.5,358.0,355.0]",3,0.8203
test_pen2_orb_cam2_20250925_085313_0004,pen2_orb_cam2_20250925_085313.jpg,1280,720,"[667.0,147.0,151.0,165.0]",4,0.8403
test_pen2_orb_cam2_20250925_085341_0004,pen2_orb_cam2_20250925_085341.jpg,1280,720,"[667.0,147.0,154.0,150.0]",4,0.8447
test_pen2_orb_cam2_20250925_085559_0005,pen2_orb_cam2_20250925_085559.jpg,1280,720,"[663.0,146.5,158.0,184.0]",4,0.8457
test_pen2_orb_cam2_20250925_091046_0004,pen2_orb_cam2_20250925_091046.jpg,1280,720,"[629.5,145.5,192.0,157.0]",0,0.934
test_pen2_orb_cam2_20250925_091921_0005,pen2_orb_cam2_20250925_091921.jpg,1280,720,"[720.5,147.5,155.0,137.0]",0,0.9316
test_pen2_orb_cam2_20250925_092740_0000,pen2_orb_cam2_20250925_092740.jpg,1280,720,"[368.0,416.0,233.0,301.0]",2,0.876
test_pen2_orb_cam2_20250925_093141_0004,pen2_orb_cam2_20250925_093141.jpg,1280,720,"[514.0,80.5,223.0,125.0]",0,0.933
test_pen2_orb_cam2_20250925_093542_0004,pen2_orb_cam2_20250925_093542.jpg,1280,720,"[515.0,81.5,220.0,125.0]",0,0.933
test_pen2_orb_cam2_20250925_093622_0005,pen2_orb_cam2_20250925_093622.jpg,1280,720,"[516.3,79.5,220.0,127.0]",0,0.9355
test_pen2_orb_cam2_20250925_093723_0003,pen2_orb_cam2_20250925_093723.jpg,1280,720,"[515.5,80.5,220.0,125.0]",0,0.9355
test_pen2_orb_cam2_20250925_093831_0002,pen2_orb_cam2_20250925_093831.jpg,1280,720,"[515.0,80.5,221.0,126.0]",0,0.9365
test_pen2_orb_cam2_20250925_093933_0004,pen2_orb_cam2_20250925_093933.jpg,1280,720,"[515.5,80.0,219.0,126.0]",0,0.9355
test_pen2_orb_cam2_20250925_093933_0005,pen2_orb_cam2_20250925_093933.jpg,1280,720,"[592.0,92.0,259.0,166.0]",0,0.933
test_pen2_orb_cam2_20250925_094034_0003,pen2_orb_cam2_20250925_094034.jpg,1280,720,"[215.0,475.0,260.0,243.0]",4,0.8413
test_pen2_orb_cam2_20250925_094034_0006,pen2_orb_cam2_20250925_094034.jpg,1280,720,"[515.0,81.5,219.0,125.0]",0,0.9355
test_pen2_orb_cam2_20250925_094123_0004,pen2_orb_cam2_20250925_094123.jpg,1280,720,"[516.5,82.0,219.0,125.0]",0,0.935
test_pen2_orb_cam2_20250925_094223_0000,pen2_orb_cam2_20250925_094223.jpg,1280,720,"[245.5,467.0,220.0,251.0]",4,0.842
test_pen2_orb_cam2_20250925_094323_0003,pen2_orb_cam2_20250925_094323.jpg,1280,720,"[517.0,80.0,230.0,127.0]",0,0.935
test_pen2_orb_cam2_20250925_094625_0005,pen2_orb_cam2_20250925_094625.jpg,1280,720,"[484.0,43.5,194.0,164.0]",2,0.865
test_pen2_orb_cam2_20250925_094826_0005,pen2_orb_cam2_20250925_094826.jpg,1280,720,"[483.5,50.5,214.0,144.0]",2,0.972
test_pen2_orb_cam2_20250925_094926_0001,pen2_orb_cam2_20250925_094926.jpg,1280,720,"[273.5,321.0,171.0,299.0]",2,0.9097
test_pen2_orb_cam2_20250925_095034_0001,pen2_orb_cam2_20250925_095034.jpg,1280,720,"[356.0,297.5,179.0,254.0]",2,0.988
test_pen2_orb_cam2_20250925_095134_0000,pen2_orb_cam2_20250925_095134.jpg,1280,720,"[289.0,295.5,208.0,260.0]",2,0.9946
test_pen2_orb_cam2_20250925_100722_0002,pen2_orb_cam2_20250925_100722.jpg,1280,720,"[209.0,360.0,234.0,340.0]",2,0.8926
test_pen2_orb_cam2_20250925_100823_0006,pen2_orb_cam2_20250925_100823.jpg,1280,720,"[568.5,67.5,186.0,130.0]",2,0.993
test_pen2_orb_cam2_20250925_101227_0003,pen2_orb_cam2_20250925_101227.jpg,1280,720,"[351.5,163.5,278.0,196.0]",1,0.9355
test_pen2_orb_cam2_20250925_101537_0002,pen2_orb_cam2_20250925_101537.jpg,1280,720,"[351.0,164.0,265.0,181.0]",1,0.9395
test_pen2_orb_cam2_20250925_101618_0004,pen2_orb_cam2_20250925_101618.jpg,1280,720,"[351.0,164.0,265.0,182.0]",1,0.9385
test_pen2_orb_cam2_20250925_101718_0004,pen2_orb_cam2_20250925_101718.jpg,1280,720,"[350.5,164.0,266.0,183.0]",1,0.9385
test_pen2_orb_cam2_20250925_102035_0005,pen2_orb_cam2_20250925_102035.jpg,1280,720,"[353.5,164.5,252.0,166.0]",1,0.933
test_pen2_orb_cam2_20250925_102103_0003,pen2_orb_cam2_20250925_102103.jpg,1280,720,"[352.5,164.0,269.0,170.0]",1,0.9395
test_pen2_orb_cam2_20250925_102505_0003,pen2_orb_cam2_20250925_102505.jpg,1280,720,"[377.0,79.0,171.0,195.0]",1,0.9297
test_pen2_orb_cam2_20250925_102816_0000,pen2_orb_cam2_20250925_102816.jpg,1280,720,"[530.0,565.5,445.0,153.0]",1,0.932
test_pen2_orb_cam2_20250925_103502_0000,pen2_orb_cam2_20250925_103502.jpg,1280,720,"[526.5,554.7,447.0,164.0]",1,0.9297
test_pen2_orb_cam2_20250925_103611_0006,pen2_orb_cam2_20250925_103611.jpg,1280,720,"[379.5,79.0,177.0,150.0]",1,0.9307
test_pen2_orb_cam2_20250925_103732_0000,pen2_orb_cam2_20250925_103732.jpg,1280,720,"[514.5,354.5,382.0,316.0]",2,0.8887
test_pen2_orb_cam2_20250925_103732_0001,pen2_orb_cam2_20250925_103732.jpg,1280,720,"[218.0,312.0,287.0,302.0]",2,0.8755
test_pen2_orb_cam2_20250925_103858_0000,pen2_orb_cam2_20250925_103858.jpg,1280,720,"[461.0,287.0,242.0,368.0]",2,0.893
test_pen2_orb_cam2_20250925_103858_0004,pen2_orb_cam2_20250925_103858.jpg,1280,720,"[350.0,154.5,293.0,168.0]",1,0.935
test_pen2_orb_cam2_20250925_104542_0003,pen2_orb_cam2_20250925_104542.jpg,1280,720,"[586.0,81.0,261.0,119.0]",0,0.9385
test_pen2_orb_cam2_20250925_104700_0003,pen2_orb_cam2_20250925_104700.jpg,1280,720,"[586.5,81.5,259.0,120.0]",0,0.9365
test_pen2_orb_cam2_20250925_104919_0002,pen2_orb_cam2_20250925_104919.jpg,1280,720,"[346.5,165.5,293.0,163.0]",1,0.932
test_pen2_orb_cam2_20250925_104919_0003,pen2_orb_cam2_20250925_104919.jpg,1280,720,"[588.5,82.5,257.0,118.0]",0,0.9355
test_pen2_orb_cam2_20250925_105318_0004,pen2_orb_cam2_20250925_105318.jpg,1280,720,"[345.0,165.5,295.0,170.0]",1,0.9297
test_pen2_orb_cam2_20250925_105318_0005,pen2_orb_cam2_20250925_105318.jpg,1280,720,"[590.5,83.5,251.0,120.0]",0,0.9395
test_pen2_orb_cam2_20250925_105339_0004,pen2_orb_cam2_20250925_105339.jpg,1280,720,"[591.0,84.5,248.0,119.0]",0,0.9385
test_pen2_orb_cam2_20250925_105339_0005,pen2_orb_cam2_20250925_105339.jpg,1280,720,"[348.0,165.0,291.0,172.0]",1,0.933
test_pen2_orb_cam2_20250925_105610_0005,pen2_orb_cam2_20250925_105610.jpg,1280,720,"[592.5,85.0,251.0,118.0]",0,0.9385
test_pen2_orb_cam2_20250925_105751_0004,pen2_orb_cam2_20250925_105751.jpg,1280,720,"[590.0,83.0,259.0,120.0]",0,0.9395
test_pen2_orb_cam2_20250925_105751_0005,pen2_orb_cam2_20250925_105751.jpg,1280,720,"[380.0,80.5,185.0,162.0]",1,0.9297
test_pen2_orb_cam2_20250925_105908_0004,pen2_orb_cam2_20250925_105908.jpg,1280,720,"[353.5,164.5,288.0,167.0]",1,0.9307
test_pen2_orb_cam2_20250925_105908_0005,pen2_orb_cam2_20250925_105908.jpg,1280,720,"[592.0,83.5,251.0,119.0]",0,0.9395
test_pen2_tur_cam2_20250921_050040_0000,pen2_tur_cam2_20250921_050040.jpg,1280,720,"[216.0,131.5,419.0,246.0]",1,0.935
test_pen2_tur_cam2_20250921_050040_0001,pen2_tur_cam2_20250921_050040.jpg,1280,720,"[442.0,435.5,306.0,265.0]",0,0.933
test_pen2_tur_cam2_20250921_050040_0005,pen2_tur_cam2_20250921_050040.jpg,1280,720,"[603.5,32.5,273.0,216.0]",0,0.9443
test_pen2_tur_cam2_20250921_050040_0007,pen2_tur_cam2_20250921_050040.jpg,1280,720,"[656.0,147.5,249.0,198.0]",0,0.9365
test_pen2_tur_cam2_20250921_053347_0005,pen2_tur_cam2_20250921_053347.jpg,1280,720,"[681.0,37.5,251.0,144.0]",4,0.8677
test_pen2_tur_cam2_20250921_054920_0003,pen2_tur_cam2_20250921_054920.jpg,1280,720,"[620.5,31.0,302.0,192.0]",0,0.9355
test_pen2_tur_cam2_20250921_054920_0005,pen2_tur_cam2_20250921_054920.jpg,1280,720,"[603.0,432.0,271.0,199.0]",2,0.989
test_pen2_tur_cam2_20250921_055120_0005,pen2_tur_cam2_20250921_055120.jpg,1280,720,"[662.0,32.5,265.0,162.0]",0,0.9355
test_pen2_tur_cam2_20250921_055431_0003,pen2_tur_cam2_20250921_055431.jpg,1280,720,"[587.5,145.8,316.0,196.0]",1,0.9316
test_pen2_tur_cam2_20250921_055631_0005,pen2_tur_cam2_20250921_055631.jpg,1280,720,"[600.0,144.0,305.0,200.0]",1,0.932
test_pen2_tur_cam2_20250921_070355_0004,pen2_tur_cam2_20250921_070355.jpg,1280,720,"[793.5,133.5,187.0,135.0]",2,0.99
test_pen2_tur_cam2_20250921_070355_0008,pen2_tur_cam2_20250921_070355.jpg,1280,720,"[1001.5,110.5,115.0,80.0]",2,0.916
test_pen2_tur_cam2_20250921_071728_0000,pen2_tur_cam2_20250921_071728.jpg,1280,720,"[323.0,0.0,395.0,355.0]",3,0.8193
test_pen2_tur_cam2_20250921_071728_0008,pen2_tur_cam2_20250921_071728.jpg,1280,720,"[1035.0,250.5,69.0,228.0]",4,0.8384
test_pen2_tur_cam2_20250921_071728_0009,pen2_tur_cam2_20250921_071728.jpg,1280,720,"[930.0,424.5,122.0,100.0]",1,0.9307
test_pen2_tur_cam2_20250921_072239_0003,pen2_tur_cam2_20250921_072239.jpg,1280,720,"[513.0,15.0,358.0,242.0]",2,0.9707
test_pen2_tur_cam2_20250921_072439_0002,pen2_tur_cam2_20250921_072439.jpg,1280,720,"[225.0,397.0,190.0,322.0]",2,0.9185
test_pen2_tur_cam2_20250921_073102_0004,pen2_tur_cam2_20250921_073102.jpg,1280,720,"[478.5,0.5,221.0,355.0]",2,0.993
test_pen2_tur_cam2_20250921_083026_0002,pen2_tur_cam2_20250921_083026.jpg,1280,720,"[603.0,20.0,306.0,148.0]",4,0.8413
test_pen2_tur_cam2_20250921_083128_0003,pen2_tur_cam2_20250921_083128.jpg,1280,720,"[429.0,338.0,375.0,220.0]",2,0.9844
test_pen2_tur_cam2_20250921_083128_0008,pen2_tur_cam2_20250921_083128.jpg,1280,720,"[1017.5,261.5,82.0,218.0]",4,0.842
test_pen2_tur_cam2_20250921_083528_0008,pen2_tur_cam2_20250921_083528.jpg,1280,720,"[851.5,65.5,186.0,100.0]",4,0.8438
test_pen2_tur_cam2_20250921_083829_0000,pen2_tur_cam2_20250921_083829.jpg,1280,720,"[405.5,1.0,395.0,147.0]",4,0.8394
test_pen2_tur_cam2_20250921_083829_0006,pen2_tur_cam2_20250921_083829.jpg,1280,720,"[803.5,63.0,220.0,120.0]",4,0.8535
test_pen2_tur_cam2_20250921_084531_0003,pen2_tur_cam2_20250921_084531.jpg,1280,720,"[340.5,4.0,403.0,138.0]",4,0.862
test_pen2_tur_cam2_20250921_084632_0001,pen2_tur_cam2_20250921_084632.jpg,1280,720,"[367.0,4.0,381.0,174.0]",4,0.8516
test_pen2_tur_cam2_20250921_084632_0007,pen2_tur_cam2_20250921_084632.jpg,1280,720,"[797.5,55.0,213.0,129.0]",4,0.8413
test_pen2_tur_cam2_20250921_092341_0005,pen2_tur_cam2_20250921_092341.jpg,1280,720,"[341.5,11.0,391.0,219.0]",0,0.9395
test_pen2_tur_cam2_20250921_092843_0003,pen2_tur_cam2_20250921_092843.jpg,1280,720,"[244.5,0.0,424.0,183.0]",2,0.9897
test_pen2_tur_cam2_20250921_093144_0008,pen2_tur_cam2_20250921_093144.jpg,1280,720,"[846.0,334.0,216.0,213.0]",3,0.8193
test_pen2_tur_cam2_20250921_093846_0008,pen2_tur_cam2_20250921_093846.jpg,1280,720,"[926.0,399.5,122.0,131.0]",0,0.9316
test_pen2_tur_cam2_20250922_114516_0001,pen2_tur_cam2_20250922_114516.jpg,1280,720,"[449.0,356.0,347.0,239.0]",1,0.934
test_pen2_tur_cam2_20250922_114516_0003,pen2_tur_cam2_20250922_114516.jpg,1280,720,"[743.5,118.5,229.0,198.0]",1,0.9307
test_pen2_tur_cam2_20250922_114516_0004,pen2_tur_cam2_20250922_114516.jpg,1280,720,"[591.0,24.5,299.0,213.0]",0,0.94
test_pen2_tur_cam2_20250922_114516_0008,pen2_tur_cam2_20250922_114516.jpg,1280,720,"[416.0,499.5,361.0,174.0]",1,0.933
test_pen2_tur_cam2_20250922_120421_0003,pen2_tur_cam2_20250922_120421.jpg,1280,720,"[445.5,16.5,435.0,191.0]",2,0.924
test_pen2_tur_cam2_20250922_125034_0007,pen2_tur_cam2_20250922_125034.jpg,1280,720,"[1028.0,261.5,71.0,210.0]",4,0.8467
test_pen2_tur_cam2_20250922_125234_0004,pen2_tur_cam2_20250922_125234.jpg,1280,720,"[199.5,244.0,189.0,445.0]",2,0.992
test_pen2_tur_cam2_20250922_125234_0009,pen2_tur_cam2_20250922_125234.jpg,1280,720,"[1069.0,297.0,83.0,144.0]",2,0.9746
test_pen2_tur_cam2_20250922_125736_0008,pen2_tur_cam2_20250922_125736.jpg,1280,720,"[1054.0,291.5,83.9,140.3]",2,0.9663
test_pen2_tur_cam2_20250922_130237_0004,pen2_tur_cam2_20250922_130237.jpg,1280,720,"[194.0,20.5,176.0,431.0]",4,0.8423
test_pen2_tur_cam2_20250922_130539_0001,pen2_tur_cam2_20250922_130539.jpg,1280,720,"[183.5,76.5,384.0,307.0]",2,0.992
test_pen2_tur_cam2_20250922_130739_0002,pen2_tur_cam2_20250922_130739.jpg,1280,720,"[588.0,22.5,338.0,186.0]",2,0.993
test_pen2_tur_cam2_20250922_130939_0004,pen2_tur_cam2_20250922_130939.jpg,1280,720,"[551.0,19.5,351.0,129.0]",2,0.9375
test_pen2_tur_cam2_20250922_131040_0000,pen2_tur_cam2_20250922_131040.jpg,1280,720,"[810.5,314.0,234.0,235.0]",3,0.818
test_pen2_tur_cam2_20250922_131040_0004,pen2_tur_cam2_20250922_131040.jpg,1280,720,"[532.5,20.5,340.0,179.0]",4,0.8535
test_pen2_tur_cam2_20250922_131240_0001,pen2_tur_cam2_20250922_131240.jpg,1280,720,"[546.0,18.0,329.0,151.0]",4,0.8516
test_pen2_tur_cam2_20250922_132744_0003,pen2_tur_cam2_20250922_132744.jpg,1280,720,"[886.0,116.0,147.0,174.0]",2,0.992
test_pen2_tur_cam2_20250922_132744_0005,pen2_tur_cam2_20250922_132744.jpg,1280,720,"[552.0,18.5,327.0,151.0]",4,0.8394
test_pen2_tur_cam2_20250922_132944_0003,pen2_tur_cam2_20250922_132944.jpg,1280,720,"[529.0,20.0,345.0,174.0]",4,0.846
test_pen2_tur_cam2_20250922_133045_0004,pen2_tur_cam2_20250922_133045.jpg,1280,720,"[575.0,22.0,293.0,173.0]",4,0.856
test_pen2_tur_cam2_20250922_133245_0001,pen2_tur_cam2_20250922_133245.jpg,1280,720,"[484.5,15.5,350.0,174.0]",4,0.854
test_pen2_tur_cam2_20250922_133445_0002,pen2_tur_cam2_20250922_133445.jpg,1280,720,"[468.0,16.0,376.0,190.0]",4,0.848
test_pen2_tur_cam2_20250922_133946_0003,pen2_tur_cam2_20250922_133946.jpg,1280,720,"[680.5,45.5,275.0,127.0]",4,0.851
test_pen2_tur_cam2_20250922_135450_0001,pen2_tur_cam2_20250922_135450.jpg,1280,720,"[207.0,7.0,419.0,308.0]",0,0.9375
test_pen2_tur_cam2_20250922_135450_0005,pen2_tur_cam2_20250922_135450.jpg,1280,720,"[726.0,53.0,243.0,166.0]",0,0.933
test_pen2_tur_cam2_20250922_140517_0003,pen2_tur_cam2_20250922_140517.jpg,1280,720,"[727.0,58.5,246.0,168.0]",0,0.94
test_pen2_tur_cam2_20250922_140517_0004,pen2_tur_cam2_20250922_140517.jpg,1280,720,"[835.5,190.0,142.0,294.0]",2,0.99
test_pen2_tur_cam2_20250922_141256_0002,pen2_tur_cam2_20250922_141256.jpg,1280,720,"[712.0,81.0,275.0,178.0]",4,0.8457
test_pen2_tur_cam2_20250922_141256_0003,pen2_tur_cam2_20250922_141256.jpg,1280,720,"[191.5,190.0,210.0,449.0]",2,0.9565
test_pen2_tur_cam2_20250922_141756_0003,pen2_tur_cam2_20250922_141756.jpg,1280,720,"[293.0,10.5,412.0,254.0]",0,0.935
test_pen2_tur_cam2_20250922_142458_0001,pen2_tur_cam2_20250922_142458.jpg,1280,720,"[306.0,531.5,403.0,164.0]",1,0.933
test_pen2_tur_cam2_20250922_142458_0005,pen2_tur_cam2_20250922_142458.jpg,1280,720,"[956.5,182.5,146.0,224.0]",2,0.992
test_pen2_tur_cam2_20250922_142759_0002,pen2_tur_cam2_20250922_142759.jpg,1280,720,"[291.0,521.5,421.0,173.0]",1,0.9316
test_pen2_tur_cam2_20250922_143101_0000,pen2_tur_cam2_20250922_143101.jpg,1280,720,"[206.5,19.0,160.0,474.0]",4,0.8438
test_pen2_tur_cam2_20250922_143101_0008,pen2_tur_cam2_20250922_143101.jpg,1280,720,"[1035.5,120.0,108.0,206.0]",2,0.8984
test_pen2_tur_cam2_20250922_143802_0005,pen2_tur_cam2_20250922_143802.jpg,1280,720,"[643.5,29.0,295.0,195.0]",0,0.9375
test_pen2_tur_cam2_20250922_144804_0001,pen2_tur_cam2_20250922_144804.jpg,1280,720,"[182.0,1.5,280.0,402.0]",2,0.994
test_pen2_tur_cam2_20250922_150810_0002,pen2_tur_cam2_20250922_150810.jpg,1280,720,"[475.5,110.0,374.0,226.0]",1,0.932
test_pen2_tur_cam2_20250923_060025_0001,pen2_tur_cam2_20250923_060025.jpg,1280,720,"[426.0,37.0,371.0,270.0]",0,0.9385
test_pen2_tur_cam2_20250923_060025_0006,pen2_tur_cam2_20250923_060025.jpg,1280,720,"[425.0,380.0,297.0,271.0]",1,0.9316
test_pen2_tur_cam2_20250923_061227_0000,pen2_tur_cam2_20250923_061227.jpg,1280,720,"[437.5,30.5,359.0,282.0]",0,0.9395
test_pen2_tur_cam2_20250923_061427_0001,pen2_tur_cam2_20250923_061427.jpg,1280,720,"[386.0,163.2,263.0,339.0]",2,0.912
test_pen2_tur_cam2_20250923_064735_0001,pen2_tur_cam2_20250923_064735.jpg,1280,720,"[532.0,21.0,351.0,174.0]",4,0.8403
test_pen2_tur_cam2_20250923_071442_0005,pen2_tur_cam2_20250923_071442.jpg,1280,720,"[713.5,51.5,223.2,175.0]",2,0.9946
test_pen2_tur_cam2_20250923_072445_0007,pen2_tur_cam2_20250923_072445.jpg,1280,720,"[191.5,195.5,173.0,347.0]",2,0.9946
test_pen2_tur_cam2_20250923_072746_0005,pen2_tur_cam2_20250923_072746.jpg,1280,720,"[843.0,282.5,134.0,257.0]",3,0.818
test_pen2_tur_cam2_20250923_072946_0001,pen2_tur_cam2_20250923_072946.jpg,1280,720,"[439.0,467.5,345.0,191.0]",1,0.9307
test_pen2_tur_cam2_20250923_072946_0002,pen2_tur_cam2_20250923_072946.jpg,1280,720,"[199.5,123.5,173.0,455.0]",4,0.8394
test_pen2_tur_cam2_20250923_073448_0000,pen2_tur_cam2_20250923_073448.jpg,1280,720,"[198.5,116.5,166.0,438.0]",4,0.8457
test_pen2_tur_cam2_20250923_073549_0003,pen2_tur_cam2_20250923_073549.jpg,1280,720,"[403.5,442.5,375.0,258.0]",2,0.9834
test_pen2_tur_cam2_20250923_073749_0001,pen2_tur_cam2_20250923_073749.jpg,1280,720,"[279.5,4.0,388.0,161.0]",4,0.8447
test_pen2_tur_cam2_20250923_075052_0004,pen2_tur_cam2_20250923_075052.jpg,1280,720,"[189.5,40.5,216.0,433.0]",2,0.9863
test_pen2_tur_cam2_20250923_075052_0006,pen2_tur_cam2_20250923_075052.jpg,1280,720,"[298.5,5.5,397.0,143.0]",4,0.854
test_pen2_tur_cam2_20250923_093521_0006,pen2_tur_cam2_20250923_093521.jpg,1280,720,"[743.0,48.5,205.0,125.0]",4,0.841
test_pen2_tur_cam2_20250923_093621_0000,pen2_tur_cam2_20250923_093621.jpg,1280,720,"[209.0,13.0,329.0,405.0]",4,0.8525
test_pen2_tur_cam2_20250923_093821_0000,pen2_tur_cam2_20250923_093821.jpg,1280,720,"[204.0,53.0,341.0,353.0]",4,0.844
test_pen2_tur_cam2_20250923_094021_0001,pen2_tur_cam2_20250923_094021.jpg,1280,720,"[211.0,12.0,318.0,423.0]",4,0.8457
test_pen2_tur_cam2_20250923_094122_0003,pen2_tur_cam2_20250923_094122.jpg,1280,720,"[619.5,30.5,343.0,147.0]",4,0.849
test_pen2_tur_cam2_20250923_094624_0000,pen2_tur_cam2_20250923_094624.jpg,1280,720,"[378.0,0.5,308.0,379.0]",3,0.8184
test_pen2_tur_cam2_20250923_100529_0004,pen2_tur_cam2_20250923_100529.jpg,1280,720,"[441.5,28.5,371.0,236.0]",0,0.9395
test_pen2_tur_cam2_20250923_100833_0003,pen2_tur_cam2_20250923_100833.jpg,1280,720,"[450.5,31.0,378.0,234.0]",0,0.9395
test_pen2_tur_cam2_20250923_101531_0006,pen2_tur_cam2_20250923_101531.jpg,1280,720,"[337.0,114.0,404.0,208.0]",0,0.9385
test_pen2_tur_cam2_20250923_101833_0002,pen2_tur_cam2_20250923_101833.jpg,1280,720,"[501.0,107.5,352.0,149.0]",4,0.8506
test_pen2_tur_cam2_20250923_101833_0004,pen2_tur_cam2_20250923_101833.jpg,1280,720,"[459.0,528.0,319.0,155.0]",4,0.8423
test_pen2_tur_cam2_20250923_103136_0001,pen2_tur_cam2_20250923_103136.jpg,1280,720,"[331.5,21.5,284.0,373.0]",4,0.84
test_pen2_tur_cam2_20250923_103536_0002,pen2_tur_cam2_20250923_103536.jpg,1280,720,"[448.5,375.5,338.0,250.0]",0,0.9375
test_pen2_tur_cam2_20250923_103536_0004,pen2_tur_cam2_20250923_103536.jpg,1280,720,"[383.5,8.0,431.0,181.0]",4,0.8525
test_pen2_tur_cam2_20250923_103536_0008,pen2_tur_cam2_20250923_103536.jpg,1280,720,"[788.5,58.0,226.0,117.0]",4,0.8394
test_pen2_tur_cam2_20250923_103536_0009,pen2_tur_cam2_20250923_103536.jpg,1280,720,"[983.5,100.7,122.0,116.0]",4,0.8413
test_pen2_tur_cam2_20250923_104140_0001,pen2_tur_cam2_20250923_104140.jpg,1280,720,"[302.5,42.5,309.0,386.0]",0,0.934
test_pen2_tur_cam2_20250923_104140_0002,pen2_tur_cam2_20250923_104140.jpg,1280,720,"[198.5,31.5,211.0,451.0]",0,0.9365
test_pen2_tur_cam2_20250923_104140_0005,pen2_tur_cam2_20250923_104140.jpg,1280,720,"[374.0,8.5,415.0,226.0]",0,0.9316
test_pen2_tur_cam2_20250923_104841_0009,pen2_tur_cam2_20250923_104841.jpg,1280,720,"[925.5,424.5,141.0,104.0]",4,0.842
test_pen2_tur_cam2_20250923_105041_0004,pen2_tur_cam2_20250923_105041.jpg,1280,720,"[435.0,513.5,342.0,162.0]",4,0.8433
test_pen2_tur_cam2_20250923_105542_0001,pen2_tur_cam2_20250923_105542.jpg,1280,720,"[416.0,15.5,346.0,289.0]",4,0.84
test_pen2_tur_cam2_20250923_112551_0000,pen2_tur_cam2_20250923_112551.jpg,1280,720,"[273.0,27.0,346.0,339.0]",0,0.9375
test_pen2_tur_cam2_20250923_113052_0004,pen2_tur_cam2_20250923_113052.jpg,1280,720,"[685.5,24.5,250.0,164.0]",2,0.951
test_pen2_tur_cam2_20250923_113553_0002,pen2_tur_cam2_20250923_113553.jpg,1280,720,"[292.5,26.5,334.0,377.0]",0,0.9355
test_pen2_tur_cam2_20250923_113553_0003,pen2_tur_cam2_20250923_113553.jpg,1280,720,"[199.5,34.5,273.0,429.0]",0,0.935
test_pen2_tur_cam2_20250923_114657_0002,pen2_tur_cam2_20250923_114657.jpg,1280,720,"[303.0,25.0,329.0,381.0]",0,0.9365
test_pen2_tur_cam2_20250923_120201_0000,pen2_tur_cam2_20250923_120201.jpg,1280,720,"[305.0,5.0,175.0,451.0]",4,0.8574
test_pen2_tur_cam2_20250923_120401_0004,pen2_tur_cam2_20250923_120401.jpg,1280,720,"[702.0,26.0,213.0,146.0]",2,0.993
test_pen2_tur_cam2_20250923_120401_0007,pen2_tur_cam2_20250923_120401.jpg,1280,720,"[189.5,35.0,162.0,474.0]",4,0.847
test_pen2_tur_cam2_20250923_123910_0000,pen2_tur_cam2_20250923_123910.jpg,1280,720,"[514.5,310.0,254.0,308.0]",1,0.934
test_pen2_tur_cam2_20250923_124110_0002,pen2_tur_cam2_20250923_124110.jpg,1280,720,"[490.0,309.5,279.0,311.0]",1,0.932
test_pen2_tur_cam2_20250923_124110_0008,pen2_tur_cam2_20250923_124110.jpg,1280,720,"[567.5,13.5,322.0,177.0]",1,0.9385
test_pen2_tur_cam2_20250923_124110_0009,pen2_tur_cam2_20250923_124110.jpg,1280,720,"[1033.5,139.5,71.0,218.0]",4,0.845
test_pen2_tur_cam2_20250923_124212_0002,pen2_tur_cam2_20250923_124212.jpg,1280,720,"[505.5,313.5,263.0,311.0]",1,0.9307
test_pen2_tur_cam2_20250923_124212_0004,pen2_tur_cam2_20250923_124212.jpg,1280,720,"[569.0,12.5,317.0,185.0]",1,0.9355
test_pen2_tur_cam2_20250923_124212_0008,pen2_tur_cam2_20250923_124212.jpg,1280,720,"[1037.5,164.0,92.0,168.0]",2,0.9053
test_pen2_tur_cam2_20250923_124412_0003,pen2_tur_cam2_20250923_124412.jpg,1280,720,"[570.0,12.5,317.0,175.0]",1,0.934
test_pen2_tur_cam2_20250923_124713_0003,pen2_tur_cam2_20250923_124713.jpg,1280,720,"[571.0,12.5,317.0,189.0]",1,0.94
test_pen2_tur_cam2_20250923_125113_0002,pen2_tur_cam2_20250923_125113.jpg,1280,720,"[566.0,13.2,318.0,206.0]",1,0.9297
test_pen2_tur_cam2_20250923_125615_0003,pen2_tur_cam2_20250923_125615.jpg,1280,720,"[207.0,5.0,426.0,258.0]",0,0.935
test_pen2_tur_cam2_20250923_130116_0000,pen2_tur_cam2_20250923_130116.jpg,1280,720,"[379.5,220.5,315.0,333.0]",2,0.9653
test_pen2_tur_cam2_20250923_130116_0004,pen2_tur_cam2_20250923_130116.jpg,1280,720,"[229.5,28.5,328.0,300.0]",2,0.9785
test_pen2_tur_cam2_20250923_131119_0006,pen2_tur_cam2_20250923_131119.jpg,1280,720,"[596.0,21.5,307.0,163.0]",4,0.851
test_pen2_tur_cam2_20250923_132122_0001,pen2_tur_cam2_20250923_132122.jpg,1280,720,"[484.5,14.0,363.0,194.0]",4,0.849
test_pen2_tur_cam2_20250923_132622_0003,pen2_tur_cam2_20250923_132622.jpg,1280,720,"[822.5,155.0,201.0,107.0]",4,0.85
test_pen2_tur_cam2_20250923_135630_0005,pen2_tur_cam2_20250923_135630.jpg,1280,720,"[729.5,145.5,253.0,172.0]",0,0.94
test_pen2_tur_cam2_20250923_141236_0009,pen2_tur_cam2_20250923_141236.jpg,1280,720,"[1002.0,124.5,114.0,127.0]",2,0.896
test_pen2_tur_cam2_20250923_141436_0002,pen2_tur_cam2_20250923_141436.jpg,1280,720,"[213.0,352.0,178.0,366.0]",2,0.9746
test_pen2_tur_cam2_20250923_141636_0005,pen2_tur_cam2_20250923_141636.jpg,1280,720,"[946.5,97.7,135.0,124.0]",2,0.9287
test_pen2_tur_cam2_20250923_141738_0002,pen2_tur_cam2_20250923_141738.jpg,1280,720,"[569.0,21.0,355.0,159.0]",4,0.8394
test_pen2_tur_cam2_20250923_142239_0009,pen2_tur_cam2_20250923_142239.jpg,1280,720,"[917.0,428.0,118.0,101.0]",2,0.9272
test_pen2_tur_cam2_20250923_142439_0002,pen2_tur_cam2_20250923_142439.jpg,1280,720,"[451.0,440.0,330.0,205.0]",1,0.932
test_pen2_tur_cam2_20250923_152456_0002,pen2_tur_cam2_20250923_152456.jpg,1280,720,"[437.8,487.0,332.0,182.0]",1,0.9316
test_pen2_tur_cam2_20250924_060001_0005,pen2_tur_cam2_20250924_060001.jpg,1280,720,"[202.5,110.5,186.0,457.0]",1,0.9297
test_pen2_tur_cam2_20250924_061906_0007,pen2_tur_cam2_20250924_061906.jpg,1280,720,"[315.0,8.0,444.0,184.0]",4,0.8525
test_pen2_tur_cam2_20250924_063910_0002,pen2_tur_cam2_20250924_063910.jpg,1280,720,"[221.5,6.0,412.0,223.0]",1,0.9365
test_pen2_tur_cam2_20250924_063910_0007,pen2_tur_cam2_20250924_063910.jpg,1280,720,"[739.0,130.0,155.0,226.0]",2,0.914
test_pen2_tur_cam2_20250924_064713_0008,pen2_tur_cam2_20250924_064713.jpg,1280,720,"[215.0,69.5,220.0,470.0]",0,0.9316
test_pen2_tur_cam2_20250924_064913_0006,pen2_tur_cam2_20250924_064913.jpg,1280,720,"[1003.0,307.5,85.0,165.0]",2,0.982
test_pen2_tur_cam2_20250924_073225_0006,pen2_tur_cam2_20250924_073225.jpg,1280,720,"[938.0,419.0,128.0,107.0]",4,0.8438
test_pen2_tur_cam2_20250924_074028_0001,pen2_tur_cam2_20250924_074028.jpg,1280,720,"[767.0,54.0,233.0,153.0]",4,0.8403
test_pen2_tur_cam2_20250924_074428_0002,pen2_tur_cam2_20250924_074428.jpg,1280,720,"[247.0,8.5,420.0,179.0]",4,0.8447
test_pen2_tur_cam2_20250924_074930_0000,pen2_tur_cam2_20250924_074930.jpg,1280,720,"[343.0,9.5,336.0,345.0]",2,0.962
test_pen2_tur_cam2_20250924_083743_0004,pen2_tur_cam2_20250924_083743.jpg,1280,720,"[615.0,158.0,296.0,181.0]",0,0.934
test_pen2_tur_cam2_20250924_084444_0000,pen2_tur_cam2_20250924_084444.jpg,1280,720,"[780.5,317.5,244.0,239.0]",3,0.8184
test_pen2_tur_cam2_20250924_102814_0002,pen2_tur_cam2_20250924_102814.jpg,1280,720,"[756.0,283.0,183.0,270.0]",3,0.8193
test_pen2_tur_cam2_20250924_103616_0003,pen2_tur_cam2_20250924_103616.jpg,1280,720,"[215.5,12.5,184.0,482.0]",2,0.941
test_pen2_tur_cam2_20250924_104519_0002,pen2_tur_cam2_20250924_104519.jpg,1280,720,"[647.5,216.5,231.0,354.0]",3,0.8184
test_pen2_tur_cam2_20250924_105019_0004,pen2_tur_cam2_20250924_105019.jpg,1280,720,"[239.0,404.0,385.0,204.0]",1,0.933
test_pen2_tur_cam2_20250924_105120_0004,pen2_tur_cam2_20250924_105120.jpg,1280,720,"[760.8,47.5,242.0,170.0]",0,0.9385
test_pen2_tur_cam2_20250924_105320_0005,pen2_tur_cam2_20250924_105320.jpg,1280,720,"[773.5,56.0,222.0,165.0]",0,0.9355
test_pen2_tur_cam2_20250924_110533_0004,pen2_tur_cam2_20250924_110533.jpg,1280,720,"[646.5,5.0,186.0,358.0]",2,0.9946
test_pen2_tur_cam2_20250924_110824_0002,pen2_tur_cam2_20250924_110824.jpg,1280,720,"[820.0,302.0,187.0,255.0]",3,0.8237
test_pen2_tur_cam2_20250924_111527_0002,pen2_tur_cam2_20250924_111527.jpg,1280,720,"[431.5,213.7,359.0,275.0]",0,0.94
test_pen2_tur_cam2_20250924_111627_0006,pen2_tur_cam2_20250924_111627.jpg,1280,720,"[473.0,257.0,320.0,237.0]",0,0.935
test_pen2_tur_cam2_20250924_111829_0004,pen2_tur_cam2_20250924_111829.jpg,1280,720,"[499.0,251.5,308.0,277.0]",0,0.941
test_pen2_tur_cam2_20250924_112029_0001,pen2_tur_cam2_20250924_112029.jpg,1280,720,"[777.5,305.0,219.0,252.0]",3,0.8184
test_pen2_tur_cam2_20250924_112329_0001,pen2_tur_cam2_20250924_112329.jpg,1280,720,"[428.0,465.5,364.0,214.0]",1,0.9297
test_pen2_tur_cam2_20250924_112631_0008,pen2_tur_cam2_20250924_112631.jpg,1280,720,"[495.5,201.5,308.0,263.0]",4,0.8525
test_pen2_tur_cam2_20250924_113132_0003,pen2_tur_cam2_20250924_113132.jpg,1280,720,"[590.5,15.0,309.0,169.0]",4,0.8535
test_pen2_tur_cam2_20250924_113332_0006,pen2_tur_cam2_20250924_113332.jpg,1280,720,"[716.0,253.0,261.0,157.0]",1,0.9297
test_pen2_tur_cam2_20250924_114034_0001,pen2_tur_cam2_20250924_114034.jpg,1280,720,"[714.0,191.0,262.0,206.0]",1,0.941
test_pen2_tur_cam2_20250924_114034_0008,pen2_tur_cam2_20250924_114034.jpg,1280,720,"[419.5,503.0,369.0,149.0]",1,0.9287
test_pen2_tur_cam2_20250924_115839_0003,pen2_tur_cam2_20250924_115839.jpg,1280,720,"[549.0,12.5,329.0,213.0]",1,0.935
test_pen2_tur_cam2_20250924_122044_0000,pen2_tur_cam2_20250924_122044.jpg,1280,720,"[291.5,206.0,243.0,320.0]",2,0.992
test_pen2_tur_cam2_20250924_122044_0002,pen2_tur_cam2_20250924_122044.jpg,1280,720,"[276.5,496.0,409.0,213.0]",0,0.933
test_pen2_tur_cam2_20250924_122146_0000,pen2_tur_cam2_20250924_122146.jpg,1280,720,"[283.0,496.0,363.0,222.0]",0,0.933
test_pen2_tur_cam2_20250924_122146_0006,pen2_tur_cam2_20250924_122146.jpg,1280,720,"[190.5,272.0,194.0,363.0]",2,0.993
test_pen2_tur_cam2_20250924_122647_0003,pen2_tur_cam2_20250924_122647.jpg,1280,720,"[524.5,383.0,269.0,293.0]",2,0.872
test_pen2_tur_cam2_20250924_124049_0006,pen2_tur_cam2_20250924_124049.jpg,1280,720,"[774.0,52.0,220.0,142.0]",4,0.842
test_pen2_tur_cam2_20250924_125052_0003,pen2_tur_cam2_20250924_125052.jpg,1280,720,"[756.5,52.0,237.0,159.0]",4,0.8438
test_pen2_tur_cam2_20250924_125353_0000,pen2_tur_cam2_20250924_125353.jpg,1280,720,"[662.0,228.0,202.0,323.0]",2,0.9043
test_pen2_tur_cam2_20250924_125353_0005,pen2_tur_cam2_20250924_125353.jpg,1280,720,"[483.0,25.5,318.0,253.0]",0,0.9385
test_pen2_tur_cam2_20250924_125553_0000,pen2_tur_cam2_20250924_125553.jpg,1280,720,"[304.5,487.0,349.0,220.0]",0,0.9375
test_pen2_tur_cam2_20250924_125553_0006,pen2_tur_cam2_20250924_125553.jpg,1280,720,"[980.5,99.0,129.0,118.0]",2,0.907
test_pen2_tur_cam2_20250924_131159_0009,pen2_tur_cam2_20250924_131159.jpg,1280,720,"[405.0,333.0,170.0,361.0]",2,0.877
test_pen2_tur_cam2_20250924_131359_0002,pen2_tur_cam2_20250924_131359.jpg,1280,720,"[417.5,26.0,387.0,257.0]",0,0.9395
test_pen2_tur_cam2_20250924_131359_0009,pen2_tur_cam2_20250924_131359.jpg,1280,720,"[299.0,545.5,344.0,173.0]",0,0.9355
test_pen2_tur_cam2_20250924_131559_0003,pen2_tur_cam2_20250924_131559.jpg,1280,720,"[422.5,26.0,395.0,258.0]",0,0.9395
test_pen2_tur_cam2_20250924_131700_0002,pen2_tur_cam2_20250924_131700.jpg,1280,720,"[425.0,26.5,362.0,255.0]",0,0.9375
test_pen2_tur_cam2_20250924_132903_0007,pen2_tur_cam2_20250924_132903.jpg,1280,720,"[750.0,44.0,236.0,141.0]",4,0.855
test_pen2_tur_cam2_20250924_133103_0002,pen2_tur_cam2_20250924_133103.jpg,1280,720,"[428.0,25.5,362.0,245.0]",0,0.9365
test_pen2_tur_cam2_20250924_133103_0005,pen2_tur_cam2_20250924_133103.jpg,1280,720,"[435.0,519.5,325.0,159.0]",1,0.9316
test_pen2_tur_cam2_20250924_133103_0006,pen2_tur_cam2_20250924_133103.jpg,1280,720,"[749.5,43.5,237.0,141.0]",4,0.8564
test_pen2_tur_cam2_20250924_135411_0003,pen2_tur_cam2_20250924_135411.jpg,1280,720,"[440.0,30.5,357.0,248.0]",0,0.9375
test_pen2_tur_cam2_20250924_135611_0002,pen2_tur_cam2_20250924_135611.jpg,1280,720,"[439.5,31.0,356.0,247.0]",0,0.9395
test_pen2_tur_cam2_20250924_135611_0004,pen2_tur_cam2_20250924_135611.jpg,1280,720,"[466.5,513.0,313.0,176.0]",1,0.9307
test_pen2_tur_cam2_20250924_144122_0006,pen2_tur_cam2_20250924_144122.jpg,1280,720,"[732.0,59.0,248.0,177.0]",0,0.9355
test_pen2_tur_cam2_20250924_151732_0002,pen2_tur_cam2_20250924_151732.jpg,1280,720,"[227.0,124.0,432.0,149.0]",4,0.84
test_pen2_tur_cam2_20250924_152132_0005,pen2_tur_cam2_20250924_152132.jpg,1280,720,"[597.0,296.0,254.0,280.0]",2,0.967
test_pen2_tur_cam2_20250924_153236_0003,pen2_tur_cam2_20250924_153236.jpg,1280,720,"[369.5,493.0,371.0,194.0]",1,0.9355
test_pen2_tur_cam2_20250924_153236_0004,pen2_tur_cam2_20250924_153236.jpg,1280,720,"[358.5,122.0,344.0,197.0]",2,0.992
test_pen2_tur_cam2_20250924_162650_0005,pen2_tur_cam2_20250924_162650.jpg,1280,720,"[386.0,499.5,354.0,179.0]",1,0.9365
test_pen2_tur_cam2_20250924_162952_0003,pen2_tur_cam2_20250924_162952.jpg,1280,720,"[378.0,469.0,339.0,208.0]",1,0.933
test_pen2_tur_cam2_20250924_162952_0004,pen2_tur_cam2_20250924_162952.jpg,1280,720,"[247.5,7.0,387.0,214.0]",1,0.933
test_pen2_tur_cam2_20250925_060042_0002,pen2_tur_cam2_20250925_060042.jpg,1280,720,"[350.0,398.5,337.0,273.0]",1,0.932
test_pen2_tur_cam2_20250925_060944_0006,pen2_tur_cam2_20250925_060944.jpg,1280,720,"[796.5,99.0,220.0,237.0]",2,0.8706
test_pen2_tur_cam2_20250925_064554_0001,pen2_tur_cam2_20250925_064554.jpg,1280,720,"[510.5,105.5,197.0,379.0]",2,0.992
test_pen2_tur_cam2_20250925_070459_0002,pen2_tur_cam2_20250925_070459.jpg,1280,720,"[307.5,4.0,180.0,475.0]",4,0.84
test_pen2_tur_cam2_20250925_070759_0006,pen2_tur_cam2_20250925_070759.jpg,1280,720,"[194.0,168.1,319.3,320.7]",2,0.9043
test_pen2_tur_cam2_20250925_072002_0004,pen2_tur_cam2_20250925_072002.jpg,1280,720,"[849.5,296.5,142.0,241.0]",3,0.819
test_pen2_tur_cam2_20250925_072103_0000,pen2_tur_cam2_20250925_072103.jpg,1280,720,"[407.5,193.0,289.0,387.0]",3,0.819
test_pen2_tur_cam2_20250925_072604_0002,pen2_tur_cam2_20250925_072604.jpg,1280,720,"[196.5,35.5,191.0,487.0]",4,0.8525
test_pen2_tur_cam2_20250925_073004_0003,pen2_tur_cam2_20250925_073004.jpg,1280,720,"[421.5,514.0,367.0,168.0]",1,0.9307
test_pen2_tur_cam2_20250925_073004_0004,pen2_tur_cam2_20250925_073004.jpg,1280,720,"[193.0,40.5,178.0,470.0]",4,0.843
test_pen2_tur_cam2_20250925_073106_0001,pen2_tur_cam2_20250925_073106.jpg,1280,720,"[419.5,513.5,370.0,168.0]",1,0.935
test_pen2_tur_cam2_20250925_073807_0007,pen2_tur_cam2_20250925_073807.jpg,1280,720,"[309.5,5.0,410.0,152.0]",4,0.856
test_pen2_tur_cam2_20250925_073807_0009,pen2_tur_cam2_20250925_073807.jpg,1280,720,"[1023.0,313.5,83.0,155.0]",4,0.8545
test_pen2_tur_cam2_20250925_074609_0009,pen2_tur_cam2_20250925_074609.jpg,1280,720,"[187.5,34.0,181.0,463.0]",4,0.8403
test_pen2_tur_cam2_20250925_075009_0003,pen2_tur_cam2_20250925_075009.jpg,1280,720,"[548.5,98.5,348.0,189.0]",2,0.9756
test_pen2_tur_cam2_20250925_075111_0000,pen2_tur_cam2_20250925_075111.jpg,1280,720,"[190.0,65.5,158.0,445.0]",4,0.849
test_pen2_tur_cam2_20250925_075111_0001,pen2_tur_cam2_20250925_075111.jpg,1280,720,"[534.0,19.5,303.0,239.0]",2,0.993
test_pen2_tur_cam2_20250925_075111_0003,pen2_tur_cam2_20250925_075111.jpg,1280,720,"[437.0,221.0,440.0,169.0]",3,0.8184
test_pen2_tur_cam2_20250925_080012_0007,pen2_tur_cam2_20250925_080012.jpg,1280,720,"[193.5,77.5,179.0,437.0]",4,0.846
test_pen2_tur_cam2_20250925_080012_0008,pen2_tur_cam2_20250925_080012.jpg,1280,720,"[843.0,63.0,167.0,118.0]",2,0.894
test_pen2_tur_cam2_20250925_082521_0000,pen2_tur_cam2_20250925_082521.jpg,1280,720,"[283.5,23.0,314.0,416.0]",0,0.9385
test_pen2_tur_cam2_20250925_082521_0007,pen2_tur_cam2_20250925_082521.jpg,1280,720,"[805.0,51.5,195.0,166.0]",0,0.934
test_pen2_tur_cam2_20250925_083122_0002,pen2_tur_cam2_20250925_083122.jpg,1280,720,"[341.0,21.0,242.0,423.0]",4,0.859
test_pen2_tur_cam2_20250925_083122_0005,pen2_tur_cam2_20250925_083122.jpg,1280,720,"[914.5,296.0,142.0,233.0]",3,0.8184
test_pen2_tur_cam2_20250925_084023_0008,pen2_tur_cam2_20250925_084023.jpg,1280,720,"[343.5,18.5,169.0,472.0]",4,0.8574
test_pen2_tur_cam2_20250925_084324_0004,pen2_tur_cam2_20250925_084324.jpg,1280,720,"[276.0,393.0,358.0,193.0]",2,0.9004
test_pen2_tur_cam2_20250925_084826_0004,pen2_tur_cam2_20250925_084826.jpg,1280,720,"[296.5,394.5,387.0,226.0]",1,0.9307
test_pen2_tur_cam2_20250925_085327_0000,pen2_tur_cam2_20250925_085327.jpg,1280,720,"[553.0,268.2,295.0,311.0]",2,0.943
test_pen2_tur_cam2_20250925_085327_0004,pen2_tur_cam2_20250925_085327.jpg,1280,720,"[326.0,420.5,376.0,208.0]",2,0.992
test_pen2_tur_cam2_20250925_095042_0000,pen2_tur_cam2_20250925_095042.jpg,1280,720,"[191.5,106.0,272.0,434.0]",0,0.9365
test_pen2_tur_cam2_20250925_095042_0001,pen2_tur_cam2_20250925_095042.jpg,1280,720,"[756.0,67.0,178.0,275.0]",2,0.993
test_pen2_tur_cam2_20250925_095042_0006,pen2_tur_cam2_20250925_095042.jpg,1280,720,"[262.5,483.5,357.0,199.0]",0,0.932
test_pen2_tur_cam2_20250925_095042_0007,pen2_tur_cam2_20250925_095042.jpg,1280,720,"[990.5,118.0,117.0,120.0]",2,0.9688
test_pen2_tur_cam2_20250925_095344_0001,pen2_tur_cam2_20250925_095344.jpg,1280,720,"[260.5,475.5,366.0,206.0]",0,0.934
test_pen2_tur_cam2_20250925_095544_0002,pen2_tur_cam2_20250925_095544.jpg,1280,720,"[260.5,471.0,366.0,211.0]",0,0.9365
test_pen2_tur_cam2_20250925_095544_0008,pen2_tur_cam2_20250925_095544.jpg,1280,720,"[907.0,425.0,147.0,102.0]",4,0.862
test_pen2_tur_cam2_20250925_095846_0006,pen2_tur_cam2_20250925_095846.jpg,1280,720,"[222.0,245.0,160.0,394.0]",2,0.9775
test_pen2_tur_cam2_20250925_102352_0008,pen2_tur_cam2_20250925_102352.jpg,1280,720,"[872.0,231.5,182.0,180.0]",2,0.9062
test_pen2_tur_cam2_20250925_103053_0003,pen2_tur_cam2_20250925_103053.jpg,1280,720,"[422.2,144.5,164.0,422.0]",2,0.9834
test_pen2_tur_cam2_20250925_103053_0004,pen2_tur_cam2_20250925_103053.jpg,1280,720,"[227.5,6.0,402.0,223.0]",0,0.9375
test_pen2_tur_cam2_20250925_112209_0001,pen2_tur_cam2_20250925_112209.jpg,1280,720,"[233.0,14.5,420.0,242.0]",0,0.94
test_pen2_tur_cam2_20250925_112409_0000,pen2_tur_cam2_20250925_112409.jpg,1280,720,"[423.5,450.5,347.0,200.0]",1,0.934
test_pen2_tur_cam2_20250925_112409_0001,pen2_tur_cam2_20250925_112409.jpg,1280,720,"[643.0,23.5,301.0,259.0]",1,0.932
test_pen2_tur_cam2_20250925_112409_0002,pen2_tur_cam2_20250925_112409.jpg,1280,720,"[232.0,9.0,417.0,246.0]",0,0.94
test_pen2_tur_cam2_20250925_113110_0001,pen2_tur_cam2_20250925_113110.jpg,1280,720,"[242.0,10.0,415.0,244.0]",0,0.94
test_pen2_tur_cam2_20250925_113110_0003,pen2_tur_cam2_20250925_113110.jpg,1280,720,"[418.2,499.5,361.0,151.0]",1,0.932
test_pen2_tur_cam2_20250925_120721_0000,pen2_tur_cam2_20250925_120721.jpg,1280,720,"[381.5,111.0,358.0,378.0]",3,0.8213
test_pen2_tur_cam2_20250925_120921_0003,pen2_tur_cam2_20250925_120921.jpg,1280,720,"[205.5,247.0,191.0,471.0]",2,0.982
test_pen2_tur_cam2_20250925_121422_0009,pen2_tur_cam2_20250925_121422.jpg,1280,720,"[969.5,121.5,135.0,100.0]",2,0.8984
test_pen2_tur_cam2_20250925_121724_0002,pen2_tur_cam2_20250925_121724.jpg,1280,720,"[445.5,17.0,371.0,184.0]",4,0.8403
test_pen2_tur_cam2_20250925_122225_0001,pen2_tur_cam2_20250925_122225.jpg,1280,720,"[429.5,17.5,388.0,166.0]",4,0.854
test_pen2_tur_cam2_20250925_122225_0004,pen2_tur_cam2_20250925_122225.jpg,1280,720,"[225.0,317.0,392.0,226.0]",2,0.9644
test_pen2_tur_cam2_20250925_122425_0003,pen2_tur_cam2_20250925_122425.jpg,1280,720,"[452.0,18.5,382.0,137.0]",4,0.857
test_pen2_tur_cam2_20250925_122625_0001,pen2_tur_cam2_20250925_122625.jpg,1280,720,"[438.0,15.0,386.0,165.0]",4,0.8613
test_pen2_tur_cam2_20250925_125233_0003,pen2_tur_cam2_20250925_125233.jpg,1280,720,"[515.0,397.0,258.0,236.0]",1,0.932
test_pen2_tur_cam2_20250925_125433_0002,pen2_tur_cam2_20250925_125433.jpg,1280,720,"[458.5,381.0,314.0,247.0]",1,0.9297
test_pen2_tur_cam2_20250925_125734_0008,pen2_tur_cam2_20250925_125734.jpg,1280,720,"[918.5,422.0,129.0,107.0]",1,0.932
test_pen2_tur_cam2_20250925_131440_0001,pen2_tur_cam2_20250925_131440.jpg,1280,720,"[228.5,25.5,413.0,259.0]",1,0.9316
test_pen2_tur_cam2_20250925_131440_0006,pen2_tur_cam2_20250925_131440.jpg,1280,720,"[455.0,478.0,343.0,180.0]",1,0.9297
test_pen2_tur_cam2_20250925_131440_0008,pen2_tur_cam2_20250925_131440.jpg,1280,720,"[1030.0,253.0,73.0,223.0]",4,0.8496
test_pen2_tur_cam2_20250925_131640_0005,pen2_tur_cam2_20250925_131640.jpg,1280,720,"[455.0,485.0,342.0,170.0]",1,0.9297
test_pen2_tur_cam2_20250925_132242_0001,pen2_tur_cam2_20250925_132242.jpg,1280,720,"[722.5,47.0,210.0,296.0]",2,0.9946
test_pen2_tur_cam2_20250925_132242_0004,pen2_tur_cam2_20250925_132242.jpg,1280,720,"[425.5,467.0,367.0,186.0]",1,0.932
test_pen2_tur_cam2_20250925_132441_0003,pen2_tur_cam2_20250925_132441.jpg,1280,720,"[509.0,330.5,315.0,271.0]",1,0.9316
test_pen2_tur_cam2_20250925_132441_0007,pen2_tur_cam2_20250925_132441.jpg,1280,720,"[425.0,461.0,364.0,200.0]",1,0.9316
test_pen2_tur_cam2_20250925_133150_0009,pen2_tur_cam2_20250925_133150.jpg,1280,720,"[1001.0,194.5,106.0,133.0]",2,0.992
test_pen2_tur_cam2_20250925_133244_0006,pen2_tur_cam2_20250925_133244.jpg,1280,720,"[800.0,58.0,217.0,116.0]",4,0.8623
test_pen2_tur_cam2_20250925_134146_0007,pen2_tur_cam2_20250925_134146.jpg,1280,720,"[961.5,178.5,129.0,163.0]",2,0.896
test_pen2_tur_cam2_20250925_134247_0004,pen2_tur_cam2_20250925_134247.jpg,1280,720,"[350.0,302.5,221.0,399.0]",1,0.9297
test_pen2_tur_cam2_20250925_134447_0001,pen2_tur_cam2_20250925_134447.jpg,1280,720,"[351.5,300.0,228.0,405.0]",1,0.9307
test_pen2_tur_cam2_20250925_134447_0003,pen2_tur_cam2_20250925_134447.jpg,1280,720,"[816.0,72.5,147.0,232.0]",2,0.994
test_pen2_tur_cam2_20250925_140151_0000,pen2_tur_cam2_20250925_140151.jpg,1280,720,"[265.0,14.2,443.0,223.0]",0,0.9375
test_pen2_tur_cam2_20250925_140253_0001,pen2_tur_cam2_20250925_140253.jpg,1280,720,"[270.5,15.0,410.0,231.0]",0,0.9395
test_pen2_tur_cam2_20250925_142458_0006,pen2_tur_cam2_20250925_142458.jpg,1280,720,"[1027.0,257.5,73.0,213.0]",4,0.8413
test_pen2_tur_cam2_20250925_142458_0008,pen2_tur_cam2_20250925_142458.jpg,1280,720,"[924.5,404.5,123.0,122.0]",1,0.9316
test_pen2_tur_cam2_20250925_142658_0003,pen2_tur_cam2_20250925_142658.jpg,1280,720,"[388.5,506.0,335.0,179.0]",1,0.9307
test_pen2_tur_cam2_20250925_142658_0007,pen2_tur_cam2_20250925_142658.jpg,1280,720,"[213.0,6.0,181.0,479.0]",4,0.8413
test_pen2_tur_cam2_20250925_142658_0008,pen2_tur_cam2_20250925_142658.jpg,1280,720,"[1026.0,272.5,74.0,198.0]",4,0.849
test_pen2_tur_cam2_20250925_142759_0003,pen2_tur_cam2_20250925_142759.jpg,1280,720,"[497.5,5.0,354.0,239.0]",0,0.9375
test_pen2_tur_cam2_20250925_142759_0004,pen2_tur_cam2_20250925_142759.jpg,1280,720,"[372.0,504.5,350.0,180.0]",1,0.9297
test_pen2_tur_cam2_20250925_142959_0003,pen2_tur_cam2_20250925_142959.jpg,1280,720,"[542.5,3.7,337.0,201.0]",0,0.9385
test_pen2_tur_cam2_20250925_144003_0001,pen2_tur_cam2_20250925_144003.jpg,1280,720,"[534.5,175.0,321.0,318.0]",1,0.9365
test_pen2_tur_cam2_20250925_144003_0008,pen2_tur_cam2_20250925_144003.jpg,1280,720,"[956.0,80.0,120.0,134.0]",2,0.987
test_pen2_tur_cam2_20250925_150207_0001,pen2_tur_cam2_20250925_150207.jpg,1280,720,"[243.0,1.0,444.0,153.0]",4,0.8506
test_pen2_tur_cam2_20250925_151011_0002,pen2_tur_cam2_20250925_151011.jpg,1280,720,"[369.0,369.0,251.0,334.0]",0,0.9355
test_pen2_tur_cam2_20250925_151211_0003,pen2_tur_cam2_20250925_151211.jpg,1280,720,"[193.2,88.0,300.0,344.0]",2,0.993
test_pen2_tur_cam2_20250925_154218_0003,pen2_tur_cam2_20250925_154218.jpg,1280,720,"[448.0,54.0,272.0,287.0]",2,0.992
test_pen2_tur_cam2_20250925_154319_0001,pen2_tur_cam2_20250925_154319.jpg,1280,720,"[331.5,0.5,417.0,250.0]",2,0.9946
test_pen2_tur_cam2_20250925_154319_0004,pen2_tur_cam2_20250925_154319.jpg,1280,720,"[928.5,116.0,162.0,99.0]",2,0.8887
test_pen2_tur_cam2_20250925_154719_0002,pen2_tur_cam2_20250925_154719.jpg,1280,720,"[214.0,0.5,430.0,196.0]",4,0.843
test_pen2_tur_cam2_20250925_154719_0004,pen2_tur_cam2_20250925_154719.jpg,1280,720,"[918.0,84.7,170.0,141.0]",2,0.8696
test_pen2_tur_cam2_20250925_155523_0006,pen2_tur_cam2_20250925_155523.jpg,1280,720,"[238.5,3.5,405.0,195.0]",4,0.8506
test_pen2_tur_cam2_20250925_155723_0006,pen2_tur_cam2_20250925_155723.jpg,1280,720,"[247.5,3.0,404.0,180.0]",4,0.848
test_pen2_tur_cam2_20250925_161026_0007,pen2_tur_cam2_20250925_161026.jpg,1280,720,"[524.0,389.5,300.0,198.0]",1,0.9307
test_pen2_tur_cam2_20250926_060020_0001,pen2_tur_cam2_20250926_060020.jpg,1280,720,"[489.5,48.5,338.0,281.0]",0,0.9385
test_pen2_tur_cam2_20250926_060220_0001,pen2_tur_cam2_20250926_060220.jpg,1280,720,"[308.5,3.0,257.0,410.0]",2,0.981
test_pen2_tur_cam2_20250926_060220_0003,pen2_tur_cam2_20250926_060220.jpg,1280,720,"[526.0,45.0,319.0,267.0]",0,0.9375
test_pen2_tur_cam2_20250926_061924_0007,pen2_tur_cam2_20250926_061924.jpg,1280,720,"[665.5,29.5,267.0,129.0]",4,0.851
test_pen2_tur_cam2_20250926_062025_0005,pen2_tur_cam2_20250926_062025.jpg,1280,720,"[664.0,30.0,266.0,132.0]",4,0.855
test_pen2_tur_cam2_20250926_064032_0006,pen2_tur_cam2_20250926_064032.jpg,1280,720,"[922.0,130.0,146.0,188.0]",2,0.994
