row_id,image_id,width,height,bbox,class_id,confidence
test_pen1_tur_cam1_20250920_174649_0004,pen1_tur_cam1_20250920_174649.jpg,1280,720,"[342.5,2.0,356.0,157.0]",0,0.9487
test_pen1_tur_cam1_20250921_050022_0002,pen1_tur_cam1_20250921_050022.jpg,1280,720,"[329.5,8.0,261.0,339.0]",1,0.9473
test_pen1_tur_cam1_20250921_050022_0004,pen1_tur_cam1_20250921_050022.jpg,1280,720,"[550.0,180.5,375.0,225.0]",0,0.948
test_pen1_tur_cam1_20250921_052427_0000,pen1_tur_cam1_20250921_052427.jpg,1280,720,"[328.5,49.5,354.0,364.0]",1,0.9478
test_pen1_tur_cam1_20250921_052427_0006,pen1_tur_cam1_20250921_052427.jpg,1280,720,"[348.5,0.0,329.0,205.0]",1,0.947
test_pen1_tur_cam1_20250921_054433_0003,pen1_tur_cam1_20250921_054433.jpg,1280,720,"[328.0,61.5,365.0,343.0]",1,0.947
test_pen1_tur_cam1_20250921_054433_0004,pen1_tur_cam1_20250921_054433.jpg,1280,720,"[349.5,0.0,335.0,220.0]",1,0.947
test_pen1_tur_cam1_20250921_054934_0000,pen1_tur_cam1_20250921_054934.jpg,1280,720,"[317.5,56.5,356.0,338.0]",1,0.9473
test_pen1_tur_cam1_20250921_054934_0003,pen1_tur_cam1_20250921_054934.jpg,1280,720,"[346.5,0.0,329.0,174.0]",1,0.9463
test_pen1_tur_cam1_20250921_055235_0002,pen1_tur_cam1_20250921_055235.jpg,1280,720,"[319.5,54.0,359.0,338.0]",1,0.9478
test_pen1_tur_cam1_20250921_055435_0001,pen1_tur_cam1_20250921_055435.jpg,1280,720,"[319.0,53.0,374.0,256.0]",1,0.9478
test_pen1_tur_cam1_20250921_055537_0000,pen1_tur_cam1_20250921_055537.jpg,1280,720,"[372.5,376.5,408.0,285.0]",4,0.8857
test_pen1_tur_cam1_20250921_055537_0002,pen1_tur_cam1_20250921_055537.jpg,1280,720,"[336.5,4.0,334.0,177.0]",1,0.9463
test_pen1_tur_cam1_20250921_070957_0002,pen1_tur_cam1_20250921_070957.jpg,1280,720,"[389.0,189.5,401.0,235.0]",3,0.844
test_pen1_tur_cam1_20250921_071058_0004,pen1_tur_cam1_20250921_071058.jpg,1280,720,"[845.5,158.5,218.0,222.0]",3,0.846
test_pen1_tur_cam1_20250921_071258_0003,pen1_tur_cam1_20250921_071258.jpg,1280,720,"[491.0,0.0,346.0,214.0]",3,0.8457
test_pen1_tur_cam1_20250921_071559_0001,pen1_tur_cam1_20250921_071559.jpg,1280,720,"[778.5,154.5,180.0,219.0]",3,0.844
test_pen1_tur_cam1_20250921_071559_0002,pen1_tur_cam1_20250921_071559.jpg,1280,720,"[606.0,106.5,271.0,207.0]",3,0.844
test_pen1_tur_cam1_20250921_071959_0001,pen1_tur_cam1_20250921_071959.jpg,1280,720,"[264.0,213.0,214.0,442.0]",2,0.994
test_pen1_tur_cam1_20250921_072101_0002,pen1_tur_cam1_20250921_072101.jpg,1280,720,"[828.2,151.0,198.0,272.0]",3,0.844
test_pen1_tur_cam1_20250921_072101_0006,pen1_tur_cam1_20250921_072101.jpg,1280,720,"[724.0,527.5,277.0,142.0]",4,0.8877
test_pen1_tur_cam1_20250921_072501_0006,pen1_tur_cam1_20250921_072501.jpg,1280,720,"[849.5,147.5,209.0,227.0]",3,0.8447
test_pen1_tur_cam1_20250921_073303_0004,pen1_tur_cam1_20250921_073303.jpg,1280,720,"[812.5,158.5,141.0,240.0]",3,0.8447
test_pen1_tur_cam1_20250921_074124_0004,pen1_tur_cam1_20250921_074124.jpg,1280,720,"[274.5,2.5,235.0,332.0]",0,0.9507
test_pen1_tur_cam1_20250921_074124_0005,pen1_tur_cam1_20250921_074124.jpg,1280,720,"[517.5,6.0,325.0,194.0]",0,0.948
test_pen1_tur_cam1_20250921_075035_0001,pen1_tur_cam1_20250921_075035.jpg,1280,720,"[293.0,2.0,208.0,364.0]",0,0.948
test_pen1_tur_cam1_20250921_075546_0001,pen1_tur_cam1_20250921_075546.jpg,1280,720,"[272.5,33.0,292.0,370.0]",2,0.994
test_pen1_tur_cam1_20250921_082804_0001,pen1_tur_cam1_20250921_082804.jpg,1280,720,"[327.5,0.5,361.0,233.0]",3,0.845
test_pen1_tur_cam1_20250921_083204_0007,pen1_tur_cam1_20250921_083204.jpg,1280,720,"[947.5,171.5,159.0,192.0]",3,0.8447
test_pen1_tur_cam1_20250921_083715_0002,pen1_tur_cam1_20250921_083715.jpg,1280,720,"[432.5,264.5,261.0,238.0]",2,0.994
test_pen1_tur_cam1_20250921_083715_0005,pen1_tur_cam1_20250921_083715.jpg,1280,720,"[806.0,511.5,248.0,139.0]",4,0.892
test_pen1_tur_cam1_20250921_083715_0006,pen1_tur_cam1_20250921_083715.jpg,1280,720,"[294.5,0.0,170.0,298.0]",4,0.8853
test_pen1_tur_cam1_20250921_083826_0001,pen1_tur_cam1_20250921_083826.jpg,1280,720,"[631.5,16.0,267.0,243.0]",3,0.8457
test_pen1_tur_cam1_20250921_083826_0002,pen1_tur_cam1_20250921_083826.jpg,1280,720,"[456.5,287.5,255.0,308.0]",2,0.994
test_pen1_tur_cam1_20250921_083826_0004,pen1_tur_cam1_20250921_083826.jpg,1280,720,"[805.5,511.0,251.0,139.0]",4,0.8906
test_pen1_tur_cam1_20250921_083826_0006,pen1_tur_cam1_20250921_083826.jpg,1280,720,"[1085.0,406.5,86.0,180.0]",2,0.9937
test_pen1_tur_cam1_20250921_084026_0003,pen1_tur_cam1_20250921_084026.jpg,1280,720,"[658.0,75.5,260.0,191.0]",3,0.8447
test_pen1_tur_cam1_20250921_084026_0006,pen1_tur_cam1_20250921_084026.jpg,1280,720,"[810.5,516.0,248.0,134.0]",4,0.8916
test_pen1_tur_cam1_20250921_084226_0001,pen1_tur_cam1_20250921_084226.jpg,1280,720,"[612.5,116.5,277.0,201.0]",3,0.845
test_pen1_tur_cam1_20250921_084226_0002,pen1_tur_cam1_20250921_084226.jpg,1280,720,"[807.0,517.5,249.0,132.0]",4,0.8906
test_pen1_tur_cam1_20250921_085759_0005,pen1_tur_cam1_20250921_085759.jpg,1280,720,"[903.5,145.5,180.0,201.0]",3,0.845
test_pen1_tur_cam1_20250921_090621_0001,pen1_tur_cam1_20250921_090621.jpg,1280,720,"[305.0,9.0,210.0,334.0]",0,0.9517
test_pen1_tur_cam1_20250921_091134_0000,pen1_tur_cam1_20250921_091134.jpg,1280,720,"[255.2,224.0,306.0,324.0]",2,0.994
test_pen1_tur_cam1_20250921_091134_0002,pen1_tur_cam1_20250921_091134.jpg,1280,720,"[518.5,17.0,333.0,187.0]",0,0.9478
test_pen1_tur_cam1_20250921_091134_0004,pen1_tur_cam1_20250921_091134.jpg,1280,720,"[838.0,155.5,242.0,215.0]",3,0.845
test_pen1_tur_cam1_20250921_091134_0005,pen1_tur_cam1_20250921_091134.jpg,1280,720,"[305.5,4.0,189.0,331.0]",0,0.95
test_pen1_tur_cam1_20250921_091334_0003,pen1_tur_cam1_20250921_091334.jpg,1280,720,"[303.5,0.0,193.0,309.0]",0,0.951
test_pen1_tur_cam1_20250921_092154_0004,pen1_tur_cam1_20250921_092154.jpg,1280,720,"[303.0,1.0,189.0,311.0]",0,0.951
test_pen1_tur_cam1_20250921_092154_0007,pen1_tur_cam1_20250921_092154.jpg,1280,720,"[1059.0,213.5,100.0,172.0]",3,0.844
test_pen1_tur_cam1_20250921_092354_0000,pen1_tur_cam1_20250921_092354.jpg,1280,720,"[246.5,178.0,209.0,387.0]",2,0.9937
test_pen1_tur_cam1_20250921_092354_0002,pen1_tur_cam1_20250921_092354.jpg,1280,720,"[773.5,134.5,208.0,273.0]",3,0.845
test_pen1_tur_cam1_20250921_092505_0002,pen1_tur_cam1_20250921_092505.jpg,1280,720,"[254.0,424.5,379.0,261.0]",2,0.9937
test_pen1_tur_cam1_20250921_092505_0008,pen1_tur_cam1_20250921_092505.jpg,1280,720,"[1094.0,352.5,65.0,206.0]",4,0.888
test_pen1_tur_cam1_20250921_092705_0003,pen1_tur_cam1_20250921_092705.jpg,1280,720,"[827.5,155.5,189.0,248.0]",3,0.8447
test_pen1_tur_cam1_20250921_092905_0005,pen1_tur_cam1_20250921_092905.jpg,1280,720,"[849.5,145.0,234.0,198.0]",3,0.845
test_pen1_tur_cam1_20250921_093217_0004,pen1_tur_cam1_20250921_093217.jpg,1280,720,"[741.5,145.5,278.0,271.0]",3,0.845
test_pen1_tur_cam1_20250921_093928_0006,pen1_tur_cam1_20250921_093928.jpg,1280,720,"[666.5,499.5,319.0,151.0]",4,0.885
test_pen1_tur_cam1_20250922_115017_0004,pen1_tur_cam1_20250922_115017.jpg,1280,720,"[504.0,29.0,326.0,166.0]",0,0.949
test_pen1_tur_cam1_20250922_115017_0006,pen1_tur_cam1_20250922_115017.jpg,1280,720,"[573.0,143.5,293.0,218.0]",0,0.949
test_pen1_tur_cam1_20250922_122226_0006,pen1_tur_cam1_20250922_122226.jpg,1280,720,"[517.0,32.0,314.0,188.0]",0,0.9478
test_pen1_tur_cam1_20250922_124932_0000,pen1_tur_cam1_20250922_124932.jpg,1280,720,"[244.8,403.7,395.0,261.0]",2,0.994
test_pen1_tur_cam1_20250922_124932_0001,pen1_tur_cam1_20250922_124932.jpg,1280,720,"[531.5,18.5,308.0,263.0]",4,0.8853
test_pen1_tur_cam1_20250922_125034_0000,pen1_tur_cam1_20250922_125034.jpg,1280,720,"[735.5,380.0,208.0,298.0]",2,0.993
test_pen1_tur_cam1_20250922_125034_0002,pen1_tur_cam1_20250922_125034.jpg,1280,720,"[528.5,18.5,315.0,265.0]",4,0.8857
test_pen1_tur_cam1_20250922_125034_0006,pen1_tur_cam1_20250922_125034.jpg,1280,720,"[973.0,206.0,165.0,148.0]",3,0.844
test_pen1_tur_cam1_20250922_125535_0003,pen1_tur_cam1_20250922_125535.jpg,1280,720,"[227.5,200.0,208.0,392.0]",2,0.993
test_pen1_tur_cam1_20250922_125935_0001,pen1_tur_cam1_20250922_125935.jpg,1280,720,"[894.5,159.0,191.0,256.0]",3,0.846
test_pen1_tur_cam1_20250922_125935_0002,pen1_tur_cam1_20250922_125935.jpg,1280,720,"[638.5,44.0,265.0,203.0]",3,0.845
test_pen1_tur_cam1_20250922_130037_0002,pen1_tur_cam1_20250922_130037.jpg,1280,720,"[281.5,135.0,369.0,159.0]",4,0.884
test_pen1_tur_cam1_20250922_130037_0004,pen1_tur_cam1_20250922_130037.jpg,1280,720,"[510.5,460.5,411.0,218.0]",2,0.993
test_pen1_tur_cam1_20250922_130237_0006,pen1_tur_cam1_20250922_130237.jpg,1280,720,"[846.0,516.5,202.0,131.0]",4,0.8857
test_pen1_tur_cam1_20250922_130437_0001,pen1_tur_cam1_20250922_130437.jpg,1280,720,"[280.5,0.0,163.0,280.0]",3,0.844
test_pen1_tur_cam1_20250922_130538_0004,pen1_tur_cam1_20250922_130538.jpg,1280,720,"[833.5,518.5,219.0,131.0]",4,0.8867
test_pen1_tur_cam1_20250922_130738_0000,pen1_tur_cam1_20250922_130738.jpg,1280,720,"[288.0,1.0,170.0,348.0]",4,0.886
test_pen1_tur_cam1_20250922_130738_0008,pen1_tur_cam1_20250922_130738.jpg,1280,720,"[806.5,523.0,246.0,126.0]",4,0.886
test_pen1_tur_cam1_20250922_130938_0000,pen1_tur_cam1_20250922_130938.jpg,1280,720,"[292.0,1.0,167.0,348.0]",4,0.884
test_pen1_tur_cam1_20250922_130938_0004,pen1_tur_cam1_20250922_130938.jpg,1280,720,"[802.0,515.5,257.0,132.0]",4,0.8853
test_pen1_tur_cam1_20250922_131240_0002,pen1_tur_cam1_20250922_131240.jpg,1280,720,"[282.5,2.0,196.0,343.0]",4,0.8833
test_pen1_tur_cam1_20250922_131440_0002,pen1_tur_cam1_20250922_131440.jpg,1280,720,"[279.0,1.0,220.0,305.0]",4,0.886
test_pen1_tur_cam1_20250922_131941_0000,pen1_tur_cam1_20250922_131941.jpg,1280,720,"[266.5,0.5,287.0,320.0]",4,0.8867
test_pen1_tur_cam1_20250922_132744_0001,pen1_tur_cam1_20250922_132744.jpg,1280,720,"[390.5,523.5,432.0,156.0]",4,0.8877
test_pen1_tur_cam1_20250922_132744_0008,pen1_tur_cam1_20250922_132744.jpg,1280,720,"[1074.0,495.0,90.0,96.0]",2,0.993
test_pen1_tur_cam1_20250922_132944_0001,pen1_tur_cam1_20250922_132944.jpg,1280,720,"[233.5,259.6,206.0,405.0]",2,0.9927
test_pen1_tur_cam1_20250922_133046_0003,pen1_tur_cam1_20250922_133046.jpg,1280,720,"[273.0,239.5,224.0,378.0]",2,0.9937
test_pen1_tur_cam1_20250922_133246_0001,pen1_tur_cam1_20250922_133246.jpg,1280,720,"[266.5,254.6,220.0,386.0]",2,0.993
test_pen1_tur_cam1_20250922_133547_0001,pen1_tur_cam1_20250922_133547.jpg,1280,720,"[290.5,241.6,241.0,339.0]",2,0.9937
test_pen1_tur_cam1_20250922_135951_0005,pen1_tur_cam1_20250922_135951.jpg,1280,720,"[1000.0,187.5,113.0,119.0]",2,0.994
test_pen1_tur_cam1_20250922_141557_0004,pen1_tur_cam1_20250922_141557.jpg,1280,720,"[856.5,158.5,221.0,190.0]",3,0.844
test_pen1_tur_cam1_20250922_141757_0001,pen1_tur_cam1_20250922_141757.jpg,1280,720,"[446.5,170.5,385.0,226.0]",1,0.947
test_pen1_tur_cam1_20250922_142458_0001,pen1_tur_cam1_20250922_142458.jpg,1280,720,"[506.0,487.0,407.0,201.0]",2,0.9927
test_pen1_tur_cam1_20250922_142458_0004,pen1_tur_cam1_20250922_142458.jpg,1280,720,"[533.5,40.0,308.0,156.0]",0,0.949
test_pen1_tur_cam1_20250922_143101_0003,pen1_tur_cam1_20250922_143101.jpg,1280,720,"[572.5,165.5,294.0,199.0]",2,0.9937
test_pen1_tur_cam1_20250922_143301_0005,pen1_tur_cam1_20250922_143301.jpg,1280,720,"[569.0,36.0,265.0,172.0]",0,0.9478
test_pen1_tur_cam1_20250922_145004_0004,pen1_tur_cam1_20250922_145004.jpg,1280,720,"[750.0,429.5,278.0,179.0]",2,0.993
test_pen1_tur_cam1_20250922_145307_0002,pen1_tur_cam1_20250922_145307.jpg,1280,720,"[460.5,466.0,393.0,207.0]",1,0.9463
test_pen1_tur_cam1_20250922_150109_0001,pen1_tur_cam1_20250922_150109.jpg,1280,720,"[560.0,43.0,294.0,227.0]",0,0.948
test_pen1_tur_cam1_20250922_170541_0001,pen1_tur_cam1_20250922_170541.jpg,1280,720,"[623.0,163.5,304.0,218.0]",0,0.949
test_pen1_tur_cam1_20250923_060024_0002,pen1_tur_cam1_20250923_060024.jpg,1280,720,"[287.5,28.5,221.0,375.0]",0,0.95
test_pen1_tur_cam1_20250923_060725_0005,pen1_tur_cam1_20250923_060725.jpg,1280,720,"[293.5,50.5,208.0,370.0]",0,0.9497
test_pen1_tur_cam1_20250923_063534_0002,pen1_tur_cam1_20250923_063534.jpg,1280,720,"[279.0,165.5,286.0,340.0]",2,0.994
test_pen1_tur_cam1_20250923_063934_0005,pen1_tur_cam1_20250923_063934.jpg,1280,720,"[963.5,189.0,146.0,209.0]",3,0.8457
test_pen1_tur_cam1_20250923_071744_0001,pen1_tur_cam1_20250923_071744.jpg,1280,720,"[308.0,0.0,349.0,219.0]",3,0.8447
test_pen1_tur_cam1_20250923_071744_0003,pen1_tur_cam1_20250923_071744.jpg,1280,720,"[845.5,144.0,230.0,188.0]",3,0.844
test_pen1_tur_cam1_20250923_071744_0004,pen1_tur_cam1_20250923_071744.jpg,1280,720,"[733.0,238.5,246.0,157.0]",3,0.844
test_pen1_tur_cam1_20250923_072246_0002,pen1_tur_cam1_20250923_072246.jpg,1280,720,"[845.5,145.0,220.0,219.0]",3,0.845
test_pen1_tur_cam1_20250923_072746_0000,pen1_tur_cam1_20250923_072746.jpg,1280,720,"[276.5,480.6,394.0,234.0]",2,0.9937
test_pen1_tur_cam1_20250923_074050_0001,pen1_tur_cam1_20250923_074050.jpg,1280,720,"[320.5,0.5,244.0,352.0]",0,0.948
test_pen1_tur_cam1_20250923_074050_0004,pen1_tur_cam1_20250923_074050.jpg,1280,720,"[640.0,128.5,258.0,159.0]",3,0.8457
test_pen1_tur_cam1_20250923_074951_0002,pen1_tur_cam1_20250923_074951.jpg,1280,720,"[689.0,243.0,318.0,229.0]",3,0.844
test_pen1_tur_cam1_20250923_074951_0005,pen1_tur_cam1_20250923_074951.jpg,1280,720,"[339.0,257.5,243.0,419.0]",2,0.993
test_pen1_tur_cam1_20250923_075253_0001,pen1_tur_cam1_20250923_075253.jpg,1280,720,"[311.5,1.5,384.0,152.0]",3,0.8447
test_pen1_tur_cam1_20250923_075253_0004,pen1_tur_cam1_20250923_075253.jpg,1280,720,"[284.8,90.2,290.0,378.0]",2,0.994
test_pen1_tur_cam1_20250923_082802_0001,pen1_tur_cam1_20250923_082802.jpg,1280,720,"[749.0,154.0,277.0,255.0]",3,0.844
test_pen1_tur_cam1_20250923_083604_0001,pen1_tur_cam1_20250923_083604.jpg,1280,720,"[272.0,177.5,457.0,172.0]",3,0.844
test_pen1_tur_cam1_20250923_090814_0002,pen1_tur_cam1_20250923_090814.jpg,1280,720,"[584.0,159.0,190.0,287.0]",2,0.994
test_pen1_tur_cam1_20250923_090814_0005,pen1_tur_cam1_20250923_090814.jpg,1280,720,"[277.5,44.5,204.0,391.0]",0,0.9507
test_pen1_tur_cam1_20250923_090814_0006,pen1_tur_cam1_20250923_090814.jpg,1280,720,"[582.0,25.0,285.0,239.0]",1,0.947
test_pen1_tur_cam1_20250923_091014_0005,pen1_tur_cam1_20250923_091014.jpg,1280,720,"[279.0,35.5,213.0,363.0]",0,0.949
test_pen1_tur_cam1_20250923_095025_0006,pen1_tur_cam1_20250923_095025.jpg,1280,720,"[858.5,146.0,192.0,245.0]",3,0.844
test_pen1_tur_cam1_20250923_095526_0003,pen1_tur_cam1_20250923_095526.jpg,1280,720,"[438.0,96.5,331.0,212.0]",3,0.8447
test_pen1_tur_cam1_20250923_095526_0005,pen1_tur_cam1_20250923_095526.jpg,1280,720,"[821.5,145.5,146.0,235.0]",3,0.8447
test_pen1_tur_cam1_20250923_095526_0006,pen1_tur_cam1_20250923_095526.jpg,1280,720,"[947.5,183.0,141.0,224.0]",3,0.8447
test_pen1_tur_cam1_20250923_095628_0004,pen1_tur_cam1_20250923_095628.jpg,1280,720,"[297.5,6.5,154.0,333.0]",4,0.885
test_pen1_tur_cam1_20250923_095828_0002,pen1_tur_cam1_20250923_095828.jpg,1280,720,"[611.5,376.0,301.0,294.0]",1,0.9463
test_pen1_tur_cam1_20250923_095828_0006,pen1_tur_cam1_20250923_095828.jpg,1280,720,"[1092.0,362.0,66.0,216.0]",4,0.884
test_pen1_tur_cam1_20250923_095828_0008,pen1_tur_cam1_20250923_095828.jpg,1280,720,"[247.0,507.5,388.0,156.0]",2,0.9927
test_pen1_tur_cam1_20250923_100128_0002,pen1_tur_cam1_20250923_100128.jpg,1280,720,"[500.5,19.5,342.0,174.0]",4,0.885
test_pen1_tur_cam1_20250923_100536_0008,pen1_tur_cam1_20250923_100536.jpg,1280,720,"[1092.0,364.0,66.0,214.0]",4,0.8857
test_pen1_tur_cam1_20250923_100630_0001,pen1_tur_cam1_20250923_100630.jpg,1280,720,"[358.5,57.2,299.0,350.0]",2,0.994
test_pen1_tur_cam1_20250923_100630_0005,pen1_tur_cam1_20250923_100630.jpg,1280,720,"[1092.0,362.0,67.0,214.0]",4,0.8833
test_pen1_tur_cam1_20250923_100835_0007,pen1_tur_cam1_20250923_100835.jpg,1280,720,"[1092.0,365.5,66.0,212.0]",4,0.886
test_pen1_tur_cam1_20250923_101035_0004,pen1_tur_cam1_20250923_101035.jpg,1280,720,"[278.0,2.0,159.0,322.0]",2,0.9937
test_pen1_tur_cam1_20250923_102534_0001,pen1_tur_cam1_20250923_102534.jpg,1280,720,"[269.0,250.5,199.0,419.0]",2,0.994
test_pen1_tur_cam1_20250923_102534_0002,pen1_tur_cam1_20250923_102534.jpg,1280,720,"[508.0,43.0,318.0,194.0]",0,0.948
test_pen1_tur_cam1_20250923_103536_0001,pen1_tur_cam1_20250923_103536.jpg,1280,720,"[246.5,186.0,234.0,474.0]",0,0.9487
test_pen1_tur_cam1_20250923_103536_0002,pen1_tur_cam1_20250923_103536.jpg,1280,720,"[552.0,224.5,280.0,348.0]",1,0.948
test_pen1_tur_cam1_20250923_103536_0003,pen1_tur_cam1_20250923_103536.jpg,1280,720,"[819.0,147.5,153.0,234.0]",3,0.845
test_pen1_tur_cam1_20250923_103838_0000,pen1_tur_cam1_20250923_103838.jpg,1280,720,"[503.5,222.5,336.0,329.0]",2,0.994
test_pen1_tur_cam1_20250923_103838_0002,pen1_tur_cam1_20250923_103838.jpg,1280,720,"[257.0,168.5,221.0,451.0]",0,0.948
test_pen1_tur_cam1_20250923_103838_0006,pen1_tur_cam1_20250923_103838.jpg,1280,720,"[983.5,207.0,142.0,196.0]",3,0.845
test_pen1_tur_cam1_20250923_104340_0000,pen1_tur_cam1_20250923_104340.jpg,1280,720,"[258.5,158.5,213.0,454.0]",0,0.9487
test_pen1_tur_cam1_20250923_104340_0004,pen1_tur_cam1_20250923_104340.jpg,1280,720,"[1094.5,400.5,86.0,189.0]",2,0.994
test_pen1_tur_cam1_20250923_104840_0000,pen1_tur_cam1_20250923_104840.jpg,1280,720,"[258.0,156.5,230.0,467.0]",0,0.949
test_pen1_tur_cam1_20250923_110345_0002,pen1_tur_cam1_20250923_110345.jpg,1280,720,"[247.5,194.5,248.0,444.0]",0,0.9497
test_pen1_tur_cam1_20250923_122407_0002,pen1_tur_cam1_20250923_122407.jpg,1280,720,"[324.0,2.0,327.0,200.0]",0,0.948
test_pen1_tur_cam1_20250923_122407_0004,pen1_tur_cam1_20250923_122407.jpg,1280,720,"[547.5,159.0,312.0,239.0]",0,0.949
test_pen1_tur_cam1_20250923_122607_0007,pen1_tur_cam1_20250923_122607.jpg,1280,720,"[579.5,60.0,250.0,122.0]",0,0.948
test_pen1_tur_cam1_20250923_122907_0003,pen1_tur_cam1_20250923_122907.jpg,1280,720,"[560.5,158.0,299.0,231.0]",0,0.9497
test_pen1_tur_cam1_20250923_122907_0006,pen1_tur_cam1_20250923_122907.jpg,1280,720,"[336.0,0.5,334.0,128.0]",2,0.9937
test_pen1_tur_cam1_20250923_123107_0003,pen1_tur_cam1_20250923_123107.jpg,1280,720,"[545.0,140.5,326.0,253.0]",0,0.948
test_pen1_tur_cam1_20250923_123610_0008,pen1_tur_cam1_20250923_123610.jpg,1280,720,"[1099.5,323.0,79.0,170.0]",2,0.9927
test_pen1_tur_cam1_20250923_123910_0004,pen1_tur_cam1_20250923_123910.jpg,1280,720,"[1078.0,435.5,92.0,162.0]",2,0.9927
test_pen1_tur_cam1_20250923_123910_0007,pen1_tur_cam1_20250923_123910.jpg,1280,720,"[945.5,254.0,124.0,289.0]",2,0.993
test_pen1_tur_cam1_20250923_130919_0003,pen1_tur_cam1_20250923_130919.jpg,1280,720,"[882.0,529.0,212.0,111.0]",4,0.8857
test_pen1_tur_cam1_20250923_130919_0004,pen1_tur_cam1_20250923_130919.jpg,1280,720,"[850.5,155.0,185.0,247.0]",3,0.8457
test_pen1_tur_cam1_20250923_131119_0000,pen1_tur_cam1_20250923_131119.jpg,1280,720,"[792.5,149.5,157.0,236.0]",3,0.845
test_pen1_tur_cam1_20250923_131119_0003,pen1_tur_cam1_20250923_131119.jpg,1280,720,"[939.5,180.5,159.0,204.0]",3,0.846
test_pen1_tur_cam1_20250923_131119_0005,pen1_tur_cam1_20250923_131119.jpg,1280,720,"[903.5,530.0,183.0,115.0]",4,0.8833
test_pen1_tur_cam1_20250923_131219_0000,pen1_tur_cam1_20250923_131219.jpg,1280,720,"[551.0,527.5,364.0,145.0]",4,0.8896
test_pen1_tur_cam1_20250923_131419_0002,pen1_tur_cam1_20250923_131419.jpg,1280,720,"[543.0,526.5,383.0,147.0]",4,0.886
test_pen1_tur_cam1_20250923_131419_0004,pen1_tur_cam1_20250923_131419.jpg,1280,720,"[848.0,147.5,210.0,254.0]",3,0.845
test_pen1_tur_cam1_20250923_131619_0004,pen1_tur_cam1_20250923_131619.jpg,1280,720,"[550.5,525.5,373.0,147.0]",4,0.8926
test_pen1_tur_cam1_20250923_132422_0000,pen1_tur_cam1_20250923_132422.jpg,1280,720,"[392.0,370.0,417.0,292.0]",1,0.9463
test_pen1_tur_cam1_20250923_134127_0003,pen1_tur_cam1_20250923_134127.jpg,1280,720,"[841.0,158.8,211.0,210.0]",3,0.845
test_pen1_tur_cam1_20250923_134428_0003,pen1_tur_cam1_20250923_134428.jpg,1280,720,"[276.8,2.0,230.0,346.0]",0,0.949
test_pen1_tur_cam1_20250923_134729_0006,pen1_tur_cam1_20250923_134729.jpg,1280,720,"[543.0,86.0,348.0,156.0]",3,0.8447
test_pen1_tur_cam1_20250923_140132_0002,pen1_tur_cam1_20250923_140132.jpg,1280,720,"[524.5,10.5,313.0,211.0]",1,0.947
test_pen1_tur_cam1_20250923_140132_0004,pen1_tur_cam1_20250923_140132.jpg,1280,720,"[279.0,94.0,372.0,233.0]",2,0.9937
test_pen1_tur_cam1_20250923_141737_0002,pen1_tur_cam1_20250923_141737.jpg,1280,720,"[741.5,133.5,276.0,234.0]",3,0.8467
test_pen1_tur_cam1_20250923_141937_0005,pen1_tur_cam1_20250923_141937.jpg,1280,720,"[506.0,10.5,320.0,170.0]",4,0.888
test_pen1_tur_cam1_20250923_142137_0002,pen1_tur_cam1_20250923_142137.jpg,1280,720,"[789.5,147.5,165.0,221.0]",3,0.844
test_pen1_tur_cam1_20250923_142439_0001,pen1_tur_cam1_20250923_142439.jpg,1280,720,"[845.0,156.5,185.0,244.0]",3,0.8447
test_pen1_tur_cam1_20250923_145748_0002,pen1_tur_cam1_20250923_145748.jpg,1280,720,"[359.0,439.5,426.0,238.0]",1,0.9463
test_pen1_tur_cam1_20250923_145948_0002,pen1_tur_cam1_20250923_145948.jpg,1280,720,"[368.0,440.5,418.0,237.0]",1,0.9463
test_pen1_tur_cam1_20250923_172226_0005,pen1_tur_cam1_20250923_172226.jpg,1280,720,"[938.0,174.5,163.0,198.0]",3,0.845
test_pen1_tur_cam1_20250923_172527_0000,pen1_tur_cam1_20250923_172527.jpg,1280,720,"[532.0,65.5,355.0,186.0]",3,0.8457
test_pen1_tur_cam1_20250923_173730_0001,pen1_tur_cam1_20250923_173730.jpg,1280,720,"[290.0,183.5,200.0,394.0]",2,0.9937
test_pen1_tur_cam1_20250924_060002_0000,pen1_tur_cam1_20250924_060002.jpg,1280,720,"[453.5,43.5,360.0,256.0]",1,0.946
test_pen1_tur_cam1_20250924_060402_0003,pen1_tur_cam1_20250924_060402.jpg,1280,720,"[258.0,330.0,356.0,197.0]",2,0.9937
test_pen1_tur_cam1_20250924_061707_0002,pen1_tur_cam1_20250924_061707.jpg,1280,720,"[634.5,373.0,348.0,235.0]",2,0.9927
test_pen1_tur_cam1_20250924_061707_0003,pen1_tur_cam1_20250924_061707.jpg,1280,720,"[470.0,11.0,317.0,267.0]",1,0.9473
test_pen1_tur_cam1_20250924_061907_0000,pen1_tur_cam1_20250924_061907.jpg,1280,720,"[470.5,9.5,312.0,276.0]",1,0.9478
test_pen1_tur_cam1_20250924_062208_0001,pen1_tur_cam1_20250924_062208.jpg,1280,720,"[684.5,320.5,328.0,214.0]",2,0.994
test_pen1_tur_cam1_20250924_062208_0005,pen1_tur_cam1_20250924_062208.jpg,1280,720,"[471.0,5.0,320.0,288.0]",1,0.947
test_pen1_tur_cam1_20250924_062408_0002,pen1_tur_cam1_20250924_062408.jpg,1280,720,"[289.2,11.0,172.0,390.0]",0,0.948
test_pen1_tur_cam1_20250924_062408_0006,pen1_tur_cam1_20250924_062408.jpg,1280,720,"[476.5,14.0,309.0,275.0]",1,0.9478
test_pen1_tur_cam1_20250924_064412_0002,pen1_tur_cam1_20250924_064412.jpg,1280,720,"[462.5,1.0,317.0,300.0]",1,0.947
test_pen1_tur_cam1_20250924_065717_0006,pen1_tur_cam1_20250924_065717.jpg,1280,720,"[464.5,8.5,305.0,277.0]",1,0.947
test_pen1_tur_cam1_20250924_071221_0005,pen1_tur_cam1_20250924_071221.jpg,1280,720,"[1032.0,261.5,131.0,117.0]",3,0.844
test_pen1_tur_cam1_20250924_072424_0002,pen1_tur_cam1_20250924_072424.jpg,1280,720,"[838.0,156.5,159.0,207.0]",3,0.8447
test_pen1_tur_cam1_20250924_072524_0003,pen1_tur_cam1_20250924_072524.jpg,1280,720,"[781.5,164.5,266.0,175.0]",3,0.845
test_pen1_tur_cam1_20250924_072524_0004,pen1_tur_cam1_20250924_072524.jpg,1280,720,"[842.0,521.0,246.0,124.0]",4,0.888
test_pen1_tur_cam1_20250924_072524_0006,pen1_tur_cam1_20250924_072524.jpg,1280,720,"[907.8,215.7,154.0,226.0]",3,0.8447
test_pen1_tur_cam1_20250924_072724_0003,pen1_tur_cam1_20250924_072724.jpg,1280,720,"[822.5,148.5,167.0,251.0]",3,0.845
test_pen1_tur_cam1_20250924_072724_0005,pen1_tur_cam1_20250924_072724.jpg,1280,720,"[876.5,523.5,215.0,121.0]",4,0.8833
test_pen1_tur_cam1_20250924_072924_0005,pen1_tur_cam1_20250924_072924.jpg,1280,720,"[841.5,148.0,247.0,191.0]",3,0.845
test_pen1_tur_cam1_20250924_073027_0000,pen1_tur_cam1_20250924_073027.jpg,1280,720,"[692.0,140.5,277.0,302.0]",3,0.845
test_pen1_tur_cam1_20250924_073227_0001,pen1_tur_cam1_20250924_073227.jpg,1280,720,"[472.0,483.0,346.0,229.0]",2,0.994
test_pen1_tur_cam1_20250924_073427_0003,pen1_tur_cam1_20250924_073427.jpg,1280,720,"[861.0,146.2,199.0,248.0]",3,0.8447
test_pen1_tur_cam1_20250924_073427_0006,pen1_tur_cam1_20250924_073427.jpg,1280,720,"[1026.5,171.5,122.0,255.0]",3,0.844
test_pen1_tur_cam1_20250924_073528_0003,pen1_tur_cam1_20250924_073528.jpg,1280,720,"[396.5,106.0,412.0,190.0]",3,0.848
test_pen1_tur_cam1_20250924_074429_0004,pen1_tur_cam1_20250924_074429.jpg,1280,720,"[838.5,153.5,239.0,206.0]",3,0.845
test_pen1_tur_cam1_20250924_074930_0003,pen1_tur_cam1_20250924_074930.jpg,1280,720,"[840.5,149.0,221.0,192.0]",3,0.8457
test_pen1_tur_cam1_20250924_075232_0002,pen1_tur_cam1_20250924_075232.jpg,1280,720,"[435.0,2.0,336.0,217.0]",1,0.947
test_pen1_tur_cam1_20250924_075232_0004,pen1_tur_cam1_20250924_075232.jpg,1280,720,"[844.0,147.5,227.0,219.0]",3,0.844
test_pen1_tur_cam1_20250924_075432_0001,pen1_tur_cam1_20250924_075432.jpg,1280,720,"[437.0,3.0,330.0,213.0]",1,0.9473
test_pen1_tur_cam1_20250924_080434_0003,pen1_tur_cam1_20250924_080434.jpg,1280,720,"[427.5,0.5,366.0,219.0]",1,0.947
test_pen1_tur_cam1_20250924_080535_0003,pen1_tur_cam1_20250924_080535.jpg,1280,720,"[430.5,1.0,357.0,213.0]",1,0.947
test_pen1_tur_cam1_20250924_080535_0004,pen1_tur_cam1_20250924_080535.jpg,1280,720,"[748.5,487.0,271.0,173.0]",0,0.9478
test_pen1_tur_cam1_20250924_081236_0000,pen1_tur_cam1_20250924_081236.jpg,1280,720,"[309.8,2.0,230.0,328.0]",0,0.9507
test_pen1_tur_cam1_20250924_081236_0004,pen1_tur_cam1_20250924_081236.jpg,1280,720,"[425.0,0.5,335.0,199.0]",1,0.947
test_pen1_tur_cam1_20250924_081236_0007,pen1_tur_cam1_20250924_081236.jpg,1280,720,"[1079.8,245.5,74.0,202.0]",1,0.946
test_pen1_tur_cam1_20250924_083943_0000,pen1_tur_cam1_20250924_083943.jpg,1280,720,"[408.5,175.5,416.0,211.0]",3,0.8447
test_pen1_tur_cam1_20250924_085248_0001,pen1_tur_cam1_20250924_085248.jpg,1280,720,"[279.8,3.0,221.0,338.0]",0,0.9497
test_pen1_tur_cam1_20250924_085248_0003,pen1_tur_cam1_20250924_085248.jpg,1280,720,"[432.5,2.5,323.0,228.0]",1,0.946
test_pen1_tur_cam1_20250924_090751_0002,pen1_tur_cam1_20250924_090751.jpg,1280,720,"[430.5,0.5,325.0,235.0]",1,0.947
test_pen1_tur_cam1_20250924_090751_0006,pen1_tur_cam1_20250924_090751.jpg,1280,720,"[664.0,294.0,207.0,315.0]",2,0.994
test_pen1_tur_cam1_20250924_095606_0001,pen1_tur_cam1_20250924_095606.jpg,1280,720,"[247.5,221.0,370.0,244.0]",2,0.9946
test_pen1_tur_cam1_20250924_095806_0006,pen1_tur_cam1_20250924_095806.jpg,1280,720,"[1080.5,246.5,79.0,198.0]",4,0.8833
test_pen1_tur_cam1_20250924_101109_0001,pen1_tur_cam1_20250924_101109.jpg,1280,720,"[675.5,73.0,215.0,284.0]",3,0.8447
test_pen1_tur_cam1_20250924_101109_0002,pen1_tur_cam1_20250924_101109.jpg,1280,720,"[304.0,1.0,217.0,343.0]",0,0.95
test_pen1_tur_cam1_20250924_101109_0003,pen1_tur_cam1_20250924_101109.jpg,1280,720,"[803.0,145.2,154.0,243.0]",3,0.845
test_pen1_tur_cam1_20250924_103816_0008,pen1_tur_cam1_20250924_103816.jpg,1280,720,"[598.0,53.5,232.0,138.0]",2,0.993
test_pen1_tur_cam1_20250924_104820_0004,pen1_tur_cam1_20250924_104820.jpg,1280,720,"[370.0,521.0,405.0,160.0]",4,0.8843
test_pen1_tur_cam1_20250924_105020_0000,pen1_tur_cam1_20250924_105020.jpg,1280,720,"[244.0,227.5,180.0,429.0]",4,0.89
test_pen1_tur_cam1_20250924_105320_0003,pen1_tur_cam1_20250924_105320.jpg,1280,720,"[702.0,515.5,285.0,151.0]",4,0.8887
test_pen1_tur_cam1_20250924_111527_0005,pen1_tur_cam1_20250924_111527.jpg,1280,720,"[707.5,492.0,311.0,166.0]",1,0.9463
test_pen1_tur_cam1_20250924_111527_0006,pen1_tur_cam1_20250924_111527.jpg,1280,720,"[840.5,155.5,221.0,245.0]",3,0.8447
test_pen1_tur_cam1_20250924_112031_0004,pen1_tur_cam1_20250924_112031.jpg,1280,720,"[852.5,146.0,227.0,187.0]",3,0.8457
test_pen1_tur_cam1_20250924_112129_0006,pen1_tur_cam1_20250924_112129.jpg,1280,720,"[384.0,458.0,357.0,222.0]",2,0.9937
test_pen1_tur_cam1_20250924_112831_0001,pen1_tur_cam1_20250924_112831.jpg,1280,720,"[668.5,336.5,166.0,330.0]",2,0.994
test_pen1_tur_cam1_20250924_113031_0001,pen1_tur_cam1_20250924_113031.jpg,1280,720,"[563.2,166.5,293.0,162.0]",2,0.994
test_pen1_tur_cam1_20250924_113837_0007,pen1_tur_cam1_20250924_113837.jpg,1280,720,"[425.5,23.5,301.0,241.0]",2,0.994
test_pen1_tur_cam1_20250924_122357_0004,pen1_tur_cam1_20250924_122357.jpg,1280,720,"[310.0,18.0,386.0,188.0]",3,0.844
test_pen1_tur_cam1_20250924_122859_0003,pen1_tur_cam1_20250924_122859.jpg,1280,720,"[814.0,156.5,187.0,199.0]",3,0.844
test_pen1_tur_cam1_20250924_123200_0001,pen1_tur_cam1_20250924_123200.jpg,1280,720,"[544.5,393.5,354.0,237.0]",1,0.9473
test_pen1_tur_cam1_20250924_123200_0004,pen1_tur_cam1_20250924_123200.jpg,1280,720,"[891.5,159.0,184.0,243.0]",3,0.844
test_pen1_tur_cam1_20250924_123702_0003,pen1_tur_cam1_20250924_123702.jpg,1280,720,"[506.0,63.5,297.0,253.0]",0,0.949
test_pen1_tur_cam1_20250924_123901_0005,pen1_tur_cam1_20250924_123901.jpg,1280,720,"[527.0,64.0,291.0,238.0]",0,0.949
test_pen1_tur_cam1_20250924_125607_0003,pen1_tur_cam1_20250924_125607.jpg,1280,720,"[310.8,107.0,384.0,205.0]",2,0.994
test_pen1_tur_cam1_20250924_130208_0004,pen1_tur_cam1_20250924_130208.jpg,1280,720,"[628.0,283.6,356.0,214.0]",2,0.9937
test_pen1_tur_cam1_20250924_130208_0005,pen1_tur_cam1_20250924_130208.jpg,1280,720,"[390.0,459.0,372.0,203.0]",2,0.994
test_pen1_tur_cam1_20250924_130608_0001,pen1_tur_cam1_20250924_130608.jpg,1280,720,"[808.5,152.5,178.0,264.0]",3,0.8447
test_pen1_tur_cam1_20250924_130909_0003,pen1_tur_cam1_20250924_130909.jpg,1280,720,"[562.0,541.0,356.0,134.0]",4,0.884
test_pen1_tur_cam1_20250924_131109_0003,pen1_tur_cam1_20250924_131109.jpg,1280,720,"[540.0,539.0,379.0,135.0]",4,0.8906
test_pen1_tur_cam1_20250924_131109_0004,pen1_tur_cam1_20250924_131109.jpg,1280,720,"[849.0,157.0,200.0,235.0]",3,0.845
test_pen1_tur_cam1_20250924_135622_0001,pen1_tur_cam1_20250924_135622.jpg,1280,720,"[354.0,203.5,396.0,246.0]",2,0.994
test_pen1_tur_cam1_20250924_140726_0008,pen1_tur_cam1_20250924_140726.jpg,1280,720,"[312.5,311.0,359.0,174.0]",2,0.994
test_pen1_tur_cam1_20250924_141126_0000,pen1_tur_cam1_20250924_141126.jpg,1280,720,"[360.0,1.0,341.0,318.0]",0,0.948
test_pen1_tur_cam1_20250924_141126_0003,pen1_tur_cam1_20250924_141126.jpg,1280,720,"[842.0,157.5,217.0,228.0]",3,0.8447
test_pen1_tur_cam1_20250924_143232_0000,pen1_tur_cam1_20250924_143232.jpg,1280,720,"[270.0,402.5,391.0,291.0]",2,0.9937
test_pen1_tur_cam1_20250924_143432_0001,pen1_tur_cam1_20250924_143432.jpg,1280,720,"[350.0,420.1,370.0,280.0]",2,0.9937
test_pen1_tur_cam1_20250924_143432_0007,pen1_tur_cam1_20250924_143432.jpg,1280,720,"[543.5,31.5,308.0,191.0]",0,0.948
test_pen1_tur_cam1_20250924_143733_0004,pen1_tur_cam1_20250924_143733.jpg,1280,720,"[333.0,475.5,434.0,160.0]",2,0.993
test_pen1_tur_cam1_20250924_143933_0003,pen1_tur_cam1_20250924_143933.jpg,1280,720,"[662.5,530.5,296.0,137.0]",4,0.889
test_pen1_tur_cam1_20250925_064305_0002,pen1_tur_cam1_20250925_064305.jpg,1280,720,"[687.2,392.2,285.0,269.0]",1,0.9473
test_pen1_tur_cam1_20250925_071012_0006,pen1_tur_cam1_20250925_071012.jpg,1280,720,"[558.5,268.0,301.0,285.0]",2,0.9927
test_pen1_tur_cam1_20250925_071113_0001,pen1_tur_cam1_20250925_071113.jpg,1280,720,"[516.8,255.5,331.0,273.0]",2,0.9937
test_pen1_tur_cam1_20250925_072617_0006,pen1_tur_cam1_20250925_072617.jpg,1280,720,"[931.0,169.0,179.0,207.0]",3,0.8447
test_pen1_tur_cam1_20250925_073820_0004,pen1_tur_cam1_20250925_073820.jpg,1280,720,"[843.5,148.5,224.0,204.0]",3,0.844
test_pen1_tur_cam1_20250925_074321_0003,pen1_tur_cam1_20250925_074321.jpg,1280,720,"[258.0,283.5,296.0,317.0]",2,0.9937
test_pen1_tur_cam1_20250925_074321_0005,pen1_tur_cam1_20250925_074321.jpg,1280,720,"[346.0,0.5,172.0,346.0]",2,0.9937
test_pen1_tur_cam1_20250925_074822_0001,pen1_tur_cam1_20250925_074822.jpg,1280,720,"[393.0,161.5,226.0,369.0]",2,0.9937
test_pen1_tur_cam1_20250925_075022_0003,pen1_tur_cam1_20250925_075022.jpg,1280,720,"[840.0,147.0,169.0,259.0]",3,0.844
test_pen1_tur_cam1_20250925_075124_0002,pen1_tur_cam1_20250925_075124.jpg,1280,720,"[247.5,133.0,301.0,238.0]",2,0.9946
test_pen1_tur_cam1_20250925_075324_0001,pen1_tur_cam1_20250925_075324.jpg,1280,720,"[241.0,155.5,321.0,236.0]",2,0.9946
test_pen1_tur_cam1_20250925_075625_0003,pen1_tur_cam1_20250925_075625.jpg,1280,720,"[246.0,141.5,319.0,235.0]",2,0.994
test_pen1_tur_cam1_20250925_075825_0003,pen1_tur_cam1_20250925_075825.jpg,1280,720,"[801.0,158.0,187.0,161.0]",3,0.844
test_pen1_tur_cam1_20250925_080527_0001,pen1_tur_cam1_20250925_080527.jpg,1280,720,"[436.2,442.5,411.0,235.0]",1,0.946
test_pen1_tur_cam1_20250925_081029_0003,pen1_tur_cam1_20250925_081029.jpg,1280,720,"[448.5,157.5,177.0,347.0]",2,0.993
test_pen1_tur_cam1_20250925_081329_0002,pen1_tur_cam1_20250925_081329.jpg,1280,720,"[512.5,36.5,301.0,186.0]",0,0.9487
test_pen1_tur_cam1_20250925_081529_0007,pen1_tur_cam1_20250925_081529.jpg,1280,720,"[819.5,165.0,164.0,176.0]",3,0.844
test_pen1_tur_cam1_20250925_083033_0004,pen1_tur_cam1_20250925_083033.jpg,1280,720,"[421.5,81.0,259.0,265.0]",2,0.994
test_pen1_tur_cam1_20250925_083033_0008,pen1_tur_cam1_20250925_083033.jpg,1280,720,"[957.5,174.0,176.0,189.0]",3,0.8467
test_pen1_tur_cam1_20250925_083135_0004,pen1_tur_cam1_20250925_083135.jpg,1280,720,"[367.5,134.0,315.0,234.0]",2,0.9946
test_pen1_tur_cam1_20250925_083334_0001,pen1_tur_cam1_20250925_083334.jpg,1280,720,"[291.5,0.0,166.0,352.0]",4,0.886
test_pen1_tur_cam1_20250925_083636_0002,pen1_tur_cam1_20250925_083636.jpg,1280,720,"[805.0,170.0,198.0,146.0]",3,0.844
test_pen1_tur_cam1_20250925_090543_0002,pen1_tur_cam1_20250925_090543.jpg,1280,720,"[293.5,12.0,355.0,318.0]",2,0.994
test_pen1_tur_cam1_20250925_091346_0002,pen1_tur_cam1_20250925_091346.jpg,1280,720,"[525.5,23.5,328.0,218.0]",1,0.9463
test_pen1_tur_cam1_20250925_091848_0005,pen1_tur_cam1_20250925_091848.jpg,1280,720,"[803.5,155.0,193.0,176.0]",3,0.8447
test_pen1_tur_cam1_20250925_095400_0002,pen1_tur_cam1_20250925_095400.jpg,1280,720,"[766.0,156.5,189.0,236.0]",3,0.8447
test_pen1_tur_cam1_20250925_095905_0005,pen1_tur_cam1_20250925_095905.jpg,1280,720,"[244.0,241.5,149.0,342.0]",2,0.9937
test_pen1_tur_cam1_20250925_100105_0008,pen1_tur_cam1_20250925_100105.jpg,1280,720,"[974.0,168.5,133.0,221.0]",3,0.844
test_pen1_tur_cam1_20250925_100403_0004,pen1_tur_cam1_20250925_100403.jpg,1280,720,"[843.0,145.0,215.0,256.0]",3,0.8447
test_pen1_tur_cam1_20250925_100603_0002,pen1_tur_cam1_20250925_100603.jpg,1280,720,"[833.5,143.0,210.0,257.0]",3,0.844
test_pen1_tur_cam1_20250925_115233_0001,pen1_tur_cam1_20250925_115233.jpg,1280,720,"[293.0,0.5,168.0,290.0]",2,0.9927
test_pen1_tur_cam1_20250925_115433_0004,pen1_tur_cam1_20250925_115433.jpg,1280,720,"[819.5,161.5,183.0,200.0]",3,0.8447
test_pen1_tur_cam1_20250925_120435_0001,pen1_tur_cam1_20250925_120435.jpg,1280,720,"[368.0,29.5,418.0,252.0]",3,0.8457
test_pen1_tur_cam1_20250925_120737_0001,pen1_tur_cam1_20250925_120737.jpg,1280,720,"[558.0,25.5,275.0,356.0]",3,0.845
test_pen1_tur_cam1_20250925_120737_0005,pen1_tur_cam1_20250925_120737.jpg,1280,720,"[989.5,189.5,160.0,178.0]",3,0.845
test_pen1_tur_cam1_20250925_121137_0002,pen1_tur_cam1_20250925_121137.jpg,1280,720,"[228.8,195.0,201.0,375.0]",2,0.993
test_pen1_tur_cam1_20250925_122241_0000,pen1_tur_cam1_20250925_122241.jpg,1280,720,"[510.0,164.0,238.0,322.0]",2,0.994
test_pen1_tur_cam1_20250925_122441_0001,pen1_tur_cam1_20250925_122441.jpg,1280,720,"[543.0,138.0,313.0,215.0]",0,0.949
test_pen1_tur_cam1_20250925_122641_0003,pen1_tur_cam1_20250925_122641.jpg,1280,720,"[281.0,1.0,244.0,280.0]",3,0.8447
test_pen1_tur_cam1_20250925_124646_0007,pen1_tur_cam1_20250925_124646.jpg,1280,720,"[1031.0,231.0,124.0,118.0]",3,0.8447
test_pen1_tur_cam1_20250925_131955_0000,pen1_tur_cam1_20250925_131955.jpg,1280,720,"[551.5,374.5,278.0,251.0]",2,0.9937
test_pen1_tur_cam1_20250925_131955_0003,pen1_tur_cam1_20250925_131955.jpg,1280,720,"[457.7,111.7,374.0,222.0]",2,0.993
test_pen1_tur_cam1_20250925_132657_0008,pen1_tur_cam1_20250925_132657.jpg,1280,720,"[1036.5,209.5,95.0,109.0]",2,0.993
test_pen1_tur_cam1_20250925_134201_0003,pen1_tur_cam1_20250925_134201.jpg,1280,720,"[274.5,0.5,233.0,413.0]",0,0.949
test_pen1_tur_cam1_20250925_134303_0007,pen1_tur_cam1_20250925_134303.jpg,1280,720,"[636.9,71.6,173.6,343.9]",2,0.9937
test_pen1_tur_cam1_20250925_135204_0000,pen1_tur_cam1_20250925_135204.jpg,1280,720,"[261.0,200.0,417.0,188.0]",2,0.994
test_pen1_tur_cam1_20250925_135204_0003,pen1_tur_cam1_20250925_135204.jpg,1280,720,"[599.0,91.0,306.0,151.0]",3,0.8447
test_pen1_tur_cam1_20250925_135305_0000,pen1_tur_cam1_20250925_135305.jpg,1280,720,"[247.0,392.0,367.0,318.0]",2,0.9937
test_pen1_tur_cam1_20250925_140207_0003,pen1_tur_cam1_20250925_140207.jpg,1280,720,"[858.5,143.0,228.0,187.0]",3,0.8447
test_pen1_tur_cam1_20250925_140508_0005,pen1_tur_cam1_20250925_140508.jpg,1280,720,"[1093.6,371.6,64.0,211.0]",4,0.8843
test_pen1_tur_cam1_20250925_140708_0006,pen1_tur_cam1_20250925_140708.jpg,1280,720,"[1093.5,373.1,65.0,210.0]",4,0.8877
test_pen1_tur_cam1_20250925_141511_0003,pen1_tur_cam1_20250925_141511.jpg,1280,720,"[832.0,368.5,219.0,219.0]",1,0.9463
test_pen1_tur_cam1_20250925_141711_0002,pen1_tur_cam1_20250925_141711.jpg,1280,720,"[823.5,355.0,228.0,226.0]",1,0.9463
test_pen1_tur_cam1_20250925_142713_0005,pen1_tur_cam1_20250925_142713.jpg,1280,720,"[877.0,147.5,165.0,260.0]",3,0.845
test_pen1_tur_cam1_20250925_142713_0006,pen1_tur_cam1_20250925_142713.jpg,1280,720,"[1075.0,437.6,90.0,143.0]",2,0.9937
test_pen1_tur_cam1_20250925_143015_0005,pen1_tur_cam1_20250925_143015.jpg,1280,720,"[837.0,142.5,199.0,251.0]",3,0.8447
test_pen1_tur_cam1_20250925_144017_0001,pen1_tur_cam1_20250925_144017.jpg,1280,720,"[265.5,59.6,303.0,340.0]",2,0.994
test_pen1_tur_cam1_20250925_154233_0001,pen1_tur_cam1_20250925_154233.jpg,1280,720,"[446.5,197.0,390.0,198.0]",2,0.9937
test_pen1_tur_cam1_20250925_154535_0002,pen1_tur_cam1_20250925_154535.jpg,1280,720,"[249.5,510.0,444.0,169.0]",4,0.884
test_pen1_tur_cam1_20250925_154535_0005,pen1_tur_cam1_20250925_154535.jpg,1280,720,"[675.5,522.0,286.0,139.0]",4,0.888
test_pen1_tur_cam1_20250925_155537_0006,pen1_tur_cam1_20250925_155537.jpg,1280,720,"[1073.0,252.5,97.0,207.0]",2,0.993
test_pen1_tur_cam1_20250925_155737_0005,pen1_tur_cam1_20250925_155737.jpg,1280,720,"[558.0,3.6,216.0,324.0]",2,0.9937
test_pen1_tur_cam1_20250925_160540_0003,pen1_tur_cam1_20250925_160540.jpg,1280,720,"[230.0,134.5,201.0,361.0]",2,0.994
test_pen1_tur_cam1_20250926_061237_0008,pen1_tur_cam1_20250926_061237.jpg,1280,720,"[296.0,4.0,176.0,336.0]",0,0.948
test_pen1_tur_cam1_20250926_064045_0001,pen1_tur_cam1_20250926_064045.jpg,1280,720,"[644.0,467.0,314.0,201.0]",1,0.946
test_pen1_tur_cam1_20250926_071555_0005,pen1_tur_cam1_20250926_071555.jpg,1280,720,"[392.0,35.0,312.0,267.0]",2,0.9937
test_pen1_tur_cam1_20250926_071755_0000,pen1_tur_cam1_20250926_071755.jpg,1280,720,"[480.0,1.0,218.0,331.0]",2,0.9937
test_pen1_tur_cam1_20250926_072056_0002,pen1_tur_cam1_20250926_072056.jpg,1280,720,"[369.5,470.5,357.0,214.0]",2,0.993
test_pen1_tur_cam1_20250926_072456_0005,pen1_tur_cam1_20250926_072456.jpg,1280,720,"[928.0,162.5,163.0,248.0]",3,0.8447
test_pen1_tur_cam1_20250926_072758_0006,pen1_tur_cam1_20250926_072758.jpg,1280,720,"[390.0,538.5,370.0,139.0]",4,0.8896
test_pen1_tur_cam1_20250926_073459_0003,pen1_tur_cam1_20250926_073459.jpg,1280,720,"[240.5,137.5,173.0,403.0]",2,0.994
test_pen1_tur_cam1_20250926_073459_0005,pen1_tur_cam1_20250926_073459.jpg,1280,720,"[305.0,36.0,259.0,314.0]",2,0.994
test_pen1_tur_cam1_20250926_073459_0006,pen1_tur_cam1_20250926_073459.jpg,1280,720,"[380.0,556.0,390.0,119.0]",4,0.8853
test_pen1_tur_cam1_20250926_073600_0002,pen1_tur_cam1_20250926_073600.jpg,1280,720,"[278.0,222.0,360.0,197.0]",2,0.9946
test_pen1_tur_cam1_20250926_073800_0002,pen1_tur_cam1_20250926_073800.jpg,1280,720,"[421.5,240.5,227.0,337.0]",2,0.9937
test_pen1_tur_cam1_20250926_074102_0003,pen1_tur_cam1_20250926_074102.jpg,1280,720,"[299.5,0.5,168.0,334.0]",4,0.884
test_pen1_tur_cam1_20250926_074502_0004,pen1_tur_cam1_20250926_074502.jpg,1280,720,"[764.0,535.0,260.0,124.0]",4,0.8877
test_pen1_tur_cam1_20250926_074803_0005,pen1_tur_cam1_20250926_074803.jpg,1280,720,"[783.0,536.0,238.0,123.0]",4,0.885
test_pen1_tur_cam1_20250926_075003_0007,pen1_tur_cam1_20250926_075003.jpg,1280,720,"[969.2,372.5,191.0,118.0]",3,0.844
test_pen1_tur_cam1_20250926_080107_0001,pen1_tur_cam1_20250926_080107.jpg,1280,720,"[275.0,189.0,207.0,392.0]",2,0.9937
test_pen1_tur_cam1_20250926_080107_0004,pen1_tur_cam1_20250926_080107.jpg,1280,720,"[805.0,155.5,182.0,198.0]",3,0.844
test_pen1_tur_cam1_20250926_080307_0001,pen1_tur_cam1_20250926_080307.jpg,1280,720,"[285.0,168.0,317.0,295.0]",2,0.994
test_pen1_tur_cam1_20250926_081008_0007,pen1_tur_cam1_20250926_081008.jpg,1280,720,"[292.5,54.0,262.0,275.0]",2,0.994
test_pen1_tur_cam1_20250926_081611_0003,pen1_tur_cam1_20250926_081611.jpg,1280,720,"[585.0,128.5,304.0,213.0]",3,0.844
test_pen1_tur_cam1_20250926_081611_0004,pen1_tur_cam1_20250926_081611.jpg,1280,720,"[886.5,168.0,224.0,241.0]",3,0.8457
test_pen2_orb_cam2_20250922_104252_0002,pen2_orb_cam2_20250922_104252.jpg,1280,720,"[577.5,213.0,302.0,171.0]",3,0.846
test_pen2_orb_cam2_20250922_104452_0002,pen2_orb_cam2_20250922_104452.jpg,1280,720,"[210.0,349.7,249.0,261.0]",2,0.9937
test_pen2_orb_cam2_20250922_104452_0006,pen2_orb_cam2_20250922_104452.jpg,1280,720,"[573.5,212.0,307.0,196.0]",3,0.8457
test_pen2_orb_cam2_20250922_104552_0001,pen2_orb_cam2_20250922_104552.jpg,1280,720,"[235.5,376.5,243.0,281.0]",2,0.9937
test_pen2_orb_cam2_20250922_104652_0001,pen2_orb_cam2_20250922_104652.jpg,1280,720,"[354.0,221.0,211.0,252.0]",0,0.9487
test_pen2_orb_cam2_20250922_104652_0002,pen2_orb_cam2_20250922_104652.jpg,1280,720,"[542.0,7.5,208.0,215.0]",3,0.8447
test_pen2_orb_cam2_20250922_104652_0006,pen2_orb_cam2_20250922_104652.jpg,1280,720,"[599.0,163.0,285.0,218.0]",3,0.8467
test_pen2_orb_cam2_20250922_104752_0000,pen2_orb_cam2_20250922_104752.jpg,1280,720,"[576.0,337.5,318.0,227.0]",3,0.846
test_pen2_orb_cam2_20250922_104752_0004,pen2_orb_cam2_20250922_104752.jpg,1280,720,"[401.0,101.0,178.0,214.0]",3,0.844
test_pen2_orb_cam2_20250922_104752_0005,pen2_orb_cam2_20250922_104752.jpg,1280,720,"[588.0,166.5,268.0,189.0]",3,0.846
test_pen2_orb_cam2_20250922_104852_0003,pen2_orb_cam2_20250922_104852.jpg,1280,720,"[342.5,205.5,217.0,270.0]",0,0.9487
test_pen2_orb_cam2_20250922_104852_0007,pen2_orb_cam2_20250922_104852.jpg,1280,720,"[587.0,171.0,281.0,187.0]",3,0.845
test_pen2_orb_cam2_20250922_104952_0002,pen2_orb_cam2_20250922_104952.jpg,1280,720,"[592.5,276.0,288.0,215.0]",3,0.844
test_pen2_orb_cam2_20250922_104952_0003,pen2_orb_cam2_20250922_104952.jpg,1280,720,"[370.0,100.5,270.0,167.0]",3,0.8447
test_pen2_orb_cam2_20250922_105054_0003,pen2_orb_cam2_20250922_105054.jpg,1280,720,"[353.5,211.5,196.0,261.0]",0,0.9478
test_pen2_orb_cam2_20250922_105154_0004,pen2_orb_cam2_20250922_105154.jpg,1280,720,"[394.0,73.0,125.0,183.0]",4,0.8857
test_pen2_orb_cam2_20250922_105154_0006,pen2_orb_cam2_20250922_105154.jpg,1280,720,"[594.5,165.5,281.0,200.0]",3,0.8467
test_pen2_orb_cam2_20250922_105354_0006,pen2_orb_cam2_20250922_105354.jpg,1280,720,"[603.0,156.5,285.0,241.0]",3,0.8447
test_pen2_orb_cam2_20250922_105455_0005,pen2_orb_cam2_20250922_105455.jpg,1280,720,"[390.0,67.0,143.0,198.0]",4,0.8887
test_pen2_orb_cam2_20250922_105455_0006,pen2_orb_cam2_20250922_105455.jpg,1280,720,"[584.5,182.0,276.0,183.0]",3,0.8447
test_pen2_orb_cam2_20250922_105724_0001,pen2_orb_cam2_20250922_105724.jpg,1280,720,"[612.5,207.5,282.0,280.0]",3,0.8447
test_pen2_orb_cam2_20250922_105724_0006,pen2_orb_cam2_20250922_105724.jpg,1280,720,"[394.5,72.0,141.0,167.0]",4,0.885
test_pen2_orb_cam2_20250922_105925_0003,pen2_orb_cam2_20250922_105925.jpg,1280,720,"[551.0,108.5,278.0,192.0]",3,0.847
test_pen2_orb_cam2_20250922_105925_0004,pen2_orb_cam2_20250922_105925.jpg,1280,720,"[601.5,283.5,273.0,226.0]",3,0.844
test_pen2_orb_cam2_20250923_080006_0000,pen2_orb_cam2_20250923_080006.jpg,1280,720,"[546.5,452.5,361.0,266.0]",1,0.948
test_pen2_orb_cam2_20250923_080106_0001,pen2_orb_cam2_20250923_080106.jpg,1280,720,"[527.0,466.5,418.0,252.0]",1,0.9478
test_pen2_orb_cam2_20250923_080813_0001,pen2_orb_cam2_20250923_080813.jpg,1280,720,"[519.5,467.0,403.0,252.0]",1,0.9463
test_pen2_orb_cam2_20250923_080913_0001,pen2_orb_cam2_20250923_080913.jpg,1280,720,"[548.0,476.5,378.0,242.0]",1,0.947
test_pen2_orb_cam2_20250923_080954_0000,pen2_orb_cam2_20250923_080954.jpg,1280,720,"[507.0,469.5,418.0,250.0]",1,0.9478
test_pen2_orb_cam2_20250923_080954_0002,pen2_orb_cam2_20250923_080954.jpg,1280,720,"[506.5,289.0,371.0,217.0]",3,0.8447
test_pen2_orb_cam2_20250923_081055_0000,pen2_orb_cam2_20250923_081055.jpg,1280,720,"[510.5,471.5,411.0,248.0]",1,0.948
test_pen2_orb_cam2_20250923_081055_0002,pen2_orb_cam2_20250923_081055.jpg,1280,720,"[633.5,281.0,250.0,258.0]",3,0.844
test_pen2_orb_cam2_20250923_081329_0000,pen2_orb_cam2_20250923_081329.jpg,1280,720,"[509.5,476.5,415.0,242.0]",1,0.947
test_pen2_orb_cam2_20250923_081430_0001,pen2_orb_cam2_20250923_081430.jpg,1280,720,"[506.5,478.0,416.0,241.0]",1,0.9473
test_pen2_orb_cam2_20250923_081530_0000,pen2_orb_cam2_20250923_081530.jpg,1280,720,"[506.8,476.5,414.0,243.0]",1,0.9478
test_pen2_orb_cam2_20250923_081530_0002,pen2_orb_cam2_20250923_081530.jpg,1280,720,"[565.0,252.5,323.0,197.0]",3,0.846
test_pen2_orb_cam2_20250923_081630_0000,pen2_orb_cam2_20250923_081630.jpg,1280,720,"[507.0,475.5,414.0,244.0]",1,0.9473
test_pen2_orb_cam2_20250923_081630_0003,pen2_orb_cam2_20250923_081630.jpg,1280,720,"[557.0,251.5,302.0,181.0]",3,0.8447
test_pen2_orb_cam2_20250923_081730_0000,pen2_orb_cam2_20250923_081730.jpg,1280,720,"[508.5,474.5,412.0,245.0]",1,0.947
test_pen2_orb_cam2_20250923_081730_0002,pen2_orb_cam2_20250923_081730.jpg,1280,720,"[559.5,242.0,328.0,190.0]",3,0.8447
test_pen2_orb_cam2_20250923_081829_0000,pen2_orb_cam2_20250923_081829.jpg,1280,720,"[512.5,470.5,437.0,249.0]",1,0.9478
test_pen2_orb_cam2_20250923_081929_0000,pen2_orb_cam2_20250923_081929.jpg,1280,720,"[514.0,462.0,423.0,257.0]",1,0.9473
test_pen2_orb_cam2_20250923_081929_0003,pen2_orb_cam2_20250923_081929.jpg,1280,720,"[615.5,290.0,270.0,249.0]",3,0.844
test_pen2_orb_cam2_20250923_081929_0004,pen2_orb_cam2_20250923_081929.jpg,1280,720,"[744.5,113.5,131.0,156.0]",2,0.993
test_pen2_orb_cam2_20250923_082029_0000,pen2_orb_cam2_20250923_082029.jpg,1280,720,"[514.0,466.5,420.0,253.0]",1,0.9473
test_pen2_orb_cam2_20250923_082029_0003,pen2_orb_cam2_20250923_082029.jpg,1280,720,"[567.5,267.0,307.0,195.0]",3,0.8457
test_pen2_orb_cam2_20250923_082129_0000,pen2_orb_cam2_20250923_082129.jpg,1280,720,"[515.5,467.5,417.0,251.0]",1,0.9473
test_pen2_orb_cam2_20250923_082129_0002,pen2_orb_cam2_20250923_082129.jpg,1280,720,"[591.5,278.5,290.0,216.0]",3,0.844
test_pen2_orb_cam2_20250923_082932_0000,pen2_orb_cam2_20250923_082932.jpg,1280,720,"[520.7,457.0,416.0,262.0]",1,0.947
test_pen2_orb_cam2_20250923_082932_0003,pen2_orb_cam2_20250923_082932.jpg,1280,720,"[454.5,184.0,161.0,239.0]",1,0.946
test_pen2_orb_cam2_20250923_083032_0001,pen2_orb_cam2_20250923_083032.jpg,1280,720,"[516.0,476.0,412.0,243.0]",1,0.948
test_pen2_orb_cam2_20250923_083103_0000,pen2_orb_cam2_20250923_083103.jpg,1280,720,"[515.0,467.7,411.0,251.0]",1,0.9478
test_pen2_orb_cam2_20250923_083103_0002,pen2_orb_cam2_20250923_083103.jpg,1280,720,"[625.0,192.0,266.0,270.0]",3,0.844
test_pen2_orb_cam2_20250923_083103_0006,pen2_orb_cam2_20250923_083103.jpg,1280,720,"[729.0,129.5,144.0,163.0]",0,0.9487
test_pen2_orb_cam2_20250923_083203_0003,pen2_orb_cam2_20250923_083203.jpg,1280,720,"[640.5,60.5,136.0,189.0]",3,0.8457
test_pen2_orb_cam2_20250923_083203_0004,pen2_orb_cam2_20250923_083203.jpg,1280,720,"[575.0,221.0,288.0,188.0]",3,0.8457
test_pen2_orb_cam2_20250923_083303_0003,pen2_orb_cam2_20250923_083303.jpg,1280,720,"[620.0,154.5,252.0,202.0]",3,0.8447
test_pen2_orb_cam2_20250923_083403_0001,pen2_orb_cam2_20250923_083403.jpg,1280,720,"[565.5,327.5,319.0,220.0]",3,0.8447
test_pen2_orb_cam2_20250923_084003_0004,pen2_orb_cam2_20250923_084003.jpg,1280,720,"[576.5,188.5,308.0,210.0]",3,0.846
test_pen2_orb_cam2_20250923_084003_0005,pen2_orb_cam2_20250923_084003.jpg,1280,720,"[732.0,120.0,142.0,163.0]",0,0.9478
test_pen2_orb_cam2_20250923_084405_0004,pen2_orb_cam2_20250923_084405.jpg,1280,720,"[730.5,120.0,145.0,157.0]",0,0.948
test_pen2_orb_cam2_20250923_084405_0005,pen2_orb_cam2_20250923_084405.jpg,1280,720,"[600.0,186.0,275.0,176.0]",3,0.844
test_pen2_orb_cam2_20250923_085107_0002,pen2_orb_cam2_20250923_085107.jpg,1280,720,"[221.5,514.0,347.0,205.0]",0,0.9478
test_pen2_orb_cam2_20250923_085147_0000,pen2_orb_cam2_20250923_085147.jpg,1280,720,"[221.5,497.5,336.0,221.0]",0,0.9478
test_pen2_orb_cam2_20250923_085245_0000,pen2_orb_cam2_20250923_085245.jpg,1280,720,"[602.0,214.0,282.0,267.0]",3,0.8447
test_pen2_orb_cam2_20250923_085245_0002,pen2_orb_cam2_20250923_085245.jpg,1280,720,"[223.5,510.0,344.0,209.0]",0,0.9478
test_pen2_orb_cam2_20250923_085403_0001,pen2_orb_cam2_20250923_085403.jpg,1280,720,"[222.5,500.0,339.0,219.0]",0,0.9487
test_pen2_orb_cam2_20250923_085501_0002,pen2_orb_cam2_20250923_085501.jpg,1280,720,"[568.5,329.5,325.0,197.0]",3,0.844
test_pen2_orb_cam2_20250923_085602_0001,pen2_orb_cam2_20250923_085602.jpg,1280,720,"[838.5,473.5,225.0,245.0]",4,0.8887
test_pen2_orb_cam2_20250923_085602_0003,pen2_orb_cam2_20250923_085602.jpg,1280,720,"[412.0,267.5,157.0,319.0]",4,0.8887
test_pen2_orb_cam2_20250923_090215_0003,pen2_orb_cam2_20250923_090215.jpg,1280,720,"[404.5,273.5,156.0,314.0]",4,0.8945
test_pen2_orb_cam2_20250923_090215_0004,pen2_orb_cam2_20250923_090215.jpg,1280,720,"[859.5,476.0,207.0,242.0]",4,0.8896
test_pen2_orb_cam2_20250923_090215_0005,pen2_orb_cam2_20250923_090215.jpg,1280,720,"[571.5,225.5,323.0,195.0]",3,0.8457
test_pen2_orb_cam2_20250923_090315_0001,pen2_orb_cam2_20250923_090315.jpg,1280,720,"[631.5,281.5,250.0,255.0]",3,0.844
test_pen2_orb_cam2_20250923_090315_0002,pen2_orb_cam2_20250923_090315.jpg,1280,720,"[860.5,476.0,210.0,242.0]",4,0.889
test_pen2_orb_cam2_20250923_090315_0004,pen2_orb_cam2_20250923_090315.jpg,1280,720,"[411.5,273.0,152.0,316.0]",4,0.8916
test_pen2_orb_cam2_20250923_090657_0000,pen2_orb_cam2_20250923_090657.jpg,1280,720,"[207.0,495.0,336.0,224.0]",0,0.949
test_pen2_orb_cam2_20250923_090657_0006,pen2_orb_cam2_20250923_090657.jpg,1280,720,"[736.5,133.0,142.0,137.0]",0,0.9487
test_pen2_orb_cam2_20250923_090757_0002,pen2_orb_cam2_20250923_090757.jpg,1280,720,"[213.5,489.5,331.0,229.0]",0,0.949
test_pen2_orb_cam2_20250923_090814_0001,pen2_orb_cam2_20250923_090814.jpg,1280,720,"[213.3,490.0,331.0,229.0]",0,0.9497
test_pen2_orb_cam2_20250923_091506_0001,pen2_orb_cam2_20250923_091506.jpg,1280,720,"[380.0,289.5,243.0,314.0]",1,0.946
test_pen2_orb_cam2_20250923_091506_0006,pen2_orb_cam2_20250923_091506.jpg,1280,720,"[708.5,132.5,169.0,141.0]",0,0.9478
test_pen2_orb_cam2_20250923_091650_0000,pen2_orb_cam2_20250923_091650.jpg,1280,720,"[380.0,287.0,245.0,316.0]",1,0.946
test_pen2_orb_cam2_20250923_091650_0001,pen2_orb_cam2_20250923_091650.jpg,1280,720,"[198.0,464.0,334.0,255.0]",0,0.9478
test_pen2_orb_cam2_20250923_092406_0000,pen2_orb_cam2_20250923_092406.jpg,1280,720,"[408.5,291.5,224.0,312.0]",1,0.9463
test_pen2_orb_cam2_20250923_092406_0002,pen2_orb_cam2_20250923_092406.jpg,1280,720,"[626.5,292.0,263.0,263.0]",3,0.844
test_pen2_orb_cam2_20250923_092625_0001,pen2_orb_cam2_20250923_092625.jpg,1280,720,"[665.5,295.0,221.0,282.0]",3,0.845
test_pen2_orb_cam2_20250923_092625_0002,pen2_orb_cam2_20250923_092625.jpg,1280,720,"[396.5,289.2,175.0,312.0]",1,0.9463
test_pen2_orb_cam2_20250923_092757_0000,pen2_orb_cam2_20250923_092757.jpg,1280,720,"[658.5,288.0,226.0,283.0]",3,0.845
test_pen2_orb_cam2_20250923_092757_0001,pen2_orb_cam2_20250923_092757.jpg,1280,720,"[376.0,290.5,206.0,316.0]",1,0.947
test_pen2_orb_cam2_20250923_092757_0005,pen2_orb_cam2_20250923_092757.jpg,1280,720,"[249.5,256.5,243.0,280.0]",1,0.946
test_pen2_orb_cam2_20250923_092757_0006,pen2_orb_cam2_20250923_092757.jpg,1280,720,"[435.5,72.5,163.0,142.0]",2,0.994
test_pen2_orb_cam2_20250923_092958_0002,pen2_orb_cam2_20250923_092958.jpg,1280,720,"[364.5,291.5,256.0,309.0]",1,0.946
test_pen2_orb_cam2_20250923_093011_0003,pen2_orb_cam2_20250923_093011.jpg,1280,720,"[347.2,286.8,247.0,306.0]",1,0.947
test_pen2_orb_cam2_20250923_093011_0006,pen2_orb_cam2_20250923_093011.jpg,1280,720,"[251.5,256.5,244.0,263.0]",1,0.9463
test_pen2_orb_cam2_20250923_093139_0000,pen2_orb_cam2_20250923_093139.jpg,1280,720,"[366.0,290.5,265.0,316.0]",1,0.9463
test_pen2_orb_cam2_20250923_093440_0002,pen2_orb_cam2_20250923_093440.jpg,1280,720,"[385.5,207.5,226.0,184.0]",2,0.994
test_pen2_orb_cam2_20250923_093640_0004,pen2_orb_cam2_20250923_093640.jpg,1280,720,"[616.0,33.0,248.0,139.0]",3,0.844
test_pen2_orb_cam2_20250923_094041_0001,pen2_orb_cam2_20250923_094041.jpg,1280,720,"[232.0,277.5,222.0,415.0]",4,0.8916
test_pen2_orb_cam2_20250923_094041_0004,pen2_orb_cam2_20250923_094041.jpg,1280,720,"[386.5,73.5,130.0,188.0]",4,0.8833
test_pen2_orb_cam2_20250923_094242_0002,pen2_orb_cam2_20250923_094242.jpg,1280,720,"[474.5,111.5,151.0,279.0]",3,0.844
test_pen2_orb_cam2_20250923_094817_0006,pen2_orb_cam2_20250923_094817.jpg,1280,720,"[658.5,40.5,194.0,111.0]",2,0.9937
test_pen2_orb_cam2_20250923_095234_0001,pen2_orb_cam2_20250923_095234.jpg,1280,720,"[557.0,331.0,333.0,211.0]",3,0.844
test_pen2_orb_cam2_20250923_095234_0003,pen2_orb_cam2_20250923_095234.jpg,1280,720,"[394.0,76.0,149.0,172.0]",4,0.887
test_pen2_orb_cam2_20250923_095234_0004,pen2_orb_cam2_20250923_095234.jpg,1280,720,"[588.5,84.5,241.0,108.0]",0,0.948
test_pen2_orb_cam2_20250923_095418_0001,pen2_orb_cam2_20250923_095418.jpg,1280,720,"[543.0,332.5,348.0,192.0]",3,0.8467
test_pen2_orb_cam2_20250923_095418_0002,pen2_orb_cam2_20250923_095418.jpg,1280,720,"[387.0,76.0,155.0,172.0]",4,0.8857
test_pen2_orb_cam2_20250923_095418_0005,pen2_orb_cam2_20250923_095418.jpg,1280,720,"[589.0,85.5,239.0,106.0]",0,0.9487
test_pen2_orb_cam2_20250923_095518_0004,pen2_orb_cam2_20250923_095518.jpg,1280,720,"[583.5,85.5,245.0,97.0]",0,0.9497
test_pen2_orb_cam2_20250923_095518_0006,pen2_orb_cam2_20250923_095518.jpg,1280,720,"[575.0,260.5,293.0,211.0]",3,0.844
test_pen2_orb_cam2_20250923_095604_0001,pen2_orb_cam2_20250923_095604.jpg,1280,720,"[559.5,252.5,328.0,179.0]",3,0.8457
test_pen2_orb_cam2_20250923_095604_0005,pen2_orb_cam2_20250923_095604.jpg,1280,720,"[581.5,83.0,250.0,108.0]",0,0.9487
test_pen2_orb_cam2_20250923_095708_0004,pen2_orb_cam2_20250923_095708.jpg,1280,720,"[557.5,247.5,330.0,186.0]",3,0.846
test_pen2_orb_cam2_20250923_095708_0006,pen2_orb_cam2_20250923_095708.jpg,1280,720,"[583.0,85.0,247.0,106.0]",0,0.9487
test_pen2_orb_cam2_20250923_095751_0003,pen2_orb_cam2_20250923_095751.jpg,1280,720,"[588.5,85.0,234.0,112.0]",0,0.948
test_pen2_orb_cam2_20250923_095751_0004,pen2_orb_cam2_20250923_095751.jpg,1280,720,"[605.5,277.5,276.0,251.0]",3,0.8447
test_pen2_orb_cam2_20250923_095838_0004,pen2_orb_cam2_20250923_095838.jpg,1280,720,"[588.8,85.5,238.0,112.0]",0,0.948
test_pen2_orb_cam2_20250923_095838_0005,pen2_orb_cam2_20250923_095838.jpg,1280,720,"[560.0,285.5,327.0,185.0]",3,0.846
test_pen2_orb_cam2_20250923_100035_0002,pen2_orb_cam2_20250923_100035.jpg,1280,720,"[553.0,276.5,343.0,224.0]",3,0.8447
test_pen2_orb_cam2_20250923_100035_0004,pen2_orb_cam2_20250923_100035.jpg,1280,720,"[401.5,82.0,120.0,178.0]",4,0.8843
test_pen2_orb_cam2_20250923_100035_0005,pen2_orb_cam2_20250923_100035.jpg,1280,720,"[587.5,84.0,241.0,111.0]",0,0.9487
test_pen2_orb_cam2_20250923_100139_0002,pen2_orb_cam2_20250923_100139.jpg,1280,720,"[393.0,81.5,129.0,163.0]",4,0.8887
test_pen2_orb_cam2_20250923_100240_0005,pen2_orb_cam2_20250923_100240.jpg,1280,720,"[390.0,81.0,133.0,161.0]",4,0.8853
test_pen2_orb_cam2_20250923_100340_0006,pen2_orb_cam2_20250923_100340.jpg,1280,720,"[422.0,66.0,171.0,146.0]",2,0.994
test_pen2_orb_cam2_20250923_100340_0007,pen2_orb_cam2_20250923_100340.jpg,1280,720,"[778.5,113.8,117.9,183.2]",2,0.993
test_pen2_orb_cam2_20250923_100701_0000,pen2_orb_cam2_20250923_100701.jpg,1280,720,"[373.0,298.0,187.0,339.0]",1,0.946
test_pen2_orb_cam2_20250923_101035_0004,pen2_orb_cam2_20250923_101035.jpg,1280,720,"[574.5,82.0,259.0,104.0]",4,0.8906
test_pen2_orb_cam2_20250923_101245_0003,pen2_orb_cam2_20250923_101245.jpg,1280,720,"[578.0,82.5,246.0,106.0]",4,0.89
test_pen2_orb_cam2_20250923_101245_0006,pen2_orb_cam2_20250923_101245.jpg,1280,720,"[462.0,323.5,153.0,301.0]",2,0.9937
test_pen2_orb_cam2_20250923_101749_0000,pen2_orb_cam2_20250923_101749.jpg,1280,720,"[355.5,391.0,200.0,327.0]",4,0.8833
test_pen2_orb_cam2_20250923_101749_0005,pen2_orb_cam2_20250923_101749.jpg,1280,720,"[873.0,480.0,189.0,238.0]",4,0.885
test_pen2_orb_cam2_20250923_102014_0004,pen2_orb_cam2_20250923_102014.jpg,1280,720,"[860.0,479.0,199.0,239.0]",4,0.889
test_pen2_orb_cam2_20250923_102100_0001,pen2_orb_cam2_20250923_102100.jpg,1280,720,"[568.0,79.5,265.0,114.0]",4,0.8896
test_pen2_orb_cam2_20250923_102100_0002,pen2_orb_cam2_20250923_102100.jpg,1280,720,"[861.5,486.0,209.0,232.0]",4,0.8916
test_pen2_orb_cam2_20250923_102236_0002,pen2_orb_cam2_20250923_102236.jpg,1280,720,"[852.5,469.5,215.0,248.0]",4,0.8896
test_pen2_orb_cam2_20250923_102236_0007,pen2_orb_cam2_20250923_102236.jpg,1280,720,"[573.0,208.0,281.0,124.0]",4,0.884
test_pen2_orb_cam2_20250923_102432_0002,pen2_orb_cam2_20250923_102432.jpg,1280,720,"[863.0,470.5,199.0,247.0]",4,0.885
test_pen2_orb_cam2_20250923_102432_0003,pen2_orb_cam2_20250923_102432.jpg,1280,720,"[575.5,276.0,280.0,244.0]",3,0.844
test_pen2_orb_cam2_20250923_102559_0000,pen2_orb_cam2_20250923_102559.jpg,1280,720,"[177.5,397.0,313.0,322.0]",4,0.885
test_pen2_orb_cam2_20250923_103215_0001,pen2_orb_cam2_20250923_103215.jpg,1280,720,"[563.5,111.0,230.0,192.0]",3,0.8457
test_pen2_orb_cam2_20250923_103622_0005,pen2_orb_cam2_20250923_103622.jpg,1280,720,"[640.0,163.5,242.0,245.0]",3,0.8447
test_pen2_orb_cam2_20250923_103849_0002,pen2_orb_cam2_20250923_103849.jpg,1280,720,"[298.2,187.0,177.0,317.0]",2,0.9937
test_pen2_orb_cam2_20250923_103849_0004,pen2_orb_cam2_20250923_103849.jpg,1280,720,"[873.5,461.5,202.0,257.0]",4,0.886
test_pen2_orb_cam2_20250923_103949_0006,pen2_orb_cam2_20250923_103949.jpg,1280,720,"[597.5,171.0,267.0,180.0]",3,0.846
test_pen2_orb_cam2_20250923_104049_0003,pen2_orb_cam2_20250923_104049.jpg,1280,720,"[160.5,485.0,202.0,233.0]",4,0.885
test_pen2_orb_cam2_20250923_104049_0004,pen2_orb_cam2_20250923_104049.jpg,1280,720,"[890.0,460.0,187.0,258.0]",4,0.886
test_pen2_orb_cam2_20250923_104149_0004,pen2_orb_cam2_20250923_104149.jpg,1280,720,"[856.0,468.5,217.0,250.0]",4,0.8896
test_pen2_orb_cam2_20250923_104149_0006,pen2_orb_cam2_20250923_104149.jpg,1280,720,"[593.0,200.5,264.0,170.0]",3,0.8447
test_pen2_orb_cam2_20250923_104249_0003,pen2_orb_cam2_20250923_104249.jpg,1280,720,"[868.7,486.0,198.0,232.0]",4,0.886
test_pen2_orb_cam2_20250923_104249_0004,pen2_orb_cam2_20250923_104249.jpg,1280,720,"[158.5,478.5,205.0,239.0]",4,0.8857
test_pen2_orb_cam2_20250923_104337_0004,pen2_orb_cam2_20250923_104337.jpg,1280,720,"[162.0,480.0,202.0,238.0]",4,0.8853
test_pen2_orb_cam2_20250923_104337_0006,pen2_orb_cam2_20250923_104337.jpg,1280,720,"[750.8,50.5,140.0,242.0]",2,0.9937
test_pen2_orb_cam2_20250923_104443_0000,pen2_orb_cam2_20250923_104443.jpg,1280,720,"[375.5,344.5,228.0,373.0]",2,0.9937
test_pen2_orb_cam2_20250923_104443_0004,pen2_orb_cam2_20250923_104443.jpg,1280,720,"[858.5,481.0,211.0,238.0]",4,0.89
test_pen2_orb_cam2_20250923_104543_0005,pen2_orb_cam2_20250923_104543.jpg,1280,720,"[868.0,478.5,203.0,239.0]",4,0.8887
test_pen2_orb_cam2_20250923_104643_0003,pen2_orb_cam2_20250923_104643.jpg,1280,720,"[872.0,480.2,198.0,238.0]",4,0.89
test_pen2_orb_cam2_20250923_104944_0006,pen2_orb_cam2_20250923_104944.jpg,1280,720,"[742.5,111.5,155.0,200.0]",2,0.9937
test_pen2_orb_cam2_20250923_105044_0001,pen2_orb_cam2_20250923_105044.jpg,1280,720,"[618.5,65.5,254.0,163.0]",3,0.845
test_pen2_orb_cam2_20250923_105044_0003,pen2_orb_cam2_20250923_105044.jpg,1280,720,"[863.5,487.0,214.0,230.0]",4,0.884
test_pen2_orb_cam2_20250923_105144_0002,pen2_orb_cam2_20250923_105144.jpg,1280,720,"[364.5,426.0,354.0,291.0]",2,0.994
test_pen2_orb_cam2_20250923_105144_0003,pen2_orb_cam2_20250923_105144.jpg,1280,720,"[864.3,486.0,216.0,232.0]",4,0.8887
test_pen2_orb_cam2_20250923_105244_0006,pen2_orb_cam2_20250923_105244.jpg,1280,720,"[863.5,456.5,211.0,262.0]",4,0.8877
test_pen2_orb_cam2_20250923_105348_0004,pen2_orb_cam2_20250923_105348.jpg,1280,720,"[432.5,62.0,235.0,141.0]",4,0.8867
test_pen2_orb_cam2_20250923_105348_0005,pen2_orb_cam2_20250923_105348.jpg,1280,720,"[864.5,457.0,210.0,261.0]",4,0.8896
test_pen2_orb_cam2_20250923_105445_0004,pen2_orb_cam2_20250923_105445.jpg,1280,720,"[862.0,458.0,212.0,260.0]",4,0.892
test_pen2_orb_cam2_20250923_105545_0003,pen2_orb_cam2_20250923_105545.jpg,1280,720,"[855.2,479.5,221.0,239.0]",4,0.892
test_pen2_orb_cam2_20250923_105946_0005,pen2_orb_cam2_20250923_105946.jpg,1280,720,"[598.5,147.5,287.0,237.0]",3,0.8457
test_pen2_orb_cam2_20250923_105946_0006,pen2_orb_cam2_20250923_105946.jpg,1280,720,"[860.0,474.0,222.0,244.0]",4,0.8833
test_pen2_orb_cam2_20250924_080319_0000,pen2_orb_cam2_20250924_080319.jpg,1280,720,"[522.0,525.0,467.0,193.0]",1,0.947
test_pen2_orb_cam2_20250924_080419_0000,pen2_orb_cam2_20250924_080419.jpg,1280,720,"[522.0,526.0,464.0,193.0]",1,0.947
test_pen2_orb_cam2_20250924_082255_0003,pen2_orb_cam2_20250924_082255.jpg,1280,720,"[378.5,94.5,193.0,195.0]",1,0.9463
test_pen2_orb_cam2_20250924_083320_0002,pen2_orb_cam2_20250924_083320.jpg,1280,720,"[483.0,80.0,114.0,187.0]",4,0.8916
test_pen2_orb_cam2_20250924_083421_0003,pen2_orb_cam2_20250924_083421.jpg,1280,720,"[484.0,79.0,123.0,187.0]",4,0.8877
test_pen2_orb_cam2_20250924_083421_0004,pen2_orb_cam2_20250924_083421.jpg,1280,720,"[602.0,80.0,239.0,120.0]",4,0.8857
test_pen2_orb_cam2_20250924_083621_0000,pen2_orb_cam2_20250924_083621.jpg,1280,720,"[403.0,344.0,253.0,363.0]",0,0.951
test_pen2_orb_cam2_20250924_083621_0005,pen2_orb_cam2_20250924_083621.jpg,1280,720,"[490.5,123.5,299.0,191.0]",3,0.844
test_pen2_orb_cam2_20250924_083721_0006,pen2_orb_cam2_20250924_083721.jpg,1280,720,"[601.5,62.0,247.0,129.0]",2,0.994
test_pen2_orb_cam2_20250924_083721_0007,pen2_orb_cam2_20250924_083721.jpg,1280,720,"[686.0,120.0,180.0,155.0]",2,0.9927
test_pen2_orb_cam2_20250924_083804_0006,pen2_orb_cam2_20250924_083804.jpg,1280,720,"[459.0,92.0,151.0,193.0]",4,0.8896
test_pen2_orb_cam2_20250924_083904_0003,pen2_orb_cam2_20250924_083904.jpg,1280,720,"[581.0,340.5,315.0,273.0]",3,0.844
test_pen2_orb_cam2_20250924_084004_0003,pen2_orb_cam2_20250924_084004.jpg,1280,720,"[571.5,326.0,319.0,240.0]",3,0.845
test_pen2_orb_cam2_20250924_084004_0006,pen2_orb_cam2_20250924_084004.jpg,1280,720,"[572.5,177.5,306.0,191.0]",3,0.845
test_pen2_orb_cam2_20250924_084204_0006,pen2_orb_cam2_20250924_084204.jpg,1280,720,"[471.0,69.5,126.0,184.0]",4,0.884
test_pen2_orb_cam2_20250924_085521_0004,pen2_orb_cam2_20250924_085521.jpg,1280,720,"[373.5,93.0,169.0,169.0]",1,0.9463
test_pen2_orb_cam2_20250924_090103_0003,pen2_orb_cam2_20250924_090103.jpg,1280,720,"[568.5,79.0,262.0,110.0]",1,0.9463
test_pen2_orb_cam2_20250924_091030_0000,pen2_orb_cam2_20250924_091030.jpg,1280,720,"[312.5,313.5,255.0,342.0]",1,0.946
test_pen2_orb_cam2_20250924_091030_0002,pen2_orb_cam2_20250924_091030.jpg,1280,720,"[564.0,166.0,155.0,286.0]",2,0.994
test_pen2_orb_cam2_20250924_091030_0006,pen2_orb_cam2_20250924_091030.jpg,1280,720,"[569.5,79.0,260.0,108.0]",1,0.947
test_pen2_orb_cam2_20250924_091131_0000,pen2_orb_cam2_20250924_091131.jpg,1280,720,"[307.5,314.0,252.0,356.0]",1,0.946
test_pen2_orb_cam2_20250924_091157_0000,pen2_orb_cam2_20250924_091157.jpg,1280,720,"[308.5,316.5,242.0,333.0]",1,0.9478
test_pen2_orb_cam2_20250924_091309_0002,pen2_orb_cam2_20250924_091309.jpg,1280,720,"[631.0,281.5,252.0,261.0]",3,0.8447
test_pen2_orb_cam2_20250924_091359_0005,pen2_orb_cam2_20250924_091359.jpg,1280,720,"[465.5,131.5,172.0,208.0]",1,0.9463
test_pen2_orb_cam2_20250924_091737_0001,pen2_orb_cam2_20250924_091737.jpg,1280,720,"[594.0,194.5,270.0,302.0]",3,0.8447
test_pen2_orb_cam2_20250924_091937_0002,pen2_orb_cam2_20250924_091937.jpg,1280,720,"[468.5,135.5,159.0,203.0]",1,0.946
test_pen2_orb_cam2_20250924_091937_0004,pen2_orb_cam2_20250924_091937.jpg,1280,720,"[563.0,290.0,317.0,232.0]",3,0.844
test_pen2_orb_cam2_20250924_092437_0005,pen2_orb_cam2_20250924_092437.jpg,1280,720,"[717.0,131.5,159.0,143.0]",0,0.9478
test_pen2_orb_cam2_20250924_092538_0001,pen2_orb_cam2_20250924_092538.jpg,1280,720,"[535.0,286.5,314.0,262.0]",3,0.844
test_pen2_orb_cam2_20250924_093137_0005,pen2_orb_cam2_20250924_093137.jpg,1280,720,"[570.0,79.5,258.0,96.0]",1,0.9463
test_pen2_orb_cam2_20250924_093654_0004,pen2_orb_cam2_20250924_093654.jpg,1280,720,"[478.5,136.0,125.0,199.0]",1,0.946
test_pen2_orb_cam2_20250924_093754_0003,pen2_orb_cam2_20250924_093754.jpg,1280,720,"[562.5,78.5,254.0,95.0]",1,0.947
test_pen2_orb_cam2_20250924_094109_0003,pen2_orb_cam2_20250924_094109.jpg,1280,720,"[546.5,67.0,250.0,153.0]",2,0.9946
test_pen2_orb_cam2_20250924_094210_0005,pen2_orb_cam2_20250924_094210.jpg,1280,720,"[456.0,135.5,161.0,210.0]",1,0.9463
test_pen2_orb_cam2_20250924_094310_0002,pen2_orb_cam2_20250924_094310.jpg,1280,720,"[647.0,278.5,234.0,276.0]",3,0.845
test_pen2_orb_cam2_20250924_094622_0002,pen2_orb_cam2_20250924_094622.jpg,1280,720,"[215.5,310.0,201.0,359.0]",4,0.884
test_pen2_orb_cam2_20250924_094923_0002,pen2_orb_cam2_20250924_094923.jpg,1280,720,"[591.0,195.5,297.0,274.0]",3,0.8447
test_pen2_orb_cam2_20250924_095023_0004,pen2_orb_cam2_20250924_095023.jpg,1280,720,"[566.5,81.0,261.0,95.0]",0,0.949
test_pen2_orb_cam2_20250924_095123_0005,pen2_orb_cam2_20250924_095123.jpg,1280,720,"[567.0,81.0,262.0,94.0]",0,0.9487
test_pen2_orb_cam2_20250924_095223_0004,pen2_orb_cam2_20250924_095223.jpg,1280,720,"[358.5,292.5,254.0,325.0]",1,0.9463
test_pen2_orb_cam2_20250924_095442_0004,pen2_orb_cam2_20250924_095442.jpg,1280,720,"[575.0,72.5,275.0,110.0]",0,0.9497
test_pen2_orb_cam2_20250924_095502_0005,pen2_orb_cam2_20250924_095502.jpg,1280,720,"[561.5,84.5,267.0,92.0]",0,0.9497
test_pen2_orb_cam2_20250924_095603_0005,pen2_orb_cam2_20250924_095603.jpg,1280,720,"[560.8,84.5,269.0,92.0]",0,0.949
test_pen2_orb_cam2_20250924_095703_0003,pen2_orb_cam2_20250924_095703.jpg,1280,720,"[356.0,296.0,257.0,332.0]",1,0.946
test_pen2_orb_cam2_20250924_095816_0004,pen2_orb_cam2_20250924_095816.jpg,1280,720,"[362.5,295.7,247.0,332.0]",1,0.947
test_pen2_orb_cam2_20250924_095916_0003,pen2_orb_cam2_20250924_095916.jpg,1280,720,"[574.5,113.5,272.0,108.0]",4,0.8833
test_pen2_orb_cam2_20250924_100417_0004,pen2_orb_cam2_20250924_100417.jpg,1280,720,"[571.0,116.5,275.0,106.0]",4,0.8853
test_pen2_orb_cam2_20250924_100623_0004,pen2_orb_cam2_20250924_100623.jpg,1280,720,"[574.5,113.0,273.0,110.0]",4,0.889
test_pen2_orb_cam2_20250924_100724_0001,pen2_orb_cam2_20250924_100724.jpg,1280,720,"[786.0,509.0,260.0,209.0]",1,0.946
test_pen2_orb_cam2_20250924_100724_0002,pen2_orb_cam2_20250924_100724.jpg,1280,720,"[361.5,298.0,269.0,355.0]",1,0.946
test_pen2_orb_cam2_20250924_101319_0004,pen2_orb_cam2_20250924_101319.jpg,1280,720,"[567.5,78.0,242.0,111.0]",4,0.89
test_pen2_orb_cam2_20250924_101350_0003,pen2_orb_cam2_20250924_101350.jpg,1280,720,"[350.0,298.0,288.0,359.0]",1,0.946
test_pen2_orb_cam2_20250924_101350_0005,pen2_orb_cam2_20250924_101350.jpg,1280,720,"[580.0,70.0,116.0,149.0]",2,0.9946
test_pen2_orb_cam2_20250924_101708_0002,pen2_orb_cam2_20250924_101708.jpg,1280,720,"[361.0,297.5,277.0,349.0]",1,0.9463
test_pen2_orb_cam2_20250924_101951_0001,pen2_orb_cam2_20250924_101951.jpg,1280,720,"[362.5,297.0,259.0,348.0]",1,0.9473
test_pen2_orb_cam2_20250924_101951_0004,pen2_orb_cam2_20250924_101951.jpg,1280,720,"[602.5,79.5,248.0,106.0]",0,0.948
test_pen2_orb_cam2_20250924_102152_0000,pen2_orb_cam2_20250924_102152.jpg,1280,720,"[374.5,297.0,265.0,346.0]",1,0.946
test_pen2_orb_cam2_20250924_102252_0001,pen2_orb_cam2_20250924_102252.jpg,1280,720,"[772.5,493.5,265.0,224.0]",1,0.946
test_pen2_orb_cam2_20250924_102352_0003,pen2_orb_cam2_20250924_102352.jpg,1280,720,"[394.0,302.0,254.0,349.0]",1,0.947
test_pen2_orb_cam2_20250924_102452_0000,pen2_orb_cam2_20250924_102452.jpg,1280,720,"[205.5,309.5,238.0,408.0]",2,0.993
test_pen2_orb_cam2_20250924_102552_0000,pen2_orb_cam2_20250924_102552.jpg,1280,720,"[199.5,314.5,270.0,403.0]",2,0.9937
test_pen2_orb_cam2_20250924_102652_0000,pen2_orb_cam2_20250924_102652.jpg,1280,720,"[543.5,313.5,352.0,201.0]",3,0.8447
test_pen2_orb_cam2_20250924_102852_0001,pen2_orb_cam2_20250924_102852.jpg,1280,720,"[552.0,273.0,347.0,217.0]",3,0.8467
test_pen2_orb_cam2_20250924_103153_0000,pen2_orb_cam2_20250924_103153.jpg,1280,720,"[555.5,323.0,334.0,192.0]",3,0.8447
test_pen2_orb_cam2_20250924_103153_0004,pen2_orb_cam2_20250924_103153.jpg,1280,720,"[648.5,20.5,216.0,132.0]",2,0.9937
test_pen2_orb_cam2_20250924_103354_0000,pen2_orb_cam2_20250924_103354.jpg,1280,720,"[457.0,544.5,420.0,174.0]",1,0.947
test_pen2_orb_cam2_20250924_103455_0001,pen2_orb_cam2_20250924_103455.jpg,1280,720,"[323.5,172.5,178.0,329.0]",2,0.9937
test_pen2_orb_cam2_20250924_103455_0005,pen2_orb_cam2_20250924_103455.jpg,1280,720,"[415.0,165.5,291.0,178.0]",3,0.8447
test_pen2_orb_cam2_20250924_103555_0005,pen2_orb_cam2_20250924_103555.jpg,1280,720,"[610.0,42.0,258.0,143.0]",3,0.845
test_pen2_orb_cam2_20250924_103555_0006,pen2_orb_cam2_20250924_103555.jpg,1280,720,"[592.0,203.5,296.0,207.0]",3,0.8457
test_pen2_orb_cam2_20250924_103655_0000,pen2_orb_cam2_20250924_103655.jpg,1280,720,"[649.5,411.0,389.0,306.0]",2,0.994
test_pen2_orb_cam2_20250924_105859_0003,pen2_orb_cam2_20250924_105859.jpg,1280,720,"[570.0,79.5,275.0,121.0]",1,0.947
test_pen2_orb_cam2_20250924_105859_0006,pen2_orb_cam2_20250924_105859.jpg,1280,720,"[300.0,236.0,193.0,252.0]",0,0.9497
test_pen2_orb_cam2_20250924_105958_0003,pen2_orb_cam2_20250924_105958.jpg,1280,720,"[299.0,231.5,195.0,254.0]",0,0.948
test_pen2_orb_cam2_20250925_080102_0002,pen2_orb_cam2_20250925_080102.jpg,1280,720,"[580.5,79.5,273.0,113.0]",1,0.946
test_pen2_orb_cam2_20250925_080202_0002,pen2_orb_cam2_20250925_080202.jpg,1280,720,"[579.0,79.5,277.0,112.0]",1,0.947
test_pen2_orb_cam2_20250925_080803_0000,pen2_orb_cam2_20250925_080803.jpg,1280,720,"[334.5,273.5,282.0,358.0]",3,0.844
test_pen2_orb_cam2_20250925_081158_0002,pen2_orb_cam2_20250925_081158.jpg,1280,720,"[599.0,83.0,227.0,138.0]",4,0.8887
test_pen2_orb_cam2_20250925_081258_0001,pen2_orb_cam2_20250925_081258.jpg,1280,720,"[338.0,264.5,266.0,310.0]",4,0.8877
test_pen2_orb_cam2_20250925_081258_0002,pen2_orb_cam2_20250925_081258.jpg,1280,720,"[603.5,83.0,223.0,140.0]",4,0.889
test_pen2_orb_cam2_20250925_081602_0000,pen2_orb_cam2_20250925_081602.jpg,1280,720,"[659.5,392.5,396.0,310.0]",4,0.884
test_pen2_orb_cam2_20250925_081602_0003,pen2_orb_cam2_20250925_081602.jpg,1280,720,"[306.0,217.2,196.0,258.0]",0,0.9478
test_pen2_orb_cam2_20250925_081602_0005,pen2_orb_cam2_20250925_081602.jpg,1280,720,"[555.5,85.5,265.0,125.0]",1,0.9473
test_pen2_orb_cam2_20250925_081655_0001,pen2_orb_cam2_20250925_081655.jpg,1280,720,"[557.0,85.5,263.0,127.0]",1,0.9473
test_pen2_orb_cam2_20250925_081655_0003,pen2_orb_cam2_20250925_081655.jpg,1280,720,"[364.5,259.0,222.0,323.0]",0,0.9497
test_pen2_orb_cam2_20250925_081842_0001,pen2_orb_cam2_20250925_081842.jpg,1280,720,"[386.5,254.5,204.0,314.0]",0,0.9507
test_pen2_orb_cam2_20250925_081842_0002,pen2_orb_cam2_20250925_081842.jpg,1280,720,"[557.5,85.5,259.0,118.0]",1,0.9478
test_pen2_orb_cam2_20250925_081842_0006,pen2_orb_cam2_20250925_081842.jpg,1280,720,"[731.0,134.5,144.0,133.0]",0,0.948
test_pen2_orb_cam2_20250925_082026_0000,pen2_orb_cam2_20250925_082026.jpg,1280,720,"[652.5,388.0,387.0,280.0]",4,0.8833
test_pen2_orb_cam2_20250925_082026_0003,pen2_orb_cam2_20250925_082026.jpg,1280,720,"[568.0,85.5,244.0,113.0]",1,0.9478
test_pen2_orb_cam2_20250925_082126_0002,pen2_orb_cam2_20250925_082126.jpg,1280,720,"[563.5,85.5,248.0,119.0]",1,0.947
test_pen2_orb_cam2_20250925_082228_0003,pen2_orb_cam2_20250925_082228.jpg,1280,720,"[563.0,85.5,248.0,119.0]",1,0.9463
test_pen2_orb_cam2_20250925_082328_0003,pen2_orb_cam2_20250925_082328.jpg,1280,720,"[564.5,85.5,248.0,119.0]",1,0.9463
test_pen2_orb_cam2_20250925_082429_0001,pen2_orb_cam2_20250925_082429.jpg,1280,720,"[556.5,85.5,262.0,137.0]",1,0.947
test_pen2_orb_cam2_20250925_082429_0004,pen2_orb_cam2_20250925_082429.jpg,1280,720,"[290.5,219.5,234.0,241.0]",0,0.9517
test_pen2_orb_cam2_20250925_082529_0002,pen2_orb_cam2_20250925_082529.jpg,1280,720,"[566.5,85.5,253.0,137.0]",1,0.947
test_pen2_orb_cam2_20250925_082729_0003,pen2_orb_cam2_20250925_082729.jpg,1280,720,"[601.0,85.5,223.0,142.0]",4,0.886
test_pen2_orb_cam2_20250925_082729_0004,pen2_orb_cam2_20250925_082729.jpg,1280,720,"[322.0,222.0,189.0,256.0]",0,0.951
test_pen2_orb_cam2_20250925_082829_0003,pen2_orb_cam2_20250925_082829.jpg,1280,720,"[323.5,209.5,200.0,271.0]",0,0.953
test_pen2_orb_cam2_20250925_082829_0004,pen2_orb_cam2_20250925_082829.jpg,1280,720,"[624.0,48.5,249.0,165.0]",3,0.844
test_pen2_orb_cam2_20250925_082926_0000,pen2_orb_cam2_20250925_082926.jpg,1280,720,"[249.5,392.5,380.0,326.0]",1,0.948
test_pen2_orb_cam2_20250925_082926_0002,pen2_orb_cam2_20250925_082926.jpg,1280,720,"[326.5,209.5,191.0,269.0]",0,0.9526
test_pen2_orb_cam2_20250925_083027_0003,pen2_orb_cam2_20250925_083027.jpg,1280,720,"[579.5,268.5,290.0,224.0]",3,0.844
test_pen2_orb_cam2_20250925_083320_0003,pen2_orb_cam2_20250925_083320.jpg,1280,720,"[474.0,139.5,234.0,190.0]",3,0.8447
test_pen2_orb_cam2_20250925_083420_0004,pen2_orb_cam2_20250925_083420.jpg,1280,720,"[602.5,22.0,193.0,158.0]",2,0.994
test_pen2_orb_cam2_20250925_083520_0002,pen2_orb_cam2_20250925_083520.jpg,1280,720,"[419.0,88.0,109.0,192.0]",4,0.8906
test_pen2_orb_cam2_20250925_083721_0002,pen2_orb_cam2_20250925_083721.jpg,1280,720,"[412.0,82.5,122.0,184.0]",4,0.8867
test_pen2_orb_cam2_20250925_083821_0001,pen2_orb_cam2_20250925_083821.jpg,1280,720,"[540.5,301.0,361.0,211.0]",3,0.844
test_pen2_orb_cam2_20250925_083921_0003,pen2_orb_cam2_20250925_083921.jpg,1280,720,"[498.5,152.0,259.0,293.0]",3,0.844
test_pen2_orb_cam2_20250925_084122_0005,pen2_orb_cam2_20250925_084122.jpg,1280,720,"[493.0,132.5,297.0,215.0]",3,0.8447
test_pen2_orb_cam2_20250925_084259_0001,pen2_orb_cam2_20250925_084259.jpg,1280,720,"[555.5,256.0,343.0,228.0]",3,0.8457
test_pen2_orb_cam2_20250925_084259_0006,pen2_orb_cam2_20250925_084259.jpg,1280,720,"[674.2,90.5,205.0,175.0]",2,0.994
test_pen2_orb_cam2_20250925_084359_0002,pen2_orb_cam2_20250925_084359.jpg,1280,720,"[553.5,235.5,337.0,184.0]",3,0.8447
test_pen2_orb_cam2_20250925_084459_0002,pen2_orb_cam2_20250925_084459.jpg,1280,720,"[629.5,50.5,250.0,153.0]",3,0.846
test_pen2_orb_cam2_20250925_084829_0001,pen2_orb_cam2_20250925_084829.jpg,1280,720,"[606.0,106.5,225.0,199.0]",3,0.845
test_pen2_orb_cam2_20250925_085131_0004,pen2_orb_cam2_20250925_085131.jpg,1280,720,"[759.0,144.5,116.0,164.0]",0,0.9478
test_pen2_orb_cam2_20250925_085341_0004,pen2_orb_cam2_20250925_085341.jpg,1280,720,"[667.0,147.0,154.0,150.0]",4,0.8857
test_pen2_orb_cam2_20250925_085441_0005,pen2_orb_cam2_20250925_085441.jpg,1280,720,"[756.0,141.5,119.0,146.0]",0,0.948
test_pen2_orb_cam2_20250925_090735_0000,pen2_orb_cam2_20250925_090735.jpg,1280,720,"[577.0,447.5,323.0,271.0]",1,0.9463
test_pen2_orb_cam2_20250925_090852_0000,pen2_orb_cam2_20250925_090852.jpg,1280,720,"[577.0,447.5,323.0,271.0]",1,0.9473
test_pen2_orb_cam2_20250925_090852_0005,pen2_orb_cam2_20250925_090852.jpg,1280,720,"[645.0,147.5,176.0,158.0]",0,0.949
test_pen2_orb_cam2_20250925_091046_0000,pen2_orb_cam2_20250925_091046.jpg,1280,720,"[574.0,449.0,313.0,269.0]",1,0.9473
test_pen2_orb_cam2_20250925_091046_0004,pen2_orb_cam2_20250925_091046.jpg,1280,720,"[629.5,145.5,192.0,157.0]",0,0.948
test_pen2_orb_cam2_20250925_091046_0005,pen2_orb_cam2_20250925_091046.jpg,1280,720,"[503.5,82.5,258.0,111.0]",0,0.9487
test_pen2_orb_cam2_20250925_091255_0000,pen2_orb_cam2_20250925_091255.jpg,1280,720,"[530.5,447.5,367.0,271.0]",1,0.948
test_pen2_orb_cam2_20250925_091255_0001,pen2_orb_cam2_20250925_091255.jpg,1280,720,"[383.0,88.0,163.0,197.0]",1,0.9463
test_pen2_orb_cam2_20250925_091610_0000,pen2_orb_cam2_20250925_091610.jpg,1280,720,"[525.7,447.7,370.0,271.0]",1,0.948
test_pen2_orb_cam2_20250925_091821_0002,pen2_orb_cam2_20250925_091821.jpg,1280,720,"[377.0,90.5,167.0,195.0]",1,0.946
test_pen2_orb_cam2_20250925_091821_0003,pen2_orb_cam2_20250925_091821.jpg,1280,720,"[571.5,233.0,299.0,181.0]",3,0.846
test_pen2_orb_cam2_20250925_091821_0005,pen2_orb_cam2_20250925_091821.jpg,1280,720,"[727.0,146.0,149.0,132.0]",0,0.9487
test_pen2_orb_cam2_20250925_091921_0002,pen2_orb_cam2_20250925_091921.jpg,1280,720,"[376.5,90.5,167.0,195.0]",1,0.946
test_pen2_orb_cam2_20250925_091921_0003,pen2_orb_cam2_20250925_091921.jpg,1280,720,"[539.5,258.5,311.0,189.0]",3,0.8447
test_pen2_orb_cam2_20250925_091921_0005,pen2_orb_cam2_20250925_091921.jpg,1280,720,"[720.5,147.5,155.0,137.0]",0,0.9487
test_pen2_orb_cam2_20250925_092340_0003,pen2_orb_cam2_20250925_092340.jpg,1280,720,"[546.5,261.5,321.0,194.0]",3,0.845
test_pen2_orb_cam2_20250925_092440_0003,pen2_orb_cam2_20250925_092440.jpg,1280,720,"[506.5,80.5,226.0,123.0]",0,0.9487
test_pen2_orb_cam2_20250925_092440_0005,pen2_orb_cam2_20250925_092440.jpg,1280,720,"[624.5,168.5,256.0,192.0]",3,0.844
test_pen2_orb_cam2_20250925_092540_0004,pen2_orb_cam2_20250925_092540.jpg,1280,720,"[377.0,92.0,166.0,196.0]",1,0.9463
test_pen2_orb_cam2_20250925_092540_0005,pen2_orb_cam2_20250925_092540.jpg,1280,720,"[508.5,81.0,231.0,122.0]",0,0.948
test_pen2_orb_cam2_20250925_092641_0003,pen2_orb_cam2_20250925_092641.jpg,1280,720,"[376.8,91.5,165.0,197.0]",1,0.9463
test_pen2_orb_cam2_20250925_092641_0004,pen2_orb_cam2_20250925_092641.jpg,1280,720,"[298.0,443.0,226.0,275.0]",4,0.8833
test_pen2_orb_cam2_20250925_092641_0005,pen2_orb_cam2_20250925_092641.jpg,1280,720,"[510.0,80.0,231.0,125.0]",0,0.949
test_pen2_orb_cam2_20250925_092740_0003,pen2_orb_cam2_20250925_092740.jpg,1280,720,"[375.5,91.5,165.0,197.0]",1,0.9463
test_pen2_orb_cam2_20250925_092740_0005,pen2_orb_cam2_20250925_092740.jpg,1280,720,"[509.0,80.0,231.0,126.0]",0,0.949
test_pen2_orb_cam2_20250925_092840_0002,pen2_orb_cam2_20250925_092840.jpg,1280,720,"[375.0,91.5,162.0,197.0]",1,0.946
test_pen2_orb_cam2_20250925_092840_0004,pen2_orb_cam2_20250925_092840.jpg,1280,720,"[600.5,183.0,293.0,233.0]",3,0.8457
test_pen2_orb_cam2_20250925_092840_0005,pen2_orb_cam2_20250925_092840.jpg,1280,720,"[509.5,81.0,230.0,125.0]",0,0.9487
test_pen2_orb_cam2_20250925_092940_0002,pen2_orb_cam2_20250925_092940.jpg,1280,720,"[384.5,89.5,162.0,198.0]",1,0.9463
test_pen2_orb_cam2_20250925_092940_0003,pen2_orb_cam2_20250925_092940.jpg,1280,720,"[504.0,81.0,237.0,122.0]",0,0.949
test_pen2_orb_cam2_20250925_093041_0001,pen2_orb_cam2_20250925_093041.jpg,1280,720,"[565.0,212.5,298.0,290.0]",3,0.8447
test_pen2_orb_cam2_20250925_093041_0002,pen2_orb_cam2_20250925_093041.jpg,1280,720,"[390.5,92.7,164.0,199.0]",1,0.947
test_pen2_orb_cam2_20250925_093041_0004,pen2_orb_cam2_20250925_093041.jpg,1280,720,"[509.5,83.0,224.0,116.0]",0,0.949
test_pen2_orb_cam2_20250925_093141_0002,pen2_orb_cam2_20250925_093141.jpg,1280,720,"[381.0,94.0,172.0,199.0]",1,0.947
test_pen2_orb_cam2_20250925_093141_0004,pen2_orb_cam2_20250925_093141.jpg,1280,720,"[514.0,80.5,223.0,125.0]",0,0.948
test_pen2_orb_cam2_20250925_093342_0001,pen2_orb_cam2_20250925_093342.jpg,1280,720,"[246.5,463.5,219.0,254.0]",4,0.887
test_pen2_orb_cam2_20250925_093342_0003,pen2_orb_cam2_20250925_093342.jpg,1280,720,"[514.5,80.0,221.0,128.0]",0,0.948
test_pen2_orb_cam2_20250925_093542_0004,pen2_orb_cam2_20250925_093542.jpg,1280,720,"[515.0,81.5,220.0,125.0]",0,0.9487
test_pen2_orb_cam2_20250925_093622_0005,pen2_orb_cam2_20250925_093622.jpg,1280,720,"[516.3,79.5,220.0,127.0]",0,0.949
test_pen2_orb_cam2_20250925_093723_0003,pen2_orb_cam2_20250925_093723.jpg,1280,720,"[515.5,80.5,220.0,125.0]",0,0.949
test_pen2_orb_cam2_20250925_093723_0005,pen2_orb_cam2_20250925_093723.jpg,1280,720,"[233.5,476.5,230.0,241.0]",4,0.8857
test_pen2_orb_cam2_20250925_093831_0002,pen2_orb_cam2_20250925_093831.jpg,1280,720,"[515.0,80.5,221.0,126.0]",0,0.9487
test_pen2_orb_cam2_20250925_093933_0004,pen2_orb_cam2_20250925_093933.jpg,1280,720,"[515.5,80.0,219.0,126.0]",0,0.9487
test_pen2_orb_cam2_20250925_093933_0005,pen2_orb_cam2_20250925_093933.jpg,1280,720,"[592.0,92.0,259.0,166.0]",0,0.9487
test_pen2_orb_cam2_20250925_094034_0002,pen2_orb_cam2_20250925_094034.jpg,1280,720,"[591.5,93.5,260.0,132.0]",0,0.948
test_pen2_orb_cam2_20250925_094034_0006,pen2_orb_cam2_20250925_094034.jpg,1280,720,"[515.0,81.5,219.0,125.0]",0,0.9487
test_pen2_orb_cam2_20250925_094123_0004,pen2_orb_cam2_20250925_094123.jpg,1280,720,"[516.5,82.0,219.0,125.0]",0,0.948
test_pen2_orb_cam2_20250925_094223_0005,pen2_orb_cam2_20250925_094223.jpg,1280,720,"[512.5,80.5,222.0,127.0]",0,0.948
test_pen2_orb_cam2_20250925_094323_0003,pen2_orb_cam2_20250925_094323.jpg,1280,720,"[517.0,80.0,230.0,127.0]",0,0.9487
test_pen2_orb_cam2_20250925_094524_0004,pen2_orb_cam2_20250925_094524.jpg,1280,720,"[536.5,34.5,195.0,224.0]",2,0.994
test_pen2_orb_cam2_20250925_094725_0002,pen2_orb_cam2_20250925_094725.jpg,1280,720,"[616.0,41.0,242.0,159.0]",3,0.844
test_pen2_orb_cam2_20250925_094826_0005,pen2_orb_cam2_20250925_094826.jpg,1280,720,"[483.5,50.5,214.0,144.0]",2,0.9937
test_pen2_orb_cam2_20250925_094926_0001,pen2_orb_cam2_20250925_094926.jpg,1280,720,"[273.5,321.0,171.0,299.0]",2,0.993
test_pen2_orb_cam2_20250925_095034_0001,pen2_orb_cam2_20250925_095034.jpg,1280,720,"[356.0,297.5,179.0,254.0]",2,0.994
test_pen2_orb_cam2_20250925_095134_0000,pen2_orb_cam2_20250925_095134.jpg,1280,720,"[289.0,295.5,208.0,260.0]",2,0.994
test_pen2_orb_cam2_20250925_095339_0005,pen2_orb_cam2_20250925_095339.jpg,1280,720,"[773.5,128.5,108.0,179.0]",4,0.8867
test_pen2_orb_cam2_20250925_100429_0004,pen2_orb_cam2_20250925_100429.jpg,1280,720,"[475.0,192.5,331.0,154.0]",3,0.8447
test_pen2_orb_cam2_20250925_100429_0006,pen2_orb_cam2_20250925_100429.jpg,1280,720,"[240.0,392.2,192.0,326.0]",1,0.9463
test_pen2_orb_cam2_20250925_100722_0002,pen2_orb_cam2_20250925_100722.jpg,1280,720,"[209.0,360.0,234.0,340.0]",2,0.9937
test_pen2_orb_cam2_20250925_100823_0006,pen2_orb_cam2_20250925_100823.jpg,1280,720,"[568.5,67.5,186.0,130.0]",2,0.9946
test_pen2_orb_cam2_20250925_101130_0002,pen2_orb_cam2_20250925_101130.jpg,1280,720,"[352.5,162.5,269.0,180.0]",1,0.9473
test_pen2_orb_cam2_20250925_101227_0003,pen2_orb_cam2_20250925_101227.jpg,1280,720,"[351.5,163.5,278.0,196.0]",1,0.9473
test_pen2_orb_cam2_20250925_101328_0005,pen2_orb_cam2_20250925_101328.jpg,1280,720,"[352.5,163.0,235.0,203.0]",1,0.947
test_pen2_orb_cam2_20250925_101430_0005,pen2_orb_cam2_20250925_101430.jpg,1280,720,"[353.5,164.0,267.0,189.0]",1,0.947
test_pen2_orb_cam2_20250925_101537_0002,pen2_orb_cam2_20250925_101537.jpg,1280,720,"[351.0,164.0,265.0,181.0]",1,0.9473
test_pen2_orb_cam2_20250925_101537_0007,pen2_orb_cam2_20250925_101537.jpg,1280,720,"[378.5,78.5,181.0,154.0]",1,0.946
test_pen2_orb_cam2_20250925_101618_0004,pen2_orb_cam2_20250925_101618.jpg,1280,720,"[351.0,164.0,265.0,182.0]",1,0.9473
test_pen2_orb_cam2_20250925_101718_0004,pen2_orb_cam2_20250925_101718.jpg,1280,720,"[350.5,164.0,266.0,183.0]",1,0.9473
test_pen2_orb_cam2_20250925_101819_0006,pen2_orb_cam2_20250925_101819.jpg,1280,720,"[375.5,79.0,184.0,155.0]",1,0.9463
test_pen2_orb_cam2_20250925_102035_0005,pen2_orb_cam2_20250925_102035.jpg,1280,720,"[353.5,164.5,252.0,166.0]",1,0.9478
test_pen2_orb_cam2_20250925_102103_0003,pen2_orb_cam2_20250925_102103.jpg,1280,720,"[352.5,164.0,269.0,170.0]",1,0.9473
test_pen2_orb_cam2_20250925_102203_0006,pen2_orb_cam2_20250925_102203.jpg,1280,720,"[376.5,78.5,189.0,154.0]",1,0.9463
test_pen2_orb_cam2_20250925_102505_0002,pen2_orb_cam2_20250925_102505.jpg,1280,720,"[548.8,24.0,241.0,144.0]",2,0.9937
test_pen2_orb_cam2_20250925_102604_0004,pen2_orb_cam2_20250925_102604.jpg,1280,720,"[616.0,162.5,272.0,223.0]",3,0.8447
test_pen2_orb_cam2_20250925_103019_0005,pen2_orb_cam2_20250925_103019.jpg,1280,720,"[380.5,79.5,178.0,169.0]",1,0.947
test_pen2_orb_cam2_20250925_103256_0006,pen2_orb_cam2_20250925_103256.jpg,1280,720,"[387.5,79.0,175.0,144.0]",1,0.9463
test_pen2_orb_cam2_20250925_103400_0004,pen2_orb_cam2_20250925_103400.jpg,1280,720,"[362.0,149.0,271.0,175.0]",1,0.947
test_pen2_orb_cam2_20250925_103400_0006,pen2_orb_cam2_20250925_103400.jpg,1280,720,"[378.0,80.0,184.0,150.0]",1,0.9463
test_pen2_orb_cam2_20250925_103502_0002,pen2_orb_cam2_20250925_103502.jpg,1280,720,"[666.5,279.0,222.0,275.0]",3,0.8447
test_pen2_orb_cam2_20250925_103502_0003,pen2_orb_cam2_20250925_103502.jpg,1280,720,"[355.5,149.5,279.0,175.0]",1,0.9478
test_pen2_orb_cam2_20250925_103611_0004,pen2_orb_cam2_20250925_103611.jpg,1280,720,"[356.5,149.5,281.0,173.0]",1,0.9478
test_pen2_orb_cam2_20250925_103732_0000,pen2_orb_cam2_20250925_103732.jpg,1280,720,"[514.5,354.5,382.0,316.0]",2,0.994
test_pen2_orb_cam2_20250925_103732_0002,pen2_orb_cam2_20250925_103732.jpg,1280,720,"[361.0,149.0,248.0,168.0]",1,0.9473
test_pen2_orb_cam2_20250925_103858_0000,pen2_orb_cam2_20250925_103858.jpg,1280,720,"[461.0,287.0,242.0,368.0]",2,0.994
test_pen2_orb_cam2_20250925_103858_0004,pen2_orb_cam2_20250925_103858.jpg,1280,720,"[350.0,154.5,293.0,168.0]",1,0.947
test_pen2_orb_cam2_20250925_103958_0001,pen2_orb_cam2_20250925_103958.jpg,1280,720,"[642.5,282.5,248.0,273.0]",3,0.8447
test_pen2_orb_cam2_20250925_104041_0005,pen2_orb_cam2_20250925_104041.jpg,1280,720,"[343.0,162.0,295.0,195.0]",1,0.9478
test_pen2_orb_cam2_20250925_104041_0006,pen2_orb_cam2_20250925_104041.jpg,1280,720,"[380.5,80.0,182.0,157.0]",1,0.946
test_pen2_orb_cam2_20250925_104141_0003,pen2_orb_cam2_20250925_104141.jpg,1280,720,"[343.0,162.5,263.0,176.0]",1,0.9478
test_pen2_orb_cam2_20250925_104141_0005,pen2_orb_cam2_20250925_104141.jpg,1280,720,"[378.5,79.5,184.0,158.0]",1,0.9463
test_pen2_orb_cam2_20250925_104141_0006,pen2_orb_cam2_20250925_104141.jpg,1280,720,"[599.5,147.0,279.0,222.0]",3,0.844
test_pen2_orb_cam2_20250925_104542_0002,pen2_orb_cam2_20250925_104542.jpg,1280,720,"[259.5,318.5,225.0,343.0]",0,0.951
test_pen2_orb_cam2_20250925_104542_0003,pen2_orb_cam2_20250925_104542.jpg,1280,720,"[586.0,81.0,261.0,119.0]",0,0.9487
test_pen2_orb_cam2_20250925_104542_0004,pen2_orb_cam2_20250925_104542.jpg,1280,720,"[353.5,162.0,283.0,174.0]",1,0.947
test_pen2_orb_cam2_20250925_104542_0006,pen2_orb_cam2_20250925_104542.jpg,1280,720,"[378.5,81.0,192.0,165.0]",1,0.947
test_pen2_orb_cam2_20250925_104700_0002,pen2_orb_cam2_20250925_104700.jpg,1280,720,"[258.5,314.5,224.0,355.0]",0,0.9517
test_pen2_orb_cam2_20250925_104700_0003,pen2_orb_cam2_20250925_104700.jpg,1280,720,"[586.5,81.5,259.0,120.0]",0,0.948
test_pen2_orb_cam2_20250925_104700_0005,pen2_orb_cam2_20250925_104700.jpg,1280,720,"[379.0,80.5,187.0,162.0]",1,0.947
test_pen2_orb_cam2_20250925_104700_0006,pen2_orb_cam2_20250925_104700.jpg,1280,720,"[351.5,163.5,258.0,181.0]",1,0.948
test_pen2_orb_cam2_20250925_104919_0002,pen2_orb_cam2_20250925_104919.jpg,1280,720,"[346.5,165.5,293.0,163.0]",1,0.9487
test_pen2_orb_cam2_20250925_104919_0003,pen2_orb_cam2_20250925_104919.jpg,1280,720,"[588.5,82.5,257.0,118.0]",0,0.9487
test_pen2_orb_cam2_20250925_104919_0005,pen2_orb_cam2_20250925_104919.jpg,1280,720,"[257.0,318.5,225.0,352.0]",0,0.95
test_pen2_orb_cam2_20250925_104919_0006,pen2_orb_cam2_20250925_104919.jpg,1280,720,"[379.5,81.0,186.0,157.0]",1,0.947
test_pen2_orb_cam2_20250925_105318_0002,pen2_orb_cam2_20250925_105318.jpg,1280,720,"[244.0,315.0,243.0,350.0]",0,0.9497
test_pen2_orb_cam2_20250925_105318_0004,pen2_orb_cam2_20250925_105318.jpg,1280,720,"[345.0,165.5,295.0,170.0]",1,0.948
test_pen2_orb_cam2_20250925_105318_0005,pen2_orb_cam2_20250925_105318.jpg,1280,720,"[590.5,83.5,251.0,120.0]",0,0.948
test_pen2_orb_cam2_20250925_105318_0006,pen2_orb_cam2_20250925_105318.jpg,1280,720,"[381.5,80.5,185.0,159.0]",1,0.947
test_pen2_orb_cam2_20250925_105339_0001,pen2_orb_cam2_20250925_105339.jpg,1280,720,"[252.0,311.5,232.0,374.0]",0,0.9497
test_pen2_orb_cam2_20250925_105339_0004,pen2_orb_cam2_20250925_105339.jpg,1280,720,"[591.0,84.5,248.0,119.0]",0,0.948
test_pen2_orb_cam2_20250925_105339_0005,pen2_orb_cam2_20250925_105339.jpg,1280,720,"[348.0,165.0,291.0,172.0]",1,0.9487
test_pen2_orb_cam2_20250925_105339_0006,pen2_orb_cam2_20250925_105339.jpg,1280,720,"[381.0,80.5,186.0,158.0]",1,0.947
test_pen2_orb_cam2_20250925_105610_0001,pen2_orb_cam2_20250925_105610.jpg,1280,720,"[250.5,309.5,231.0,372.0]",0,0.9497
test_pen2_orb_cam2_20250925_105610_0004,pen2_orb_cam2_20250925_105610.jpg,1280,720,"[344.5,166.0,293.0,171.0]",1,0.9487
test_pen2_orb_cam2_20250925_105610_0005,pen2_orb_cam2_20250925_105610.jpg,1280,720,"[592.5,85.0,251.0,118.0]",0,0.948
test_pen2_orb_cam2_20250925_105610_0006,pen2_orb_cam2_20250925_105610.jpg,1280,720,"[380.5,80.0,185.0,162.0]",1,0.9473
test_pen2_orb_cam2_20250925_105751_0001,pen2_orb_cam2_20250925_105751.jpg,1280,720,"[249.0,307.0,239.0,374.0]",0,0.9507
test_pen2_orb_cam2_20250925_105751_0005,pen2_orb_cam2_20250925_105751.jpg,1280,720,"[380.0,80.5,185.0,162.0]",1,0.9473
test_pen2_orb_cam2_20250925_105751_0006,pen2_orb_cam2_20250925_105751.jpg,1280,720,"[343.5,165.5,294.0,172.0]",1,0.948
test_pen2_orb_cam2_20250925_105908_0001,pen2_orb_cam2_20250925_105908.jpg,1280,720,"[244.0,311.0,238.0,361.0]",0,0.951
test_pen2_orb_cam2_20250925_105908_0004,pen2_orb_cam2_20250925_105908.jpg,1280,720,"[353.5,164.5,288.0,167.0]",1,0.9478
test_pen2_orb_cam2_20250925_105908_0005,pen2_orb_cam2_20250925_105908.jpg,1280,720,"[592.0,83.5,251.0,119.0]",0,0.948
test_pen2_orb_cam2_20250925_105908_0006,pen2_orb_cam2_20250925_105908.jpg,1280,720,"[380.0,80.0,185.0,149.0]",1,0.947
test_pen2_tur_cam2_20250921_050040_0000,pen2_tur_cam2_20250921_050040.jpg,1280,720,"[216.0,131.5,419.0,246.0]",1,0.9478
test_pen2_tur_cam2_20250921_050040_0005,pen2_tur_cam2_20250921_050040.jpg,1280,720,"[603.5,32.5,273.0,216.0]",0,0.9507
test_pen2_tur_cam2_20250921_050040_0007,pen2_tur_cam2_20250921_050040.jpg,1280,720,"[656.0,147.5,249.0,198.0]",0,0.95
test_pen2_tur_cam2_20250921_050040_0009,pen2_tur_cam2_20250921_050040.jpg,1280,720,"[1021.0,247.0,90.0,225.0]",4,0.8843
test_pen2_tur_cam2_20250921_051614_0006,pen2_tur_cam2_20250921_051614.jpg,1280,720,"[275.0,172.0,238.0,386.0]",2,0.9937
test_pen2_tur_cam2_20250921_053347_0005,pen2_tur_cam2_20250921_053347.jpg,1280,720,"[681.0,37.5,251.0,144.0]",4,0.896
test_pen2_tur_cam2_20250921_054920_0001,pen2_tur_cam2_20250921_054920.jpg,1280,720,"[330.0,380.5,302.0,324.0]",0,0.948
test_pen2_tur_cam2_20250921_054920_0003,pen2_tur_cam2_20250921_054920.jpg,1280,720,"[620.5,31.0,302.0,192.0]",0,0.9497
test_pen2_tur_cam2_20250921_054920_0005,pen2_tur_cam2_20250921_054920.jpg,1280,720,"[603.0,432.0,271.0,199.0]",2,0.994
test_pen2_tur_cam2_20250921_055120_0005,pen2_tur_cam2_20250921_055120.jpg,1280,720,"[662.0,32.5,265.0,162.0]",0,0.949
test_pen2_tur_cam2_20250921_055120_0008,pen2_tur_cam2_20250921_055120.jpg,1280,720,"[910.0,79.5,158.0,163.0]",1,0.946
test_pen2_tur_cam2_20250921_055431_0006,pen2_tur_cam2_20250921_055431.jpg,1280,720,"[905.5,80.5,160.0,162.0]",1,0.946
test_pen2_tur_cam2_20250921_055431_0007,pen2_tur_cam2_20250921_055431.jpg,1280,720,"[238.0,8.5,410.0,193.0]",4,0.8857
test_pen2_tur_cam2_20250921_055631_0008,pen2_tur_cam2_20250921_055631.jpg,1280,720,"[903.0,82.5,161.0,161.0]",1,0.9473
test_pen2_tur_cam2_20250921_070355_0004,pen2_tur_cam2_20250921_070355.jpg,1280,720,"[793.5,133.5,187.0,135.0]",2,0.994
test_pen2_tur_cam2_20250921_070355_0008,pen2_tur_cam2_20250921_070355.jpg,1280,720,"[1001.5,110.5,115.0,80.0]",2,0.994
test_pen2_tur_cam2_20250921_071728_0008,pen2_tur_cam2_20250921_071728.jpg,1280,720,"[1035.0,250.5,69.0,228.0]",4,0.888
test_pen2_tur_cam2_20250921_071928_0006,pen2_tur_cam2_20250921_071928.jpg,1280,720,"[936.0,442.0,141.0,88.0]",2,0.993
test_pen2_tur_cam2_20250921_072040_0008,pen2_tur_cam2_20250921_072040.jpg,1280,720,"[1037.5,243.5,70.0,218.0]",4,0.889
test_pen2_tur_cam2_20250921_072239_0003,pen2_tur_cam2_20250921_072239.jpg,1280,720,"[513.0,15.0,358.0,242.0]",2,0.994
test_pen2_tur_cam2_20250921_072439_0002,pen2_tur_cam2_20250921_072439.jpg,1280,720,"[225.0,397.0,190.0,322.0]",2,0.993
test_pen2_tur_cam2_20250921_073102_0004,pen2_tur_cam2_20250921_073102.jpg,1280,720,"[478.5,0.5,221.0,355.0]",2,0.994
test_pen2_tur_cam2_20250921_083128_0003,pen2_tur_cam2_20250921_083128.jpg,1280,720,"[429.0,338.0,375.0,220.0]",2,0.994
test_pen2_tur_cam2_20250921_083128_0008,pen2_tur_cam2_20250921_083128.jpg,1280,720,"[1017.5,261.5,82.0,218.0]",4,0.8867
test_pen2_tur_cam2_20250921_083528_0008,pen2_tur_cam2_20250921_083528.jpg,1280,720,"[851.5,65.5,186.0,100.0]",4,0.8867
test_pen2_tur_cam2_20250921_083829_0000,pen2_tur_cam2_20250921_083829.jpg,1280,720,"[405.5,1.0,395.0,147.0]",4,0.8945
test_pen2_tur_cam2_20250921_083829_0006,pen2_tur_cam2_20250921_083829.jpg,1280,720,"[803.5,63.0,220.0,120.0]",4,0.8936
test_pen2_tur_cam2_20250921_084029_0004,pen2_tur_cam2_20250921_084029.jpg,1280,720,"[214.0,63.0,158.0,448.0]",4,0.885
test_pen2_tur_cam2_20250921_084531_0003,pen2_tur_cam2_20250921_084531.jpg,1280,720,"[340.5,4.0,403.0,138.0]",4,0.8843
test_pen2_tur_cam2_20250921_084632_0001,pen2_tur_cam2_20250921_084632.jpg,1280,720,"[367.0,4.0,381.0,174.0]",4,0.8906
test_pen2_tur_cam2_20250921_092843_0003,pen2_tur_cam2_20250921_092843.jpg,1280,720,"[244.5,0.0,424.0,183.0]",2,0.994
test_pen2_tur_cam2_20250922_114516_0000,pen2_tur_cam2_20250922_114516.jpg,1280,720,"[207.5,33.0,380.0,392.0]",0,0.9497
test_pen2_tur_cam2_20250922_114516_0001,pen2_tur_cam2_20250922_114516.jpg,1280,720,"[449.0,356.0,347.0,239.0]",1,0.9473
test_pen2_tur_cam2_20250922_114516_0004,pen2_tur_cam2_20250922_114516.jpg,1280,720,"[591.0,24.5,299.0,213.0]",0,0.951
test_pen2_tur_cam2_20250922_120221_0000,pen2_tur_cam2_20250922_120221.jpg,1280,720,"[201.5,34.0,379.0,371.0]",0,0.9497
test_pen2_tur_cam2_20250922_120221_0006,pen2_tur_cam2_20250922_120221.jpg,1280,720,"[346.5,375.5,211.0,331.0]",0,0.9497
test_pen2_tur_cam2_20250922_120421_0000,pen2_tur_cam2_20250922_120421.jpg,1280,720,"[201.0,32.0,384.0,371.0]",0,0.949
test_pen2_tur_cam2_20250922_120421_0002,pen2_tur_cam2_20250922_120421.jpg,1280,720,"[344.5,364.0,216.0,330.0]",0,0.9487
test_pen2_tur_cam2_20250922_120421_0003,pen2_tur_cam2_20250922_120421.jpg,1280,720,"[445.5,16.5,435.0,191.0]",2,0.9937
test_pen2_tur_cam2_20250922_120522_0000,pen2_tur_cam2_20250922_120522.jpg,1280,720,"[200.5,32.0,384.0,372.0]",0,0.9487
test_pen2_tur_cam2_20250922_120522_0002,pen2_tur_cam2_20250922_120522.jpg,1280,720,"[343.0,375.5,218.0,319.0]",0,0.9487
test_pen2_tur_cam2_20250922_121224_0000,pen2_tur_cam2_20250922_121224.jpg,1280,720,"[203.5,24.5,362.0,365.0]",0,0.949
test_pen2_tur_cam2_20250922_121224_0001,pen2_tur_cam2_20250922_121224.jpg,1280,720,"[671.0,27.0,271.0,152.0]",4,0.89
test_pen2_tur_cam2_20250922_121224_0002,pen2_tur_cam2_20250922_121224.jpg,1280,720,"[345.5,362.0,213.0,333.0]",0,0.9487
test_pen2_tur_cam2_20250922_125034_0002,pen2_tur_cam2_20250922_125034.jpg,1280,720,"[205.5,29.5,354.0,397.0]",0,0.949
test_pen2_tur_cam2_20250922_125034_0004,pen2_tur_cam2_20250922_125034.jpg,1280,720,"[347.5,377.0,210.0,332.0]",0,0.949
test_pen2_tur_cam2_20250922_125034_0007,pen2_tur_cam2_20250922_125034.jpg,1280,720,"[1028.0,261.5,71.0,210.0]",4,0.89
test_pen2_tur_cam2_20250922_125234_0000,pen2_tur_cam2_20250922_125234.jpg,1280,720,"[202.5,36.0,360.0,390.0]",0,0.9478
test_pen2_tur_cam2_20250922_125234_0004,pen2_tur_cam2_20250922_125234.jpg,1280,720,"[199.5,244.0,189.0,445.0]",2,0.9937
test_pen2_tur_cam2_20250922_125234_0009,pen2_tur_cam2_20250922_125234.jpg,1280,720,"[1069.0,297.0,83.0,144.0]",2,0.993
test_pen2_tur_cam2_20250922_125536_0005,pen2_tur_cam2_20250922_125536.jpg,1280,720,"[881.0,75.5,180.0,118.0]",4,0.888
test_pen2_tur_cam2_20250922_125736_0005,pen2_tur_cam2_20250922_125736.jpg,1280,720,"[880.0,78.5,178.0,115.0]",4,0.8857
test_pen2_tur_cam2_20250922_125736_0008,pen2_tur_cam2_20250922_125736.jpg,1280,720,"[1054.0,291.5,83.9,140.3]",2,0.994
test_pen2_tur_cam2_20250922_130237_0004,pen2_tur_cam2_20250922_130237.jpg,1280,720,"[194.0,20.5,176.0,431.0]",4,0.8857
test_pen2_tur_cam2_20250922_130437_0008,pen2_tur_cam2_20250922_130437.jpg,1280,720,"[995.5,346.0,89.0,181.0]",2,0.9937
test_pen2_tur_cam2_20250922_130539_0001,pen2_tur_cam2_20250922_130539.jpg,1280,720,"[183.5,76.5,384.0,307.0]",2,0.994
test_pen2_tur_cam2_20250922_130739_0002,pen2_tur_cam2_20250922_130739.jpg,1280,720,"[588.0,22.5,338.0,186.0]",2,0.994
test_pen2_tur_cam2_20250922_130939_0004,pen2_tur_cam2_20250922_130939.jpg,1280,720,"[551.0,19.5,351.0,129.0]",2,0.993
test_pen2_tur_cam2_20250922_131240_0002,pen2_tur_cam2_20250922_131240.jpg,1280,720,"[392.0,9.0,361.0,367.0]",1,0.947
test_pen2_tur_cam2_20250922_131240_0004,pen2_tur_cam2_20250922_131240.jpg,1280,720,"[368.5,325.0,220.0,365.0]",1,0.9463
test_pen2_tur_cam2_20250922_132744_0003,pen2_tur_cam2_20250922_132744.jpg,1280,720,"[886.0,116.0,147.0,174.0]",2,0.993
test_pen2_tur_cam2_20250922_132944_0006,pen2_tur_cam2_20250922_132944.jpg,1280,720,"[835.0,58.5,181.0,144.0]",4,0.8853
test_pen2_tur_cam2_20250922_132944_0009,pen2_tur_cam2_20250922_132944.jpg,1280,720,"[1012.0,290.5,110.0,200.0]",2,0.993
test_pen2_tur_cam2_20250922_133445_0002,pen2_tur_cam2_20250922_133445.jpg,1280,720,"[468.0,16.0,376.0,190.0]",4,0.885
test_pen2_tur_cam2_20250922_133546_0001,pen2_tur_cam2_20250922_133546.jpg,1280,720,"[438.5,468.0,341.0,174.0]",4,0.8843
test_pen2_tur_cam2_20250922_133546_0008,pen2_tur_cam2_20250922_133546.jpg,1280,720,"[944.5,413.5,123.2,119.7]",2,0.994
test_pen2_tur_cam2_20250922_135450_0001,pen2_tur_cam2_20250922_135450.jpg,1280,720,"[207.0,7.0,419.0,308.0]",0,0.948
test_pen2_tur_cam2_20250922_135450_0005,pen2_tur_cam2_20250922_135450.jpg,1280,720,"[726.0,53.0,243.0,166.0]",0,0.948
test_pen2_tur_cam2_20250922_140517_0003,pen2_tur_cam2_20250922_140517.jpg,1280,720,"[727.0,58.5,246.0,168.0]",0,0.9497
test_pen2_tur_cam2_20250922_140517_0004,pen2_tur_cam2_20250922_140517.jpg,1280,720,"[835.5,190.0,142.0,294.0]",2,0.9937
test_pen2_tur_cam2_20250922_140754_0005,pen2_tur_cam2_20250922_140754.jpg,1280,720,"[720.8,54.0,253.0,166.0]",0,0.9487
test_pen2_tur_cam2_20250922_141256_0002,pen2_tur_cam2_20250922_141256.jpg,1280,720,"[712.0,81.0,275.0,178.0]",4,0.89
test_pen2_tur_cam2_20250922_141256_0003,pen2_tur_cam2_20250922_141256.jpg,1280,720,"[191.5,190.0,210.0,449.0]",2,0.9927
test_pen2_tur_cam2_20250922_141456_0004,pen2_tur_cam2_20250922_141456.jpg,1280,720,"[287.0,10.0,422.0,237.0]",0,0.9478
test_pen2_tur_cam2_20250922_141756_0003,pen2_tur_cam2_20250922_141756.jpg,1280,720,"[293.0,10.5,412.0,254.0]",0,0.9497
test_pen2_tur_cam2_20250922_142458_0001,pen2_tur_cam2_20250922_142458.jpg,1280,720,"[306.0,531.5,403.0,164.0]",1,0.9473
test_pen2_tur_cam2_20250922_142458_0005,pen2_tur_cam2_20250922_142458.jpg,1280,720,"[956.5,182.5,146.0,224.0]",2,0.994
test_pen2_tur_cam2_20250922_143101_0000,pen2_tur_cam2_20250922_143101.jpg,1280,720,"[206.5,19.0,160.0,474.0]",4,0.887
test_pen2_tur_cam2_20250922_143802_0005,pen2_tur_cam2_20250922_143802.jpg,1280,720,"[643.5,29.0,295.0,195.0]",0,0.948
test_pen2_tur_cam2_20250922_144804_0001,pen2_tur_cam2_20250922_144804.jpg,1280,720,"[182.0,1.5,280.0,402.0]",2,0.994
test_pen2_tur_cam2_20250922_144804_0002,pen2_tur_cam2_20250922_144804.jpg,1280,720,"[373.8,526.5,360.0,167.0]",1,0.9463
test_pen2_tur_cam2_20250922_145507_0002,pen2_tur_cam2_20250922_145507.jpg,1280,720,"[356.0,524.0,391.0,163.0]",1,0.947
test_pen2_tur_cam2_20250922_150109_0001,pen2_tur_cam2_20250922_150109.jpg,1280,720,"[361.5,487.5,380.0,203.0]",1,0.947
test_pen2_tur_cam2_20250922_172346_0007,pen2_tur_cam2_20250922_172346.jpg,1280,720,"[723.5,30.0,238.0,214.0]",1,0.947
test_pen2_tur_cam2_20250923_060025_0001,pen2_tur_cam2_20250923_060025.jpg,1280,720,"[426.0,37.0,371.0,270.0]",0,0.95
test_pen2_tur_cam2_20250923_061227_0000,pen2_tur_cam2_20250923_061227.jpg,1280,720,"[437.5,30.5,359.0,282.0]",0,0.95
test_pen2_tur_cam2_20250923_071442_0005,pen2_tur_cam2_20250923_071442.jpg,1280,720,"[713.5,51.5,223.2,175.0]",2,0.994
test_pen2_tur_cam2_20250923_072045_0000,pen2_tur_cam2_20250923_072045.jpg,1280,720,"[189.0,170.0,178.0,431.0]",4,0.8853
test_pen2_tur_cam2_20250923_072445_0007,pen2_tur_cam2_20250923_072445.jpg,1280,720,"[191.5,195.5,173.0,347.0]",2,0.994
test_pen2_tur_cam2_20250923_073448_0001,pen2_tur_cam2_20250923_073448.jpg,1280,720,"[641.5,27.5,270.0,137.0]",4,0.8926
test_pen2_tur_cam2_20250923_073549_0002,pen2_tur_cam2_20250923_073549.jpg,1280,720,"[604.0,28.0,306.0,137.0]",4,0.8853
test_pen2_tur_cam2_20250923_073549_0003,pen2_tur_cam2_20250923_073549.jpg,1280,720,"[403.5,442.5,375.0,258.0]",2,0.993
test_pen2_tur_cam2_20250923_073749_0001,pen2_tur_cam2_20250923_073749.jpg,1280,720,"[279.5,4.0,388.0,161.0]",4,0.888
test_pen2_tur_cam2_20250923_075052_0004,pen2_tur_cam2_20250923_075052.jpg,1280,720,"[189.5,40.5,216.0,433.0]",2,0.9937
test_pen2_tur_cam2_20250923_075052_0006,pen2_tur_cam2_20250923_075052.jpg,1280,720,"[298.5,5.5,397.0,143.0]",4,0.8833
test_pen2_tur_cam2_20250923_093521_0000,pen2_tur_cam2_20250923_093521.jpg,1280,720,"[210.5,50.5,326.0,356.0]",4,0.8867
test_pen2_tur_cam2_20250923_093621_0000,pen2_tur_cam2_20250923_093621.jpg,1280,720,"[209.0,13.0,329.0,405.0]",4,0.892
test_pen2_tur_cam2_20250923_093821_0000,pen2_tur_cam2_20250923_093821.jpg,1280,720,"[204.0,53.0,341.0,353.0]",4,0.8887
test_pen2_tur_cam2_20250923_094021_0001,pen2_tur_cam2_20250923_094021.jpg,1280,720,"[211.0,12.0,318.0,423.0]",4,0.8853
test_pen2_tur_cam2_20250923_094122_0003,pen2_tur_cam2_20250923_094122.jpg,1280,720,"[619.5,30.5,343.0,147.0]",4,0.889
test_pen2_tur_cam2_20250923_100529_0004,pen2_tur_cam2_20250923_100529.jpg,1280,720,"[441.5,28.5,371.0,236.0]",0,0.949
test_pen2_tur_cam2_20250923_100833_0003,pen2_tur_cam2_20250923_100833.jpg,1280,720,"[450.5,31.0,378.0,234.0]",0,0.9487
test_pen2_tur_cam2_20250923_101531_0006,pen2_tur_cam2_20250923_101531.jpg,1280,720,"[337.0,114.0,404.0,208.0]",0,0.9478
test_pen2_tur_cam2_20250923_101833_0002,pen2_tur_cam2_20250923_101833.jpg,1280,720,"[501.0,107.5,352.0,149.0]",4,0.8877
test_pen2_tur_cam2_20250923_101833_0004,pen2_tur_cam2_20250923_101833.jpg,1280,720,"[459.0,528.0,319.0,155.0]",4,0.888
test_pen2_tur_cam2_20250923_102134_0008,pen2_tur_cam2_20250923_102134.jpg,1280,720,"[1020.0,250.5,74.0,219.0]",4,0.886
test_pen2_tur_cam2_20250923_103536_0002,pen2_tur_cam2_20250923_103536.jpg,1280,720,"[448.5,375.5,338.0,250.0]",0,0.95
test_pen2_tur_cam2_20250923_103536_0004,pen2_tur_cam2_20250923_103536.jpg,1280,720,"[383.5,8.0,431.0,181.0]",4,0.8896
test_pen2_tur_cam2_20250923_103536_0008,pen2_tur_cam2_20250923_103536.jpg,1280,720,"[788.5,58.0,226.0,117.0]",4,0.8843
test_pen2_tur_cam2_20250923_104140_0001,pen2_tur_cam2_20250923_104140.jpg,1280,720,"[302.5,42.5,309.0,386.0]",0,0.9487
test_pen2_tur_cam2_20250923_104841_0009,pen2_tur_cam2_20250923_104841.jpg,1280,720,"[925.5,424.5,141.0,104.0]",4,0.887
test_pen2_tur_cam2_20250923_105041_0004,pen2_tur_cam2_20250923_105041.jpg,1280,720,"[435.0,513.5,342.0,162.0]",4,0.891
test_pen2_tur_cam2_20250923_105041_0009,pen2_tur_cam2_20250923_105041.jpg,1280,720,"[900.5,283.5,123.0,235.0]",2,0.9937
test_pen2_tur_cam2_20250923_105542_0002,pen2_tur_cam2_20250923_105542.jpg,1280,720,"[438.0,510.5,354.0,165.0]",4,0.889
test_pen2_tur_cam2_20250923_112551_0000,pen2_tur_cam2_20250923_112551.jpg,1280,720,"[273.0,27.0,346.0,339.0]",0,0.9478
test_pen2_tur_cam2_20250923_113553_0002,pen2_tur_cam2_20250923_113553.jpg,1280,720,"[292.5,26.5,334.0,377.0]",0,0.948
test_pen2_tur_cam2_20250923_114657_0002,pen2_tur_cam2_20250923_114657.jpg,1280,720,"[303.0,25.0,329.0,381.0]",0,0.949
test_pen2_tur_cam2_20250923_120201_0000,pen2_tur_cam2_20250923_120201.jpg,1280,720,"[305.0,5.0,175.0,451.0]",4,0.89
test_pen2_tur_cam2_20250923_120401_0004,pen2_tur_cam2_20250923_120401.jpg,1280,720,"[702.0,26.0,213.0,146.0]",2,0.994
test_pen2_tur_cam2_20250923_120401_0007,pen2_tur_cam2_20250923_120401.jpg,1280,720,"[189.5,35.0,162.0,474.0]",4,0.8887
test_pen2_tur_cam2_20250923_123910_0007,pen2_tur_cam2_20250923_123910.jpg,1280,720,"[608.5,17.5,281.0,164.0]",1,0.9463
test_pen2_tur_cam2_20250923_124110_0008,pen2_tur_cam2_20250923_124110.jpg,1280,720,"[567.5,13.5,322.0,177.0]",1,0.9478
test_pen2_tur_cam2_20250923_124212_0004,pen2_tur_cam2_20250923_124212.jpg,1280,720,"[569.0,12.5,317.0,185.0]",1,0.9478
test_pen2_tur_cam2_20250923_124212_0008,pen2_tur_cam2_20250923_124212.jpg,1280,720,"[1037.5,164.0,92.0,168.0]",2,0.994
test_pen2_tur_cam2_20250923_124412_0003,pen2_tur_cam2_20250923_124412.jpg,1280,720,"[570.0,12.5,317.0,175.0]",1,0.9478
test_pen2_tur_cam2_20250923_124713_0003,pen2_tur_cam2_20250923_124713.jpg,1280,720,"[571.0,12.5,317.0,189.0]",1,0.9473
test_pen2_tur_cam2_20250923_125113_0002,pen2_tur_cam2_20250923_125113.jpg,1280,720,"[566.0,13.2,318.0,206.0]",1,0.9463
test_pen2_tur_cam2_20250923_125615_0004,pen2_tur_cam2_20250923_125615.jpg,1280,720,"[601.0,13.0,284.0,187.0]",1,0.9463
test_pen2_tur_cam2_20250923_130116_0000,pen2_tur_cam2_20250923_130116.jpg,1280,720,"[379.5,220.5,315.0,333.0]",2,0.994
test_pen2_tur_cam2_20250923_130116_0004,pen2_tur_cam2_20250923_130116.jpg,1280,720,"[229.5,28.5,328.0,300.0]",2,0.9937
test_pen2_tur_cam2_20250923_130217_0009,pen2_tur_cam2_20250923_130217.jpg,1280,720,"[953.0,384.0,140.0,141.0]",4,0.884
test_pen2_tur_cam2_20250923_130719_0004,pen2_tur_cam2_20250923_130719.jpg,1280,720,"[892.2,296.7,150.0,225.0]",3,0.844
test_pen2_tur_cam2_20250923_132622_0003,pen2_tur_cam2_20250923_132622.jpg,1280,720,"[822.5,155.0,201.0,107.0]",4,0.8887
test_pen2_tur_cam2_20250923_135630_0005,pen2_tur_cam2_20250923_135630.jpg,1280,720,"[729.5,145.5,253.0,172.0]",0,0.948
test_pen2_tur_cam2_20250923_141436_0002,pen2_tur_cam2_20250923_141436.jpg,1280,720,"[213.0,352.0,178.0,366.0]",2,0.993
test_pen2_tur_cam2_20250923_141636_0003,pen2_tur_cam2_20250923_141636.jpg,1280,720,"[211.0,364.5,189.0,354.0]",2,0.993
test_pen2_tur_cam2_20250923_142239_0009,pen2_tur_cam2_20250923_142239.jpg,1280,720,"[917.0,428.0,118.0,101.0]",2,0.9937
test_pen2_tur_cam2_20250924_061403_0000,pen2_tur_cam2_20250924_061403.jpg,1280,720,"[522.0,155.5,290.0,352.0]",0,0.9487
test_pen2_tur_cam2_20250924_061906_0007,pen2_tur_cam2_20250924_061906.jpg,1280,720,"[315.0,8.0,444.0,184.0]",4,0.8857
test_pen2_tur_cam2_20250924_063910_0000,pen2_tur_cam2_20250924_063910.jpg,1280,720,"[193.0,118.5,233.0,415.0]",0,0.9487
test_pen2_tur_cam2_20250924_063910_0002,pen2_tur_cam2_20250924_063910.jpg,1280,720,"[221.5,6.0,412.0,223.0]",1,0.9463
test_pen2_tur_cam2_20250924_063910_0004,pen2_tur_cam2_20250924_063910.jpg,1280,720,"[424.5,314.0,364.0,197.0]",2,0.9937
test_pen2_tur_cam2_20250924_064913_0002,pen2_tur_cam2_20250924_064913.jpg,1280,720,"[233.0,11.0,397.0,232.0]",1,0.9463
test_pen2_tur_cam2_20250924_074028_0006,pen2_tur_cam2_20250924_074028.jpg,1280,720,"[1024.5,280.5,81.0,194.0]",4,0.8843
test_pen2_tur_cam2_20250924_074428_0002,pen2_tur_cam2_20250924_074428.jpg,1280,720,"[247.0,8.5,420.0,179.0]",4,0.886
test_pen2_tur_cam2_20250924_074730_0000,pen2_tur_cam2_20250924_074730.jpg,1280,720,"[412.0,30.0,348.0,321.0]",0,0.9507
test_pen2_tur_cam2_20250924_074930_0000,pen2_tur_cam2_20250924_074930.jpg,1280,720,"[343.0,9.5,336.0,345.0]",2,0.994
test_pen2_tur_cam2_20250924_083743_0004,pen2_tur_cam2_20250924_083743.jpg,1280,720,"[615.0,158.0,296.0,181.0]",0,0.948
test_pen2_tur_cam2_20250924_083743_0007,pen2_tur_cam2_20250924_083743.jpg,1280,720,"[1021.5,285.5,73.0,193.0]",4,0.8843
test_pen2_tur_cam2_20250924_083943_0003,pen2_tur_cam2_20250924_083943.jpg,1280,720,"[859.0,321.5,196.0,220.0]",3,0.8447
test_pen2_tur_cam2_20250924_084244_0002,pen2_tur_cam2_20250924_084244.jpg,1280,720,"[816.0,93.0,213.0,192.0]",4,0.8843
test_pen2_tur_cam2_20250924_084444_0005,pen2_tur_cam2_20250924_084444.jpg,1280,720,"[805.0,94.0,224.0,189.0]",4,0.886
test_pen2_tur_cam2_20250924_102814_0003,pen2_tur_cam2_20250924_102814.jpg,1280,720,"[367.0,471.5,316.0,247.0]",0,0.9487
test_pen2_tur_cam2_20250924_103616_0003,pen2_tur_cam2_20250924_103616.jpg,1280,720,"[215.5,12.5,184.0,482.0]",2,0.993
test_pen2_tur_cam2_20250924_105019_0004,pen2_tur_cam2_20250924_105019.jpg,1280,720,"[239.0,404.0,385.0,204.0]",1,0.9463
test_pen2_tur_cam2_20250924_105019_0007,pen2_tur_cam2_20250924_105019.jpg,1280,720,"[968.0,97.0,136.0,119.0]",4,0.8926
test_pen2_tur_cam2_20250924_105320_0005,pen2_tur_cam2_20250924_105320.jpg,1280,720,"[773.5,56.0,222.0,165.0]",0,0.948
test_pen2_tur_cam2_20250924_110533_0004,pen2_tur_cam2_20250924_110533.jpg,1280,720,"[646.5,5.0,186.0,358.0]",2,0.994
test_pen2_tur_cam2_20250924_110533_0007,pen2_tur_cam2_20250924_110533.jpg,1280,720,"[1021.0,272.0,74.0,201.0]",4,0.8867
test_pen2_tur_cam2_20250924_111527_0002,pen2_tur_cam2_20250924_111527.jpg,1280,720,"[431.5,213.7,359.0,275.0]",0,0.9497
test_pen2_tur_cam2_20250924_111829_0004,pen2_tur_cam2_20250924_111829.jpg,1280,720,"[499.0,251.5,308.0,277.0]",0,0.95
test_pen2_tur_cam2_20250924_112529_0002,pen2_tur_cam2_20250924_112529.jpg,1280,720,"[238.0,325.5,233.0,381.0]",1,0.9463
test_pen2_tur_cam2_20250924_122044_0000,pen2_tur_cam2_20250924_122044.jpg,1280,720,"[291.5,206.0,243.0,320.0]",2,0.9937
test_pen2_tur_cam2_20250924_122146_0006,pen2_tur_cam2_20250924_122146.jpg,1280,720,"[190.5,272.0,194.0,363.0]",2,0.994
test_pen2_tur_cam2_20250924_122647_0003,pen2_tur_cam2_20250924_122647.jpg,1280,720,"[524.5,383.0,269.0,293.0]",2,0.993
test_pen2_tur_cam2_20250924_124049_0000,pen2_tur_cam2_20250924_124049.jpg,1280,720,"[312.5,21.0,318.0,437.0]",0,0.9497
test_pen2_tur_cam2_20250924_124049_0006,pen2_tur_cam2_20250924_124049.jpg,1280,720,"[774.0,52.0,220.0,142.0]",4,0.888
test_pen2_tur_cam2_20250924_125353_0005,pen2_tur_cam2_20250924_125353.jpg,1280,720,"[483.0,25.5,318.0,253.0]",0,0.949
test_pen2_tur_cam2_20250924_125553_0000,pen2_tur_cam2_20250924_125553.jpg,1280,720,"[304.5,487.0,349.0,220.0]",0,0.9478
test_pen2_tur_cam2_20250924_131159_0000,pen2_tur_cam2_20250924_131159.jpg,1280,720,"[291.5,474.0,352.0,239.0]",0,0.9478
test_pen2_tur_cam2_20250924_131159_0009,pen2_tur_cam2_20250924_131159.jpg,1280,720,"[405.0,333.0,170.0,361.0]",2,0.9937
test_pen2_tur_cam2_20250924_131359_0002,pen2_tur_cam2_20250924_131359.jpg,1280,720,"[417.5,26.0,387.0,257.0]",0,0.9487
test_pen2_tur_cam2_20250924_131559_0003,pen2_tur_cam2_20250924_131559.jpg,1280,720,"[422.5,26.0,395.0,258.0]",0,0.949
test_pen2_tur_cam2_20250924_131700_0002,pen2_tur_cam2_20250924_131700.jpg,1280,720,"[425.0,26.5,362.0,255.0]",0,0.949
test_pen2_tur_cam2_20250924_135411_0003,pen2_tur_cam2_20250924_135411.jpg,1280,720,"[440.0,30.5,357.0,248.0]",0,0.949
test_pen2_tur_cam2_20250924_135611_0002,pen2_tur_cam2_20250924_135611.jpg,1280,720,"[439.5,31.0,356.0,247.0]",0,0.9497
test_pen2_tur_cam2_20250924_144122_0001,pen2_tur_cam2_20250924_144122.jpg,1280,720,"[187.5,30.5,167.0,446.0]",4,0.886
test_pen2_tur_cam2_20250924_152132_0005,pen2_tur_cam2_20250924_152132.jpg,1280,720,"[597.0,296.0,254.0,280.0]",2,0.9937
test_pen2_tur_cam2_20250924_153236_0003,pen2_tur_cam2_20250924_153236.jpg,1280,720,"[369.5,493.0,371.0,194.0]",1,0.947
test_pen2_tur_cam2_20250924_153236_0004,pen2_tur_cam2_20250924_153236.jpg,1280,720,"[358.5,122.0,344.0,197.0]",2,0.9937
test_pen2_tur_cam2_20250924_162650_0006,pen2_tur_cam2_20250924_162650.jpg,1280,720,"[621.5,64.5,313.0,199.0]",0,0.948
test_pen2_tur_cam2_20250925_060042_0005,pen2_tur_cam2_20250925_060042.jpg,1280,720,"[655.5,78.5,267.0,269.0]",0,0.949
test_pen2_tur_cam2_20250925_062949_0003,pen2_tur_cam2_20250925_062949.jpg,1280,720,"[296.5,5.5,389.0,255.0]",1,0.9463
test_pen2_tur_cam2_20250925_063450_0002,pen2_tur_cam2_20250925_063450.jpg,1280,720,"[200.5,40.5,156.0,418.0]",4,0.8857
test_pen2_tur_cam2_20250925_064554_0001,pen2_tur_cam2_20250925_064554.jpg,1280,720,"[510.5,105.5,197.0,379.0]",2,0.9937
test_pen2_tur_cam2_20250925_072002_0002,pen2_tur_cam2_20250925_072002.jpg,1280,720,"[307.0,372.5,203.0,346.0]",3,0.844
test_pen2_tur_cam2_20250925_072103_0004,pen2_tur_cam2_20250925_072103.jpg,1280,720,"[191.0,22.0,204.0,479.0]",4,0.884
test_pen2_tur_cam2_20250925_072604_0002,pen2_tur_cam2_20250925_072604.jpg,1280,720,"[196.5,35.5,191.0,487.0]",4,0.8877
test_pen2_tur_cam2_20250925_073004_0003,pen2_tur_cam2_20250925_073004.jpg,1280,720,"[421.5,514.0,367.0,168.0]",1,0.947
test_pen2_tur_cam2_20250925_073004_0004,pen2_tur_cam2_20250925_073004.jpg,1280,720,"[193.0,40.5,178.0,470.0]",4,0.886
test_pen2_tur_cam2_20250925_073106_0001,pen2_tur_cam2_20250925_073106.jpg,1280,720,"[419.5,513.5,370.0,168.0]",1,0.948
test_pen2_tur_cam2_20250925_073807_0003,pen2_tur_cam2_20250925_073807.jpg,1280,720,"[638.0,83.0,275.0,215.0]",0,0.9497
test_pen2_tur_cam2_20250925_073807_0007,pen2_tur_cam2_20250925_073807.jpg,1280,720,"[309.5,5.0,410.0,152.0]",4,0.8906
test_pen2_tur_cam2_20250925_074609_0009,pen2_tur_cam2_20250925_074609.jpg,1280,720,"[187.5,34.0,181.0,463.0]",4,0.884
test_pen2_tur_cam2_20250925_075009_0003,pen2_tur_cam2_20250925_075009.jpg,1280,720,"[548.5,98.5,348.0,189.0]",2,0.993
test_pen2_tur_cam2_20250925_075009_0004,pen2_tur_cam2_20250925_075009.jpg,1280,720,"[183.5,26.5,188.0,454.0]",4,0.8853
test_pen2_tur_cam2_20250925_075111_0000,pen2_tur_cam2_20250925_075111.jpg,1280,720,"[190.0,65.5,158.0,445.0]",4,0.8926
test_pen2_tur_cam2_20250925_075111_0001,pen2_tur_cam2_20250925_075111.jpg,1280,720,"[534.0,19.5,303.0,239.0]",2,0.9937
test_pen2_tur_cam2_20250925_075612_0005,pen2_tur_cam2_20250925_075612.jpg,1280,720,"[185.0,51.5,163.0,446.0]",4,0.8833
test_pen2_tur_cam2_20250925_080012_0007,pen2_tur_cam2_20250925_080012.jpg,1280,720,"[193.5,77.5,179.0,437.0]",4,0.887
test_pen2_tur_cam2_20250925_080012_0008,pen2_tur_cam2_20250925_080012.jpg,1280,720,"[843.0,63.0,167.0,118.0]",2,0.993
test_pen2_tur_cam2_20250925_081015_0002,pen2_tur_cam2_20250925_081015.jpg,1280,720,"[288.5,25.0,328.0,410.0]",0,0.95
test_pen2_tur_cam2_20250925_082521_0000,pen2_tur_cam2_20250925_082521.jpg,1280,720,"[283.5,23.0,314.0,416.0]",0,0.95
test_pen2_tur_cam2_20250925_082521_0007,pen2_tur_cam2_20250925_082521.jpg,1280,720,"[805.0,51.5,195.0,166.0]",0,0.948
test_pen2_tur_cam2_20250925_083122_0002,pen2_tur_cam2_20250925_083122.jpg,1280,720,"[341.0,21.0,242.0,423.0]",4,0.888
test_pen2_tur_cam2_20250925_084023_0008,pen2_tur_cam2_20250925_084023.jpg,1280,720,"[343.5,18.5,169.0,472.0]",4,0.8896
test_pen2_tur_cam2_20250925_084324_0004,pen2_tur_cam2_20250925_084324.jpg,1280,720,"[276.0,393.0,358.0,193.0]",2,0.994
test_pen2_tur_cam2_20250925_085026_0003,pen2_tur_cam2_20250925_085026.jpg,1280,720,"[284.5,420.0,412.0,208.0]",1,0.9463
test_pen2_tur_cam2_20250925_085327_0004,pen2_tur_cam2_20250925_085327.jpg,1280,720,"[326.0,420.5,376.0,208.0]",2,0.994
test_pen2_tur_cam2_20250925_095042_0000,pen2_tur_cam2_20250925_095042.jpg,1280,720,"[191.5,106.0,272.0,434.0]",0,0.9497
test_pen2_tur_cam2_20250925_095042_0001,pen2_tur_cam2_20250925_095042.jpg,1280,720,"[756.0,67.0,178.0,275.0]",2,0.9937
test_pen2_tur_cam2_20250925_095344_0004,pen2_tur_cam2_20250925_095344.jpg,1280,720,"[192.0,103.0,271.0,438.0]",0,0.9497
test_pen2_tur_cam2_20250925_095544_0008,pen2_tur_cam2_20250925_095544.jpg,1280,720,"[907.0,425.0,147.0,102.0]",4,0.8857
test_pen2_tur_cam2_20250925_095846_0006,pen2_tur_cam2_20250925_095846.jpg,1280,720,"[222.0,245.0,160.0,394.0]",2,0.993
test_pen2_tur_cam2_20250925_103053_0003,pen2_tur_cam2_20250925_103053.jpg,1280,720,"[422.2,144.5,164.0,422.0]",2,0.994
test_pen2_tur_cam2_20250925_112209_0001,pen2_tur_cam2_20250925_112209.jpg,1280,720,"[233.0,14.5,420.0,242.0]",0,0.9487
test_pen2_tur_cam2_20250925_112409_0001,pen2_tur_cam2_20250925_112409.jpg,1280,720,"[643.0,23.5,301.0,259.0]",1,0.9463
test_pen2_tur_cam2_20250925_112409_0002,pen2_tur_cam2_20250925_112409.jpg,1280,720,"[232.0,9.0,417.0,246.0]",0,0.9497
test_pen2_tur_cam2_20250925_113110_0001,pen2_tur_cam2_20250925_113110.jpg,1280,720,"[242.0,10.0,415.0,244.0]",0,0.949
test_pen2_tur_cam2_20250925_113110_0003,pen2_tur_cam2_20250925_113110.jpg,1280,720,"[418.2,499.5,361.0,151.0]",1,0.947
test_pen2_tur_cam2_20250925_120921_0003,pen2_tur_cam2_20250925_120921.jpg,1280,720,"[205.5,247.0,191.0,471.0]",2,0.9927
test_pen2_tur_cam2_20250925_122225_0004,pen2_tur_cam2_20250925_122225.jpg,1280,720,"[225.0,317.0,392.0,226.0]",2,0.994
test_pen2_tur_cam2_20250925_122625_0001,pen2_tur_cam2_20250925_122625.jpg,1280,720,"[438.0,15.0,386.0,165.0]",4,0.892
test_pen2_tur_cam2_20250925_124231_0009,pen2_tur_cam2_20250925_124231.jpg,1280,720,"[964.5,353.5,112.0,139.0]",2,0.993
test_pen2_tur_cam2_20250925_125433_0001,pen2_tur_cam2_20250925_125433.jpg,1280,720,"[661.0,34.0,296.0,126.0]",4,0.888
test_pen2_tur_cam2_20250925_131440_0008,pen2_tur_cam2_20250925_131440.jpg,1280,720,"[1030.0,253.0,73.0,223.0]",4,0.886
test_pen2_tur_cam2_20250925_132242_0001,pen2_tur_cam2_20250925_132242.jpg,1280,720,"[722.5,47.0,210.0,296.0]",2,0.9937
test_pen2_tur_cam2_20250925_133150_0009,pen2_tur_cam2_20250925_133150.jpg,1280,720,"[1001.0,194.5,106.0,133.0]",2,0.994
test_pen2_tur_cam2_20250925_133244_0006,pen2_tur_cam2_20250925_133244.jpg,1280,720,"[800.0,58.0,217.0,116.0]",4,0.8867
test_pen2_tur_cam2_20250925_133644_0006,pen2_tur_cam2_20250925_133644.jpg,1280,720,"[784.5,56.5,228.0,117.0]",4,0.885
test_pen2_tur_cam2_20250925_134146_0007,pen2_tur_cam2_20250925_134146.jpg,1280,720,"[961.5,178.5,129.0,163.0]",2,0.993
test_pen2_tur_cam2_20250925_134447_0003,pen2_tur_cam2_20250925_134447.jpg,1280,720,"[816.0,72.5,147.0,232.0]",2,0.9937
test_pen2_tur_cam2_20250925_140151_0000,pen2_tur_cam2_20250925_140151.jpg,1280,720,"[265.0,14.2,443.0,223.0]",0,0.949
test_pen2_tur_cam2_20250925_140253_0001,pen2_tur_cam2_20250925_140253.jpg,1280,720,"[270.5,15.0,410.0,231.0]",0,0.948
test_pen2_tur_cam2_20250925_140653_0008,pen2_tur_cam2_20250925_140653.jpg,1280,720,"[1024.5,273.5,78.0,197.0]",4,0.884
test_pen2_tur_cam2_20250925_142458_0003,pen2_tur_cam2_20250925_142458.jpg,1280,720,"[207.0,9.5,183.0,467.0]",4,0.89
test_pen2_tur_cam2_20250925_142658_0007,pen2_tur_cam2_20250925_142658.jpg,1280,720,"[213.0,6.0,181.0,479.0]",4,0.885
test_pen2_tur_cam2_20250925_142658_0008,pen2_tur_cam2_20250925_142658.jpg,1280,720,"[1026.0,272.5,74.0,198.0]",4,0.886
test_pen2_tur_cam2_20250925_142959_0003,pen2_tur_cam2_20250925_142959.jpg,1280,720,"[542.5,3.7,337.0,201.0]",0,0.9497
test_pen2_tur_cam2_20250925_144003_0001,pen2_tur_cam2_20250925_144003.jpg,1280,720,"[534.5,175.0,321.0,318.0]",1,0.9473
test_pen2_tur_cam2_20250925_144003_0008,pen2_tur_cam2_20250925_144003.jpg,1280,720,"[956.0,80.0,120.0,134.0]",2,0.993
test_pen2_tur_cam2_20250925_144203_0000,pen2_tur_cam2_20250925_144203.jpg,1280,720,"[543.0,179.5,339.0,335.0]",1,0.9473
test_pen2_tur_cam2_20250925_154218_0003,pen2_tur_cam2_20250925_154218.jpg,1280,720,"[448.0,54.0,272.0,287.0]",2,0.9937
test_pen2_tur_cam2_20250925_154319_0001,pen2_tur_cam2_20250925_154319.jpg,1280,720,"[331.5,0.5,417.0,250.0]",2,0.994
test_pen2_tur_cam2_20250925_154319_0004,pen2_tur_cam2_20250925_154319.jpg,1280,720,"[928.5,116.0,162.0,99.0]",2,0.9927
test_pen2_tur_cam2_20250925_154519_0005,pen2_tur_cam2_20250925_154519.jpg,1280,720,"[924.5,86.5,166.0,128.0]",2,0.9937
test_pen2_tur_cam2_20250926_060020_0001,pen2_tur_cam2_20250926_060020.jpg,1280,720,"[489.5,48.5,338.0,281.0]",0,0.9507
test_pen2_tur_cam2_20250926_060220_0001,pen2_tur_cam2_20250926_060220.jpg,1280,720,"[308.5,3.0,257.0,410.0]",2,0.9927
test_pen2_tur_cam2_20250926_060220_0003,pen2_tur_cam2_20250926_060220.jpg,1280,720,"[526.0,45.0,319.0,267.0]",0,0.9487
test_pen2_tur_cam2_20250926_062025_0005,pen2_tur_cam2_20250926_062025.jpg,1280,720,"[664.0,30.0,266.0,132.0]",4,0.886
test_pen2_tur_cam2_20250926_062225_0006,pen2_tur_cam2_20250926_062225.jpg,1280,720,"[666.0,39.5,264.0,139.0]",4,0.8887
test_pen2_tur_cam2_20250926_064032_0005,pen2_tur_cam2_20250926_064032.jpg,1280,720,"[675.5,36.5,278.0,135.0]",4,0.8896
