row_id,image_id,width,height,bbox,class_id,confidence
test_pen1_tur_cam1_20250920_174649_0004,pen1_tur_cam1_20250920_174649.jpg,1280,720,"[342.5,2.0,356.0,157.0]",0,0.939
test_pen1_tur_cam1_20250921_050022_0000,pen1_tur_cam1_20250921_050022.jpg,1280,720,"[431.0,477.0,391.0,201.0]",0,0.939
test_pen1_tur_cam1_20250921_052427_0000,pen1_tur_cam1_20250921_052427.jpg,1280,720,"[328.5,49.5,354.0,364.0]",1,0.9395
test_pen1_tur_cam1_20250921_052427_0002,pen1_tur_cam1_20250921_052427.jpg,1280,720,"[313.5,467.0,421.0,210.0]",1,0.939
test_pen1_tur_cam1_20250921_052427_0006,pen1_tur_cam1_20250921_052427.jpg,1280,720,"[348.5,0.0,329.0,205.0]",1,0.9375
test_pen1_tur_cam1_20250921_054433_0003,pen1_tur_cam1_20250921_054433.jpg,1280,720,"[328.0,61.5,365.0,343.0]",1,0.939
test_pen1_tur_cam1_20250921_054433_0004,pen1_tur_cam1_20250921_054433.jpg,1280,720,"[349.5,0.0,335.0,220.0]",1,0.939
test_pen1_tur_cam1_20250921_054934_0000,pen1_tur_cam1_20250921_054934.jpg,1280,720,"[317.5,56.5,356.0,338.0]",1,0.9395
test_pen1_tur_cam1_20250921_054934_0003,pen1_tur_cam1_20250921_054934.jpg,1280,720,"[346.5,0.0,329.0,174.0]",1,0.939
test_pen1_tur_cam1_20250921_055235_0002,pen1_tur_cam1_20250921_055235.jpg,1280,720,"[319.5,54.0,359.0,338.0]",1,0.94
test_pen1_tur_cam1_20250921_055435_0001,pen1_tur_cam1_20250921_055435.jpg,1280,720,"[319.0,53.0,374.0,256.0]",1,0.939
test_pen1_tur_cam1_20250921_071058_0004,pen1_tur_cam1_20250921_071058.jpg,1280,720,"[845.5,158.5,218.0,222.0]",3,0.818
test_pen1_tur_cam1_20250921_071559_0001,pen1_tur_cam1_20250921_071559.jpg,1280,720,"[778.5,154.5,180.0,219.0]",3,0.818
test_pen1_tur_cam1_20250921_071759_0003,pen1_tur_cam1_20250921_071759.jpg,1280,720,"[775.5,145.0,179.0,234.0]",3,0.818
test_pen1_tur_cam1_20250921_071959_0001,pen1_tur_cam1_20250921_071959.jpg,1280,720,"[264.0,213.0,214.0,442.0]",2,0.992
test_pen1_tur_cam1_20250921_072101_0003,pen1_tur_cam1_20250921_072101.jpg,1280,720,"[950.5,167.0,141.0,225.0]",3,0.817
test_pen1_tur_cam1_20250921_072101_0006,pen1_tur_cam1_20250921_072101.jpg,1280,720,"[724.0,527.5,277.0,142.0]",4,0.852
test_pen1_tur_cam1_20250921_072301_0004,pen1_tur_cam1_20250921_072301.jpg,1280,720,"[809.5,171.0,190.0,190.0]",3,0.818
test_pen1_tur_cam1_20250921_072501_0006,pen1_tur_cam1_20250921_072501.jpg,1280,720,"[849.5,147.5,209.0,227.0]",3,0.82
test_pen1_tur_cam1_20250921_073002_0003,pen1_tur_cam1_20250921_073002.jpg,1280,720,"[821.5,158.5,140.0,242.0]",3,0.819
test_pen1_tur_cam1_20250921_073002_0006,pen1_tur_cam1_20250921_073002.jpg,1280,720,"[919.0,163.0,187.0,204.0]",3,0.818
test_pen1_tur_cam1_20250921_073303_0004,pen1_tur_cam1_20250921_073303.jpg,1280,720,"[812.5,158.5,141.0,240.0]",3,0.818
test_pen1_tur_cam1_20250921_073303_0005,pen1_tur_cam1_20250921_073303.jpg,1280,720,"[927.0,164.5,148.0,242.0]",3,0.817
test_pen1_tur_cam1_20250921_074124_0000,pen1_tur_cam1_20250921_074124.jpg,1280,720,"[763.5,144.0,190.0,198.0]",3,0.817
test_pen1_tur_cam1_20250921_075035_0006,pen1_tur_cam1_20250921_075035.jpg,1280,720,"[834.5,158.5,154.0,211.0]",3,0.819
test_pen1_tur_cam1_20250921_075546_0001,pen1_tur_cam1_20250921_075546.jpg,1280,720,"[272.5,33.0,292.0,370.0]",2,0.99
test_pen1_tur_cam1_20250921_082253_0000,pen1_tur_cam1_20250921_082253.jpg,1280,720,"[271.5,272.2,405.0,296.0]",1,0.9375
test_pen1_tur_cam1_20250921_082253_0001,pen1_tur_cam1_20250921_082253.jpg,1280,720,"[757.0,473.0,259.0,185.0]",0,0.9375
test_pen1_tur_cam1_20250921_082453_0000,pen1_tur_cam1_20250921_082453.jpg,1280,720,"[753.0,478.5,266.0,182.0]",0,0.9375
test_pen1_tur_cam1_20250921_082653_0005,pen1_tur_cam1_20250921_082653.jpg,1280,720,"[811.5,183.0,197.0,159.0]",3,0.817
test_pen1_tur_cam1_20250921_083004_0004,pen1_tur_cam1_20250921_083004.jpg,1280,720,"[806.0,165.5,189.0,181.0]",3,0.818
test_pen1_tur_cam1_20250921_083204_0003,pen1_tur_cam1_20250921_083204.jpg,1280,720,"[819.5,149.5,166.0,257.0]",3,0.817
test_pen1_tur_cam1_20250921_083715_0002,pen1_tur_cam1_20250921_083715.jpg,1280,720,"[432.5,264.5,261.0,238.0]",2,0.9907
test_pen1_tur_cam1_20250921_083715_0005,pen1_tur_cam1_20250921_083715.jpg,1280,720,"[806.0,511.5,248.0,139.0]",4,0.855
test_pen1_tur_cam1_20250921_083715_0006,pen1_tur_cam1_20250921_083715.jpg,1280,720,"[294.5,0.0,170.0,298.0]",4,0.854
test_pen1_tur_cam1_20250921_083826_0001,pen1_tur_cam1_20250921_083826.jpg,1280,720,"[631.5,16.0,267.0,243.0]",3,0.818
test_pen1_tur_cam1_20250921_083826_0002,pen1_tur_cam1_20250921_083826.jpg,1280,720,"[456.5,287.5,255.0,308.0]",2,0.992
test_pen1_tur_cam1_20250921_083826_0004,pen1_tur_cam1_20250921_083826.jpg,1280,720,"[805.5,511.0,251.0,139.0]",4,0.853
test_pen1_tur_cam1_20250921_083826_0006,pen1_tur_cam1_20250921_083826.jpg,1280,720,"[1085.0,406.5,86.0,180.0]",2,0.992
test_pen1_tur_cam1_20250921_084026_0005,pen1_tur_cam1_20250921_084026.jpg,1280,720,"[859.5,163.5,139.0,225.0]",3,0.818
test_pen1_tur_cam1_20250921_084026_0006,pen1_tur_cam1_20250921_084026.jpg,1280,720,"[810.5,516.0,248.0,134.0]",4,0.855
test_pen1_tur_cam1_20250921_084226_0002,pen1_tur_cam1_20250921_084226.jpg,1280,720,"[807.0,517.5,249.0,132.0]",4,0.8555
test_pen1_tur_cam1_20250921_084226_0005,pen1_tur_cam1_20250921_084226.jpg,1280,720,"[805.5,157.0,192.0,175.0]",3,0.819
test_pen1_tur_cam1_20250921_085248_0006,pen1_tur_cam1_20250921_085248.jpg,1280,720,"[807.0,155.5,195.0,182.0]",3,0.8184
test_pen1_tur_cam1_20250921_090621_0001,pen1_tur_cam1_20250921_090621.jpg,1280,720,"[305.0,9.0,210.0,334.0]",0,0.9414
test_pen1_tur_cam1_20250921_090621_0005,pen1_tur_cam1_20250921_090621.jpg,1280,720,"[772.5,144.0,216.0,135.0]",3,0.8184
test_pen1_tur_cam1_20250921_091134_0000,pen1_tur_cam1_20250921_091134.jpg,1280,720,"[255.2,224.0,306.0,324.0]",2,0.992
test_pen1_tur_cam1_20250921_091134_0002,pen1_tur_cam1_20250921_091134.jpg,1280,720,"[518.5,17.0,333.0,187.0]",0,0.9375
test_pen1_tur_cam1_20250921_091134_0005,pen1_tur_cam1_20250921_091134.jpg,1280,720,"[305.5,4.0,189.0,331.0]",0,0.9414
test_pen1_tur_cam1_20250921_091334_0003,pen1_tur_cam1_20250921_091334.jpg,1280,720,"[303.5,0.0,193.0,309.0]",0,0.941
test_pen1_tur_cam1_20250921_092354_0000,pen1_tur_cam1_20250921_092354.jpg,1280,720,"[246.5,178.0,209.0,387.0]",2,0.9897
test_pen1_tur_cam1_20250921_092354_0002,pen1_tur_cam1_20250921_092354.jpg,1280,720,"[773.5,134.5,208.0,273.0]",3,0.817
test_pen1_tur_cam1_20250921_092505_0006,pen1_tur_cam1_20250921_092505.jpg,1280,720,"[867.5,146.5,213.0,194.0]",3,0.817
test_pen1_tur_cam1_20250921_092505_0008,pen1_tur_cam1_20250921_092505.jpg,1280,720,"[1094.0,352.5,65.0,206.0]",4,0.863
test_pen1_tur_cam1_20250921_092705_0003,pen1_tur_cam1_20250921_092705.jpg,1280,720,"[827.5,155.5,189.0,248.0]",3,0.818
test_pen1_tur_cam1_20250921_092905_0005,pen1_tur_cam1_20250921_092905.jpg,1280,720,"[849.5,145.0,234.0,198.0]",3,0.819
test_pen1_tur_cam1_20250921_093928_0004,pen1_tur_cam1_20250921_093928.jpg,1280,720,"[837.0,163.5,159.0,177.0]",3,0.8184
test_pen1_tur_cam1_20250921_093928_0008,pen1_tur_cam1_20250921_093928.jpg,1280,720,"[990.0,170.0,129.0,118.0]",4,0.852
test_pen1_tur_cam1_20250922_115017_0002,pen1_tur_cam1_20250922_115017.jpg,1280,720,"[651.5,463.0,302.0,198.0]",1,0.9395
test_pen1_tur_cam1_20250922_115017_0004,pen1_tur_cam1_20250922_115017.jpg,1280,720,"[504.0,29.0,326.0,166.0]",0,0.939
test_pen1_tur_cam1_20250922_122226_0005,pen1_tur_cam1_20250922_122226.jpg,1280,720,"[788.5,155.0,209.0,144.0]",3,0.8184
test_pen1_tur_cam1_20250922_122527_0005,pen1_tur_cam1_20250922_122527.jpg,1280,720,"[810.5,186.0,205.0,164.0]",3,0.8164
test_pen1_tur_cam1_20250922_124932_0000,pen1_tur_cam1_20250922_124932.jpg,1280,720,"[244.8,403.7,395.0,261.0]",2,0.9907
test_pen1_tur_cam1_20250922_125034_0000,pen1_tur_cam1_20250922_125034.jpg,1280,720,"[735.5,380.0,208.0,298.0]",2,0.992
test_pen1_tur_cam1_20250922_125535_0003,pen1_tur_cam1_20250922_125535.jpg,1280,720,"[227.5,200.0,208.0,392.0]",2,0.969
test_pen1_tur_cam1_20250922_125535_0006,pen1_tur_cam1_20250922_125535.jpg,1280,720,"[934.0,171.0,120.0,222.0]",3,0.817
test_pen1_tur_cam1_20250922_125735_0005,pen1_tur_cam1_20250922_125735.jpg,1280,720,"[834.0,152.7,161.0,242.0]",3,0.819
test_pen1_tur_cam1_20250922_125935_0001,pen1_tur_cam1_20250922_125935.jpg,1280,720,"[894.5,159.0,191.0,256.0]",3,0.819
test_pen1_tur_cam1_20250922_125935_0002,pen1_tur_cam1_20250922_125935.jpg,1280,720,"[638.5,44.0,265.0,203.0]",3,0.817
test_pen1_tur_cam1_20250922_130037_0001,pen1_tur_cam1_20250922_130037.jpg,1280,720,"[832.5,151.5,163.0,246.0]",3,0.82
test_pen1_tur_cam1_20250922_130037_0002,pen1_tur_cam1_20250922_130037.jpg,1280,720,"[281.5,135.0,369.0,159.0]",4,0.853
test_pen1_tur_cam1_20250922_130037_0004,pen1_tur_cam1_20250922_130037.jpg,1280,720,"[510.5,460.5,411.0,218.0]",2,0.983
test_pen1_tur_cam1_20250922_130037_0006,pen1_tur_cam1_20250922_130037.jpg,1280,720,"[948.0,168.5,155.0,224.0]",3,0.8164
test_pen1_tur_cam1_20250922_130938_0005,pen1_tur_cam1_20250922_130938.jpg,1280,720,"[950.0,161.0,142.0,230.0]",3,0.819
test_pen1_tur_cam1_20250922_131240_0000,pen1_tur_cam1_20250922_131240.jpg,1280,720,"[488.5,388.5,361.0,268.0]",0,0.938
test_pen1_tur_cam1_20250922_131240_0002,pen1_tur_cam1_20250922_131240.jpg,1280,720,"[282.5,2.0,196.0,343.0]",4,0.8516
test_pen1_tur_cam1_20250922_131240_0003,pen1_tur_cam1_20250922_131240.jpg,1280,720,"[857.5,164.5,143.0,200.0]",3,0.818
test_pen1_tur_cam1_20250922_131440_0004,pen1_tur_cam1_20250922_131440.jpg,1280,720,"[837.0,149.0,173.0,252.0]",3,0.8164
test_pen1_tur_cam1_20250922_131440_0005,pen1_tur_cam1_20250922_131440.jpg,1280,720,"[942.0,159.0,147.0,238.0]",3,0.8164
test_pen1_tur_cam1_20250922_132443_0003,pen1_tur_cam1_20250922_132443.jpg,1280,720,"[829.5,172.0,167.0,191.0]",3,0.8164
test_pen1_tur_cam1_20250922_132744_0001,pen1_tur_cam1_20250922_132744.jpg,1280,720,"[390.5,523.5,432.0,156.0]",4,0.8516
test_pen1_tur_cam1_20250922_132744_0008,pen1_tur_cam1_20250922_132744.jpg,1280,720,"[1074.0,495.0,90.0,96.0]",2,0.9917
test_pen1_tur_cam1_20250922_132944_0001,pen1_tur_cam1_20250922_132944.jpg,1280,720,"[233.5,259.6,206.0,405.0]",2,0.969
test_pen1_tur_cam1_20250922_133046_0003,pen1_tur_cam1_20250922_133046.jpg,1280,720,"[273.0,239.5,224.0,378.0]",2,0.987
test_pen1_tur_cam1_20250922_133246_0001,pen1_tur_cam1_20250922_133246.jpg,1280,720,"[266.5,254.6,220.0,386.0]",2,0.9844
test_pen1_tur_cam1_20250922_133246_0003,pen1_tur_cam1_20250922_133246.jpg,1280,720,"[830.0,146.5,214.0,256.0]",3,0.818
test_pen1_tur_cam1_20250922_133446_0004,pen1_tur_cam1_20250922_133446.jpg,1280,720,"[828.0,158.5,167.0,195.0]",3,0.8184
test_pen1_tur_cam1_20250922_133547_0001,pen1_tur_cam1_20250922_133547.jpg,1280,720,"[290.5,241.6,241.0,339.0]",2,0.984
test_pen1_tur_cam1_20250922_133547_0003,pen1_tur_cam1_20250922_133547.jpg,1280,720,"[809.0,156.0,183.0,184.0]",3,0.817
test_pen1_tur_cam1_20250922_133747_0002,pen1_tur_cam1_20250922_133747.jpg,1280,720,"[815.5,155.0,173.0,188.0]",3,0.819
test_pen1_tur_cam1_20250922_134749_0004,pen1_tur_cam1_20250922_134749.jpg,1280,720,"[889.0,171.5,140.0,247.0]",3,0.818
test_pen1_tur_cam1_20250922_135951_0005,pen1_tur_cam1_20250922_135951.jpg,1280,720,"[1000.0,187.5,113.0,119.0]",2,0.992
test_pen1_tur_cam1_20250922_140754_0003,pen1_tur_cam1_20250922_140754.jpg,1280,720,"[799.0,156.5,214.0,181.0]",3,0.817
test_pen1_tur_cam1_20250922_140954_0005,pen1_tur_cam1_20250922_140954.jpg,1280,720,"[876.5,146.5,210.0,205.0]",3,0.82
test_pen1_tur_cam1_20250922_141255_0003,pen1_tur_cam1_20250922_141255.jpg,1280,720,"[856.5,150.0,227.0,190.0]",3,0.821
test_pen1_tur_cam1_20250922_141557_0004,pen1_tur_cam1_20250922_141557.jpg,1280,720,"[856.5,158.5,221.0,190.0]",3,0.819
test_pen1_tur_cam1_20250922_141757_0001,pen1_tur_cam1_20250922_141757.jpg,1280,720,"[446.5,170.5,385.0,226.0]",1,0.937
test_pen1_tur_cam1_20250922_141757_0004,pen1_tur_cam1_20250922_141757.jpg,1280,720,"[859.0,144.0,221.0,215.0]",3,0.818
test_pen1_tur_cam1_20250922_142458_0000,pen1_tur_cam1_20250922_142458.jpg,1280,720,"[443.5,155.0,376.0,239.0]",1,0.9375
test_pen1_tur_cam1_20250922_142458_0001,pen1_tur_cam1_20250922_142458.jpg,1280,720,"[506.0,487.0,407.0,201.0]",2,0.9526
test_pen1_tur_cam1_20250922_143101_0003,pen1_tur_cam1_20250922_143101.jpg,1280,720,"[572.5,165.5,294.0,199.0]",2,0.992
test_pen1_tur_cam1_20250922_143301_0003,pen1_tur_cam1_20250922_143301.jpg,1280,720,"[844.0,148.0,239.0,181.0]",3,0.8164
test_pen1_tur_cam1_20250922_143301_0005,pen1_tur_cam1_20250922_143301.jpg,1280,720,"[569.0,36.0,265.0,172.0]",0,0.939
test_pen1_tur_cam1_20250922_144804_0003,pen1_tur_cam1_20250922_144804.jpg,1280,720,"[556.0,38.5,298.0,206.0]",0,0.9395
test_pen1_tur_cam1_20250922_144804_0005,pen1_tur_cam1_20250922_144804.jpg,1280,720,"[826.5,164.0,176.0,191.0]",3,0.818
test_pen1_tur_cam1_20250922_145004_0004,pen1_tur_cam1_20250922_145004.jpg,1280,720,"[750.0,429.5,278.0,179.0]",2,0.9785
test_pen1_tur_cam1_20250922_145004_0005,pen1_tur_cam1_20250922_145004.jpg,1280,720,"[544.5,38.5,293.0,214.0]",0,0.938
test_pen1_tur_cam1_20250922_145107_0002,pen1_tur_cam1_20250922_145107.jpg,1280,720,"[549.0,38.0,307.0,217.0]",0,0.94
test_pen1_tur_cam1_20250922_145307_0007,pen1_tur_cam1_20250922_145307.jpg,1280,720,"[579.0,28.0,285.0,233.0]",0,0.9375
test_pen1_tur_cam1_20250922_145507_0002,pen1_tur_cam1_20250922_145507.jpg,1280,720,"[556.5,39.0,294.0,211.0]",0,0.9375
test_pen1_tur_cam1_20250922_145807_0001,pen1_tur_cam1_20250922_145807.jpg,1280,720,"[546.0,38.5,305.0,219.0]",0,0.9375
test_pen1_tur_cam1_20250922_150109_0001,pen1_tur_cam1_20250922_150109.jpg,1280,720,"[560.0,43.0,294.0,227.0]",0,0.939
test_pen1_tur_cam1_20250922_170541_0001,pen1_tur_cam1_20250922_170541.jpg,1280,720,"[623.0,163.5,304.0,218.0]",0,0.939
test_pen1_tur_cam1_20250922_170541_0005,pen1_tur_cam1_20250922_170541.jpg,1280,720,"[795.0,316.5,235.0,181.0]",1,0.9375
test_pen1_tur_cam1_20250923_060024_0003,pen1_tur_cam1_20250923_060024.jpg,1280,720,"[351.5,497.5,413.0,178.0]",1,0.9375
test_pen1_tur_cam1_20250923_060224_0001,pen1_tur_cam1_20250923_060224.jpg,1280,720,"[351.5,496.5,413.0,179.0]",1,0.94
test_pen1_tur_cam1_20250923_060725_0001,pen1_tur_cam1_20250923_060725.jpg,1280,720,"[347.5,494.7,415.0,179.0]",1,0.94
test_pen1_tur_cam1_20250923_060725_0003,pen1_tur_cam1_20250923_060725.jpg,1280,720,"[534.0,24.5,322.0,223.0]",1,0.938
test_pen1_tur_cam1_20250923_061928_0000,pen1_tur_cam1_20250923_061928.jpg,1280,720,"[525.0,19.0,323.0,239.0]",1,0.939
test_pen1_tur_cam1_20250923_061928_0003,pen1_tur_cam1_20250923_061928.jpg,1280,720,"[319.5,334.0,437.0,265.0]",1,0.9395
test_pen1_tur_cam1_20250923_061928_0005,pen1_tur_cam1_20250923_061928.jpg,1280,720,"[313.0,519.7,452.0,157.0]",1,0.9375
test_pen1_tur_cam1_20250923_063534_0002,pen1_tur_cam1_20250923_063534.jpg,1280,720,"[279.0,165.5,286.0,340.0]",2,0.9897
test_pen1_tur_cam1_20250923_063734_0005,pen1_tur_cam1_20250923_063734.jpg,1280,720,"[682.0,474.0,342.0,147.0]",2,0.971
test_pen1_tur_cam1_20250923_065539_0003,pen1_tur_cam1_20250923_065539.jpg,1280,720,"[828.5,166.5,175.0,186.0]",3,0.818
test_pen1_tur_cam1_20250923_071442_0002,pen1_tur_cam1_20250923_071442.jpg,1280,720,"[843.0,169.5,169.0,231.0]",3,0.819
test_pen1_tur_cam1_20250923_072246_0002,pen1_tur_cam1_20250923_072246.jpg,1280,720,"[845.5,145.0,220.0,219.0]",3,0.8203
test_pen1_tur_cam1_20250923_072446_0005,pen1_tur_cam1_20250923_072446.jpg,1280,720,"[704.5,545.2,278.0,124.0]",4,0.852
test_pen1_tur_cam1_20250923_072546_0001,pen1_tur_cam1_20250923_072546.jpg,1280,720,"[703.5,536.0,278.0,133.0]",4,0.855
test_pen1_tur_cam1_20250923_072746_0000,pen1_tur_cam1_20250923_072746.jpg,1280,720,"[276.5,480.6,394.0,234.0]",2,0.965
test_pen1_tur_cam1_20250923_073749_0005,pen1_tur_cam1_20250923_073749.jpg,1280,720,"[830.0,160.0,178.0,213.0]",3,0.817
test_pen1_tur_cam1_20250923_074050_0001,pen1_tur_cam1_20250923_074050.jpg,1280,720,"[320.5,0.5,244.0,352.0]",0,0.938
test_pen1_tur_cam1_20250923_074050_0004,pen1_tur_cam1_20250923_074050.jpg,1280,720,"[640.0,128.5,258.0,159.0]",3,0.818
test_pen1_tur_cam1_20250923_074951_0005,pen1_tur_cam1_20250923_074951.jpg,1280,720,"[339.0,257.5,243.0,419.0]",2,0.9897
test_pen1_tur_cam1_20250923_075253_0004,pen1_tur_cam1_20250923_075253.jpg,1280,720,"[284.8,90.2,290.0,378.0]",2,0.992
test_pen1_tur_cam1_20250923_075453_0001,pen1_tur_cam1_20250923_075453.jpg,1280,720,"[470.5,92.0,288.0,294.0]",1,0.9375
test_pen1_tur_cam1_20250923_075954_0001,pen1_tur_cam1_20250923_075954.jpg,1280,720,"[801.5,158.5,191.0,187.0]",3,0.819
test_pen1_tur_cam1_20250923_081559_0002,pen1_tur_cam1_20250923_081559.jpg,1280,720,"[865.0,391.0,212.0,164.0]",0,0.9395
test_pen1_tur_cam1_20250923_081559_0005,pen1_tur_cam1_20250923_081559.jpg,1280,720,"[838.5,155.5,157.0,192.0]",3,0.818
test_pen1_tur_cam1_20250923_082501_0001,pen1_tur_cam1_20250923_082501.jpg,1280,720,"[646.5,456.0,321.0,206.0]",0,0.938
test_pen1_tur_cam1_20250923_082501_0006,pen1_tur_cam1_20250923_082501.jpg,1280,720,"[814.0,145.0,143.0,234.0]",3,0.819
test_pen1_tur_cam1_20250923_082602_0006,pen1_tur_cam1_20250923_082602.jpg,1280,720,"[888.5,156.0,165.0,214.0]",3,0.819
test_pen1_tur_cam1_20250923_082802_0004,pen1_tur_cam1_20250923_082802.jpg,1280,720,"[636.0,451.5,322.0,204.0]",0,0.9375
test_pen1_tur_cam1_20250923_083304_0003,pen1_tur_cam1_20250923_083304.jpg,1280,720,"[829.5,170.5,169.0,175.0]",3,0.817
test_pen1_tur_cam1_20250923_083604_0004,pen1_tur_cam1_20250923_083604.jpg,1280,720,"[801.5,149.0,179.0,192.0]",3,0.817
test_pen1_tur_cam1_20250923_090814_0002,pen1_tur_cam1_20250923_090814.jpg,1280,720,"[584.0,159.0,190.0,287.0]",2,0.99
test_pen1_tur_cam1_20250923_090814_0003,pen1_tur_cam1_20250923_090814.jpg,1280,720,"[476.5,467.5,387.0,206.0]",1,0.9375
test_pen1_tur_cam1_20250923_090814_0005,pen1_tur_cam1_20250923_090814.jpg,1280,720,"[277.5,44.5,204.0,391.0]",0,0.9414
test_pen1_tur_cam1_20250923_091014_0000,pen1_tur_cam1_20250923_091014.jpg,1280,720,"[249.5,270.0,396.0,319.0]",1,0.9375
test_pen1_tur_cam1_20250923_091014_0001,pen1_tur_cam1_20250923_091014.jpg,1280,720,"[480.5,454.5,408.0,218.0]",1,0.9375
test_pen1_tur_cam1_20250923_091014_0004,pen1_tur_cam1_20250923_091014.jpg,1280,720,"[577.5,25.5,281.0,227.0]",1,0.937
test_pen1_tur_cam1_20250923_091014_0005,pen1_tur_cam1_20250923_091014.jpg,1280,720,"[279.0,35.5,213.0,363.0]",0,0.9395
test_pen1_tur_cam1_20250923_095526_0003,pen1_tur_cam1_20250923_095526.jpg,1280,720,"[438.0,96.5,331.0,212.0]",3,0.8203
test_pen1_tur_cam1_20250923_095526_0006,pen1_tur_cam1_20250923_095526.jpg,1280,720,"[947.5,183.0,141.0,224.0]",3,0.82
test_pen1_tur_cam1_20250923_095628_0004,pen1_tur_cam1_20250923_095628.jpg,1280,720,"[297.5,6.5,154.0,333.0]",4,0.855
test_pen1_tur_cam1_20250923_095628_0008,pen1_tur_cam1_20250923_095628.jpg,1280,720,"[1096.0,415.5,64.0,163.0]",4,0.854
test_pen1_tur_cam1_20250923_095828_0000,pen1_tur_cam1_20250923_095828.jpg,1280,720,"[816.5,152.0,221.0,243.0]",3,0.817
test_pen1_tur_cam1_20250923_095828_0001,pen1_tur_cam1_20250923_095828.jpg,1280,720,"[597.0,259.0,332.0,266.0]",1,0.9375
test_pen1_tur_cam1_20250923_095828_0002,pen1_tur_cam1_20250923_095828.jpg,1280,720,"[611.5,376.0,301.0,294.0]",1,0.938
test_pen1_tur_cam1_20250923_095828_0006,pen1_tur_cam1_20250923_095828.jpg,1280,720,"[1092.0,362.0,66.0,216.0]",4,0.8516
test_pen1_tur_cam1_20250923_100128_0002,pen1_tur_cam1_20250923_100128.jpg,1280,720,"[500.5,19.5,342.0,174.0]",4,0.854
test_pen1_tur_cam1_20250923_100128_0007,pen1_tur_cam1_20250923_100128.jpg,1280,720,"[843.5,155.5,159.0,202.0]",3,0.818
test_pen1_tur_cam1_20250923_100536_0000,pen1_tur_cam1_20250923_100536.jpg,1280,720,"[630.5,471.0,329.0,197.0]",1,0.9375
test_pen1_tur_cam1_20250923_100536_0008,pen1_tur_cam1_20250923_100536.jpg,1280,720,"[1092.0,364.0,66.0,214.0]",4,0.856
test_pen1_tur_cam1_20250923_100630_0001,pen1_tur_cam1_20250923_100630.jpg,1280,720,"[358.5,57.2,299.0,350.0]",2,0.992
test_pen1_tur_cam1_20250923_100630_0002,pen1_tur_cam1_20250923_100630.jpg,1280,720,"[471.0,371.5,424.0,195.0]",1,0.9375
test_pen1_tur_cam1_20250923_100835_0007,pen1_tur_cam1_20250923_100835.jpg,1280,720,"[1092.0,365.5,66.0,212.0]",4,0.8555
test_pen1_tur_cam1_20250923_100835_0008,pen1_tur_cam1_20250923_100835.jpg,1280,720,"[928.0,167.0,169.0,231.0]",3,0.817
test_pen1_tur_cam1_20250923_101035_0004,pen1_tur_cam1_20250923_101035.jpg,1280,720,"[278.0,2.0,159.0,322.0]",2,0.9746
test_pen1_tur_cam1_20250923_101035_0006,pen1_tur_cam1_20250923_101035.jpg,1280,720,"[914.0,171.5,176.0,239.0]",3,0.817
test_pen1_tur_cam1_20250923_102534_0001,pen1_tur_cam1_20250923_102534.jpg,1280,720,"[269.0,250.5,199.0,419.0]",2,0.992
test_pen1_tur_cam1_20250923_102534_0002,pen1_tur_cam1_20250923_102534.jpg,1280,720,"[508.0,43.0,318.0,194.0]",0,0.939
test_pen1_tur_cam1_20250923_102534_0005,pen1_tur_cam1_20250923_102534.jpg,1280,720,"[803.0,165.5,199.0,169.0]",3,0.818
test_pen1_tur_cam1_20250923_102635_0001,pen1_tur_cam1_20250923_102635.jpg,1280,720,"[518.0,41.5,308.0,202.0]",0,0.938
test_pen1_tur_cam1_20250923_103536_0001,pen1_tur_cam1_20250923_103536.jpg,1280,720,"[246.5,186.0,234.0,474.0]",0,0.939
test_pen1_tur_cam1_20250923_103536_0002,pen1_tur_cam1_20250923_103536.jpg,1280,720,"[552.0,224.5,280.0,348.0]",1,0.939
test_pen1_tur_cam1_20250923_103536_0003,pen1_tur_cam1_20250923_103536.jpg,1280,720,"[819.0,147.5,153.0,234.0]",3,0.822
test_pen1_tur_cam1_20250923_103838_0000,pen1_tur_cam1_20250923_103838.jpg,1280,720,"[503.5,222.5,336.0,329.0]",2,0.992
test_pen1_tur_cam1_20250923_103838_0002,pen1_tur_cam1_20250923_103838.jpg,1280,720,"[257.0,168.5,221.0,451.0]",0,0.939
test_pen1_tur_cam1_20250923_103838_0004,pen1_tur_cam1_20250923_103838.jpg,1280,720,"[835.5,152.5,217.0,246.0]",3,0.817
test_pen1_tur_cam1_20250923_104340_0000,pen1_tur_cam1_20250923_104340.jpg,1280,720,"[258.5,158.5,213.0,454.0]",0,0.938
test_pen1_tur_cam1_20250923_104340_0004,pen1_tur_cam1_20250923_104340.jpg,1280,720,"[1094.5,400.5,86.0,189.0]",2,0.9927
test_pen1_tur_cam1_20250923_104840_0000,pen1_tur_cam1_20250923_104840.jpg,1280,720,"[258.0,156.5,230.0,467.0]",0,0.939
test_pen1_tur_cam1_20250923_110345_0003,pen1_tur_cam1_20250923_110345.jpg,1280,720,"[801.0,155.5,190.0,174.0]",3,0.817
test_pen1_tur_cam1_20250923_110345_0004,pen1_tur_cam1_20250923_110345.jpg,1280,720,"[525.0,19.0,321.0,218.0]",1,0.937
test_pen1_tur_cam1_20250923_122407_0004,pen1_tur_cam1_20250923_122407.jpg,1280,720,"[547.5,159.0,312.0,239.0]",0,0.942
test_pen1_tur_cam1_20250923_122607_0008,pen1_tur_cam1_20250923_122607.jpg,1280,720,"[601.8,158.8,259.6,232.8]",0,0.941
test_pen1_tur_cam1_20250923_122907_0002,pen1_tur_cam1_20250923_122907.jpg,1280,720,"[825.5,170.0,173.0,199.0]",3,0.818
test_pen1_tur_cam1_20250923_122907_0003,pen1_tur_cam1_20250923_122907.jpg,1280,720,"[560.5,158.0,299.0,231.0]",0,0.9414
test_pen1_tur_cam1_20250923_122907_0006,pen1_tur_cam1_20250923_122907.jpg,1280,720,"[336.0,0.5,334.0,128.0]",2,0.9907
test_pen1_tur_cam1_20250923_123107_0003,pen1_tur_cam1_20250923_123107.jpg,1280,720,"[545.0,140.5,326.0,253.0]",0,0.941
test_pen1_tur_cam1_20250923_123610_0008,pen1_tur_cam1_20250923_123610.jpg,1280,720,"[1099.5,323.0,79.0,170.0]",2,0.9727
test_pen1_tur_cam1_20250923_123910_0002,pen1_tur_cam1_20250923_123910.jpg,1280,720,"[816.5,162.5,176.0,189.0]",3,0.817
test_pen1_tur_cam1_20250923_123910_0004,pen1_tur_cam1_20250923_123910.jpg,1280,720,"[1078.0,435.5,92.0,162.0]",2,0.9673
test_pen1_tur_cam1_20250923_123910_0007,pen1_tur_cam1_20250923_123910.jpg,1280,720,"[945.5,254.0,124.0,289.0]",2,0.986
test_pen1_tur_cam1_20250923_124412_0004,pen1_tur_cam1_20250923_124412.jpg,1280,720,"[790.5,156.5,206.0,165.0]",3,0.818
test_pen1_tur_cam1_20250923_131119_0003,pen1_tur_cam1_20250923_131119.jpg,1280,720,"[939.5,180.5,159.0,204.0]",3,0.818
test_pen1_tur_cam1_20250923_131419_0002,pen1_tur_cam1_20250923_131419.jpg,1280,720,"[543.0,526.5,383.0,147.0]",4,0.851
test_pen1_tur_cam1_20250923_131619_0004,pen1_tur_cam1_20250923_131619.jpg,1280,720,"[550.5,525.5,373.0,147.0]",4,0.8574
test_pen1_tur_cam1_20250923_132422_0000,pen1_tur_cam1_20250923_132422.jpg,1280,720,"[392.0,370.0,417.0,292.0]",1,0.939
test_pen1_tur_cam1_20250923_134127_0001,pen1_tur_cam1_20250923_134127.jpg,1280,720,"[534.0,48.0,316.0,204.0]",1,0.938
test_pen1_tur_cam1_20250923_134127_0002,pen1_tur_cam1_20250923_134127.jpg,1280,720,"[268.5,4.5,226.0,389.0]",0,0.9375
test_pen1_tur_cam1_20250923_134127_0003,pen1_tur_cam1_20250923_134127.jpg,1280,720,"[841.0,158.8,211.0,210.0]",3,0.819
test_pen1_tur_cam1_20250923_134729_0002,pen1_tur_cam1_20250923_134729.jpg,1280,720,"[834.5,175.0,169.0,202.0]",3,0.817
test_pen1_tur_cam1_20250923_140132_0004,pen1_tur_cam1_20250923_140132.jpg,1280,720,"[279.0,94.0,372.0,233.0]",2,0.99
test_pen1_tur_cam1_20250923_140434_0000,pen1_tur_cam1_20250923_140434.jpg,1280,720,"[250.0,229.2,351.0,365.0]",1,0.9375
test_pen1_tur_cam1_20250923_141737_0002,pen1_tur_cam1_20250923_141737.jpg,1280,720,"[741.5,133.5,276.0,234.0]",3,0.819
test_pen1_tur_cam1_20250923_141937_0005,pen1_tur_cam1_20250923_141937.jpg,1280,720,"[506.0,10.5,320.0,170.0]",4,0.857
test_pen1_tur_cam1_20250923_141937_0007,pen1_tur_cam1_20250923_141937.jpg,1280,720,"[936.5,173.5,137.0,242.0]",3,0.817
test_pen1_tur_cam1_20250923_142137_0002,pen1_tur_cam1_20250923_142137.jpg,1280,720,"[789.5,147.5,165.0,221.0]",3,0.817
test_pen1_tur_cam1_20250923_142137_0003,pen1_tur_cam1_20250923_142137.jpg,1280,720,"[496.5,22.5,326.0,189.0]",4,0.852
test_pen1_tur_cam1_20250923_142239_0002,pen1_tur_cam1_20250923_142239.jpg,1280,720,"[498.0,22.0,327.0,189.0]",4,0.855
test_pen1_tur_cam1_20250923_142439_0002,pen1_tur_cam1_20250923_142439.jpg,1280,720,"[497.0,22.0,343.0,188.0]",4,0.854
test_pen1_tur_cam1_20250923_145748_0000,pen1_tur_cam1_20250923_145748.jpg,1280,720,"[550.5,265.0,270.0,346.0]",1,0.939
test_pen1_tur_cam1_20250923_145748_0002,pen1_tur_cam1_20250923_145748.jpg,1280,720,"[359.0,439.5,426.0,238.0]",1,0.938
test_pen1_tur_cam1_20250923_145948_0000,pen1_tur_cam1_20250923_145948.jpg,1280,720,"[558.0,267.0,267.0,332.0]",1,0.939
test_pen1_tur_cam1_20250923_145948_0002,pen1_tur_cam1_20250923_145948.jpg,1280,720,"[368.0,440.5,418.0,237.0]",1,0.938
test_pen1_tur_cam1_20250923_150250_0002,pen1_tur_cam1_20250923_150250.jpg,1280,720,"[847.5,154.0,206.0,239.0]",3,0.817
test_pen1_tur_cam1_20250923_172226_0005,pen1_tur_cam1_20250923_172226.jpg,1280,720,"[938.0,174.5,163.0,198.0]",3,0.817
test_pen1_tur_cam1_20250923_172527_0000,pen1_tur_cam1_20250923_172527.jpg,1280,720,"[532.0,65.5,355.0,186.0]",3,0.818
test_pen1_tur_cam1_20250923_172727_0003,pen1_tur_cam1_20250923_172727.jpg,1280,720,"[343.5,1.0,328.0,142.0]",0,0.937
test_pen1_tur_cam1_20250923_173730_0001,pen1_tur_cam1_20250923_173730.jpg,1280,720,"[290.0,183.5,200.0,394.0]",2,0.9897
test_pen1_tur_cam1_20250924_060002_0000,pen1_tur_cam1_20250924_060002.jpg,1280,720,"[453.5,43.5,360.0,256.0]",1,0.9395
test_pen1_tur_cam1_20250924_060002_0003,pen1_tur_cam1_20250924_060002.jpg,1280,720,"[433.0,491.5,397.0,181.0]",1,0.937
test_pen1_tur_cam1_20250924_060402_0000,pen1_tur_cam1_20250924_060402.jpg,1280,720,"[455.0,40.8,352.0,185.0]",1,0.9375
test_pen1_tur_cam1_20250924_060402_0003,pen1_tur_cam1_20250924_060402.jpg,1280,720,"[258.0,330.0,356.0,197.0]",2,0.985
test_pen1_tur_cam1_20250924_061707_0002,pen1_tur_cam1_20250924_061707.jpg,1280,720,"[634.5,373.0,348.0,235.0]",2,0.9863
test_pen1_tur_cam1_20250924_061707_0003,pen1_tur_cam1_20250924_061707.jpg,1280,720,"[470.0,11.0,317.0,267.0]",1,0.9375
test_pen1_tur_cam1_20250924_061907_0000,pen1_tur_cam1_20250924_061907.jpg,1280,720,"[470.5,9.5,312.0,276.0]",1,0.937
test_pen1_tur_cam1_20250924_062208_0001,pen1_tur_cam1_20250924_062208.jpg,1280,720,"[684.5,320.5,328.0,214.0]",2,0.987
test_pen1_tur_cam1_20250924_062208_0005,pen1_tur_cam1_20250924_062208.jpg,1280,720,"[471.0,5.0,320.0,288.0]",1,0.937
test_pen1_tur_cam1_20250924_062408_0006,pen1_tur_cam1_20250924_062408.jpg,1280,720,"[476.5,14.0,309.0,275.0]",1,0.9375
test_pen1_tur_cam1_20250924_062408_0008,pen1_tur_cam1_20250924_062408.jpg,1280,720,"[977.0,182.5,124.0,108.0]",4,0.855
test_pen1_tur_cam1_20250924_064412_0002,pen1_tur_cam1_20250924_064412.jpg,1280,720,"[462.5,1.0,317.0,300.0]",1,0.9375
test_pen1_tur_cam1_20250924_071421_0002,pen1_tur_cam1_20250924_071421.jpg,1280,720,"[806.5,158.5,182.0,176.0]",3,0.818
test_pen1_tur_cam1_20250924_071922_0004,pen1_tur_cam1_20250924_071922.jpg,1280,720,"[892.5,158.5,212.0,226.0]",3,0.818
test_pen1_tur_cam1_20250924_072424_0002,pen1_tur_cam1_20250924_072424.jpg,1280,720,"[838.0,156.5,159.0,207.0]",3,0.821
test_pen1_tur_cam1_20250924_072524_0003,pen1_tur_cam1_20250924_072524.jpg,1280,720,"[781.5,164.5,266.0,175.0]",3,0.8184
test_pen1_tur_cam1_20250924_072524_0006,pen1_tur_cam1_20250924_072524.jpg,1280,720,"[907.8,215.7,154.0,226.0]",3,0.8184
test_pen1_tur_cam1_20250924_072724_0003,pen1_tur_cam1_20250924_072724.jpg,1280,720,"[822.5,148.5,167.0,251.0]",3,0.8184
test_pen1_tur_cam1_20250924_072924_0005,pen1_tur_cam1_20250924_072924.jpg,1280,720,"[841.5,148.0,247.0,191.0]",3,0.8203
test_pen1_tur_cam1_20250924_073027_0000,pen1_tur_cam1_20250924_073027.jpg,1280,720,"[692.0,140.5,277.0,302.0]",3,0.818
test_pen1_tur_cam1_20250924_073427_0003,pen1_tur_cam1_20250924_073427.jpg,1280,720,"[861.0,146.2,199.0,248.0]",3,0.817
test_pen1_tur_cam1_20250924_073528_0003,pen1_tur_cam1_20250924_073528.jpg,1280,720,"[396.5,106.0,412.0,190.0]",3,0.8184
test_pen1_tur_cam1_20250924_073728_0005,pen1_tur_cam1_20250924_073728.jpg,1280,720,"[818.5,163.5,189.0,199.0]",3,0.817
test_pen1_tur_cam1_20250924_074429_0000,pen1_tur_cam1_20250924_074429.jpg,1280,720,"[430.5,1.0,366.0,220.0]",1,0.938
test_pen1_tur_cam1_20250924_074429_0004,pen1_tur_cam1_20250924_074429.jpg,1280,720,"[838.5,153.5,239.0,206.0]",3,0.817
test_pen1_tur_cam1_20250924_075232_0004,pen1_tur_cam1_20250924_075232.jpg,1280,720,"[844.0,147.5,227.0,219.0]",3,0.819
test_pen1_tur_cam1_20250924_080234_0001,pen1_tur_cam1_20250924_080234.jpg,1280,720,"[756.0,483.5,264.0,167.0]",0,0.9375
test_pen1_tur_cam1_20250924_081236_0000,pen1_tur_cam1_20250924_081236.jpg,1280,720,"[309.8,2.0,230.0,328.0]",0,0.9375
test_pen1_tur_cam1_20250924_081236_0002,pen1_tur_cam1_20250924_081236.jpg,1280,720,"[765.5,485.5,250.0,174.0]",0,0.9375
test_pen1_tur_cam1_20250924_081236_0004,pen1_tur_cam1_20250924_081236.jpg,1280,720,"[425.0,0.5,335.0,199.0]",1,0.938
test_pen1_tur_cam1_20250924_081236_0006,pen1_tur_cam1_20250924_081236.jpg,1280,720,"[356.0,436.0,433.0,243.0]",1,0.9375
test_pen1_tur_cam1_20250924_083943_0006,pen1_tur_cam1_20250924_083943.jpg,1280,720,"[836.0,164.5,164.0,204.0]",3,0.817
test_pen1_tur_cam1_20250924_084244_0004,pen1_tur_cam1_20250924_084244.jpg,1280,720,"[808.0,155.0,185.0,176.0]",3,0.8184
test_pen1_tur_cam1_20250924_090751_0002,pen1_tur_cam1_20250924_090751.jpg,1280,720,"[430.5,0.5,325.0,235.0]",1,0.94
test_pen1_tur_cam1_20250924_090751_0003,pen1_tur_cam1_20250924_090751.jpg,1280,720,"[905.0,194.5,195.0,231.0]",3,0.817
test_pen1_tur_cam1_20250924_090751_0006,pen1_tur_cam1_20250924_090751.jpg,1280,720,"[664.0,294.0,207.0,315.0]",2,0.992
test_pen1_tur_cam1_20250924_095606_0001,pen1_tur_cam1_20250924_095606.jpg,1280,720,"[247.5,221.0,370.0,244.0]",2,0.992
test_pen1_tur_cam1_20250924_095606_0002,pen1_tur_cam1_20250924_095606.jpg,1280,720,"[743.5,462.1,280.0,196.0]",0,0.9375
test_pen1_tur_cam1_20250924_095606_0005,pen1_tur_cam1_20250924_095606.jpg,1280,720,"[848.5,143.0,239.0,189.0]",3,0.818
test_pen1_tur_cam1_20250924_095806_0006,pen1_tur_cam1_20250924_095806.jpg,1280,720,"[1080.5,246.5,79.0,198.0]",4,0.8516
test_pen1_tur_cam1_20250924_095806_0007,pen1_tur_cam1_20250924_095806.jpg,1280,720,"[943.5,160.0,153.0,229.0]",3,0.818
test_pen1_tur_cam1_20250924_100006_0007,pen1_tur_cam1_20250924_100006.jpg,1280,720,"[1082.0,243.5,76.0,201.0]",4,0.854
test_pen1_tur_cam1_20250924_101109_0003,pen1_tur_cam1_20250924_101109.jpg,1280,720,"[803.0,145.2,154.0,243.0]",3,0.818
test_pen1_tur_cam1_20250924_101109_0008,pen1_tur_cam1_20250924_101109.jpg,1280,720,"[952.0,164.0,135.0,234.0]",3,0.8203
test_pen1_tur_cam1_20250924_103515_0004,pen1_tur_cam1_20250924_103515.jpg,1280,720,"[820.5,155.0,174.0,197.0]",3,0.818
test_pen1_tur_cam1_20250924_103816_0005,pen1_tur_cam1_20250924_103816.jpg,1280,720,"[758.5,151.0,200.0,219.0]",3,0.819
test_pen1_tur_cam1_20250924_103816_0008,pen1_tur_cam1_20250924_103816.jpg,1280,720,"[598.0,53.5,232.0,138.0]",2,0.9897
test_pen1_tur_cam1_20250924_104016_0003,pen1_tur_cam1_20250924_104016.jpg,1280,720,"[857.5,142.0,211.0,268.0]",3,0.818
test_pen1_tur_cam1_20250924_105320_0003,pen1_tur_cam1_20250924_105320.jpg,1280,720,"[702.0,515.5,285.0,151.0]",4,0.852
test_pen1_tur_cam1_20250924_111527_0005,pen1_tur_cam1_20250924_111527.jpg,1280,720,"[707.5,492.0,311.0,166.0]",1,0.937
test_pen1_tur_cam1_20250924_112031_0004,pen1_tur_cam1_20250924_112031.jpg,1280,720,"[852.5,146.0,227.0,187.0]",3,0.8184
test_pen1_tur_cam1_20250924_112129_0006,pen1_tur_cam1_20250924_112129.jpg,1280,720,"[384.0,458.0,357.0,222.0]",2,0.9907
test_pen1_tur_cam1_20250924_112329_0001,pen1_tur_cam1_20250924_112329.jpg,1280,720,"[424.5,166.2,393.0,204.0]",0,0.9395
test_pen1_tur_cam1_20250924_112831_0000,pen1_tur_cam1_20250924_112831.jpg,1280,720,"[419.0,197.5,393.0,200.0]",0,0.9395
test_pen1_tur_cam1_20250924_112831_0001,pen1_tur_cam1_20250924_112831.jpg,1280,720,"[668.5,336.5,166.0,330.0]",2,0.992
test_pen1_tur_cam1_20250924_113031_0001,pen1_tur_cam1_20250924_113031.jpg,1280,720,"[563.2,166.5,293.0,162.0]",2,0.9917
test_pen1_tur_cam1_20250924_113837_0002,pen1_tur_cam1_20250924_113837.jpg,1280,720,"[887.0,160.5,146.0,232.0]",3,0.8184
test_pen1_tur_cam1_20250924_113837_0007,pen1_tur_cam1_20250924_113837.jpg,1280,720,"[425.5,23.5,301.0,241.0]",2,0.992
test_pen1_tur_cam1_20250924_122056_0004,pen1_tur_cam1_20250924_122056.jpg,1280,720,"[797.0,158.0,202.0,204.0]",3,0.82
test_pen1_tur_cam1_20250924_123059_0000,pen1_tur_cam1_20250924_123059.jpg,1280,720,"[583.5,399.0,321.0,219.0]",1,0.9395
test_pen1_tur_cam1_20250924_123059_0003,pen1_tur_cam1_20250924_123059.jpg,1280,720,"[815.0,171.0,192.0,229.0]",3,0.818
test_pen1_tur_cam1_20250924_123200_0001,pen1_tur_cam1_20250924_123200.jpg,1280,720,"[544.5,393.5,354.0,237.0]",1,0.94
test_pen1_tur_cam1_20250924_123200_0004,pen1_tur_cam1_20250924_123200.jpg,1280,720,"[891.5,159.0,184.0,243.0]",3,0.82
test_pen1_tur_cam1_20250924_123702_0003,pen1_tur_cam1_20250924_123702.jpg,1280,720,"[506.0,63.5,297.0,253.0]",0,0.9395
test_pen1_tur_cam1_20250924_123702_0004,pen1_tur_cam1_20250924_123702.jpg,1280,720,"[797.5,152.0,190.0,178.0]",3,0.817
test_pen1_tur_cam1_20250924_123901_0000,pen1_tur_cam1_20250924_123901.jpg,1280,720,"[498.0,410.7,319.0,249.0]",2,0.963
test_pen1_tur_cam1_20250924_123901_0003,pen1_tur_cam1_20250924_123901.jpg,1280,720,"[843.5,152.5,202.0,241.0]",3,0.8184
test_pen1_tur_cam1_20250924_123901_0005,pen1_tur_cam1_20250924_123901.jpg,1280,720,"[527.0,64.0,291.0,238.0]",0,0.939
test_pen1_tur_cam1_20250924_125607_0003,pen1_tur_cam1_20250924_125607.jpg,1280,720,"[310.8,107.0,384.0,205.0]",2,0.986
test_pen1_tur_cam1_20250924_130208_0002,pen1_tur_cam1_20250924_130208.jpg,1280,720,"[819.5,153.5,178.0,172.0]",3,0.818
test_pen1_tur_cam1_20250924_130208_0004,pen1_tur_cam1_20250924_130208.jpg,1280,720,"[628.0,283.6,356.0,214.0]",2,0.986
test_pen1_tur_cam1_20250924_130208_0005,pen1_tur_cam1_20250924_130208.jpg,1280,720,"[390.0,459.0,372.0,203.0]",2,0.9897
test_pen1_tur_cam1_20250924_130608_0001,pen1_tur_cam1_20250924_130608.jpg,1280,720,"[808.5,152.5,178.0,264.0]",3,0.818
test_pen1_tur_cam1_20250924_131109_0003,pen1_tur_cam1_20250924_131109.jpg,1280,720,"[540.0,539.0,379.0,135.0]",4,0.8535
test_pen1_tur_cam1_20250924_131109_0004,pen1_tur_cam1_20250924_131109.jpg,1280,720,"[849.0,157.0,200.0,235.0]",3,0.82
test_pen1_tur_cam1_20250924_131912_0001,pen1_tur_cam1_20250924_131912.jpg,1280,720,"[295.5,250.5,430.0,213.0]",1,0.9375
test_pen1_tur_cam1_20250924_132613_0004,pen1_tur_cam1_20250924_132613.jpg,1280,720,"[848.5,153.0,173.0,249.0]",3,0.8184
test_pen1_tur_cam1_20250924_135120_0004,pen1_tur_cam1_20250924_135120.jpg,1280,720,"[564.2,37.5,277.0,205.0]",0,0.9395
test_pen1_tur_cam1_20250924_135120_0005,pen1_tur_cam1_20250924_135120.jpg,1280,720,"[849.5,146.5,204.0,245.0]",3,0.818
test_pen1_tur_cam1_20250924_135422_0002,pen1_tur_cam1_20250924_135422.jpg,1280,720,"[566.0,37.5,273.0,207.0]",0,0.9395
test_pen1_tur_cam1_20250924_135422_0003,pen1_tur_cam1_20250924_135422.jpg,1280,720,"[844.5,147.0,173.0,269.0]",3,0.8203
test_pen1_tur_cam1_20250924_135622_0001,pen1_tur_cam1_20250924_135622.jpg,1280,720,"[354.0,203.5,396.0,246.0]",2,0.9907
test_pen1_tur_cam1_20250924_135622_0002,pen1_tur_cam1_20250924_135622.jpg,1280,720,"[565.0,37.5,280.0,211.0]",0,0.94
test_pen1_tur_cam1_20250924_135622_0005,pen1_tur_cam1_20250924_135622.jpg,1280,720,"[816.0,171.0,178.0,183.0]",3,0.819
test_pen1_tur_cam1_20250924_135723_0002,pen1_tur_cam1_20250924_135723.jpg,1280,720,"[563.5,37.0,278.0,212.0]",0,0.94
test_pen1_tur_cam1_20250924_135723_0005,pen1_tur_cam1_20250924_135723.jpg,1280,720,"[528.0,472.0,366.0,194.0]",1,0.9375
test_pen1_tur_cam1_20250924_135923_0000,pen1_tur_cam1_20250924_135923.jpg,1280,720,"[556.0,445.0,345.0,222.0]",1,0.937
test_pen1_tur_cam1_20250924_135923_0002,pen1_tur_cam1_20250924_135923.jpg,1280,720,"[565.2,37.0,276.0,211.0]",0,0.9395
test_pen1_tur_cam1_20250924_135923_0003,pen1_tur_cam1_20250924_135923.jpg,1280,720,"[821.0,163.5,172.0,196.0]",3,0.8184
test_pen1_tur_cam1_20250924_135923_0008,pen1_tur_cam1_20250924_135923.jpg,1280,720,"[989.5,172.0,117.0,122.0]",4,0.8516
test_pen1_tur_cam1_20250924_140726_0005,pen1_tur_cam1_20250924_140726.jpg,1280,720,"[999.5,456.5,131.0,143.0]",2,0.9907
test_pen1_tur_cam1_20250924_140726_0008,pen1_tur_cam1_20250924_140726.jpg,1280,720,"[312.5,311.0,359.0,174.0]",2,0.9907
test_pen1_tur_cam1_20250924_141126_0000,pen1_tur_cam1_20250924_141126.jpg,1280,720,"[360.0,1.0,341.0,318.0]",0,0.939
test_pen1_tur_cam1_20250924_141126_0003,pen1_tur_cam1_20250924_141126.jpg,1280,720,"[842.0,157.5,217.0,228.0]",3,0.8184
test_pen1_tur_cam1_20250924_143232_0000,pen1_tur_cam1_20250924_143232.jpg,1280,720,"[270.0,402.5,391.0,291.0]",2,0.9883
test_pen1_tur_cam1_20250924_143232_0001,pen1_tur_cam1_20250924_143232.jpg,1280,720,"[817.0,155.0,181.0,189.0]",3,0.818
test_pen1_tur_cam1_20250924_143432_0001,pen1_tur_cam1_20250924_143432.jpg,1280,720,"[350.0,420.1,370.0,280.0]",2,0.988
test_pen1_tur_cam1_20250924_143432_0005,pen1_tur_cam1_20250924_143432.jpg,1280,720,"[814.5,144.0,156.0,238.0]",3,0.82
test_pen1_tur_cam1_20250924_143432_0007,pen1_tur_cam1_20250924_143432.jpg,1280,720,"[543.5,31.5,308.0,191.0]",0,0.9375
test_pen1_tur_cam1_20250924_143733_0001,pen1_tur_cam1_20250924_143733.jpg,1280,720,"[845.0,147.5,221.0,228.0]",3,0.818
test_pen1_tur_cam1_20250924_143733_0004,pen1_tur_cam1_20250924_143733.jpg,1280,720,"[333.0,475.5,434.0,160.0]",2,0.973
test_pen1_tur_cam1_20250924_143933_0003,pen1_tur_cam1_20250924_143933.jpg,1280,720,"[662.5,530.5,296.0,137.0]",4,0.852
test_pen1_tur_cam1_20250925_064105_0000,pen1_tur_cam1_20250925_064105.jpg,1280,720,"[378.0,1.5,362.0,195.0]",4,0.853
test_pen1_tur_cam1_20250925_071012_0006,pen1_tur_cam1_20250925_071012.jpg,1280,720,"[558.5,268.0,301.0,285.0]",2,0.9883
test_pen1_tur_cam1_20250925_071814_0001,pen1_tur_cam1_20250925_071814.jpg,1280,720,"[825.0,170.5,173.0,202.0]",3,0.8184
test_pen1_tur_cam1_20250925_072516_0001,pen1_tur_cam1_20250925_072516.jpg,1280,720,"[791.5,162.5,208.0,206.0]",3,0.817
test_pen1_tur_cam1_20250925_072617_0006,pen1_tur_cam1_20250925_072617.jpg,1280,720,"[931.0,169.0,179.0,207.0]",3,0.818
test_pen1_tur_cam1_20250925_073820_0004,pen1_tur_cam1_20250925_073820.jpg,1280,720,"[843.5,148.5,224.0,204.0]",3,0.8184
test_pen1_tur_cam1_20250925_074321_0003,pen1_tur_cam1_20250925_074321.jpg,1280,720,"[258.0,283.5,296.0,317.0]",2,0.9897
test_pen1_tur_cam1_20250925_074321_0005,pen1_tur_cam1_20250925_074321.jpg,1280,720,"[346.0,0.5,172.0,346.0]",2,0.9907
test_pen1_tur_cam1_20250925_074521_0005,pen1_tur_cam1_20250925_074521.jpg,1280,720,"[858.5,141.5,231.0,221.0]",3,0.818
test_pen1_tur_cam1_20250925_074822_0001,pen1_tur_cam1_20250925_074822.jpg,1280,720,"[393.0,161.5,226.0,369.0]",2,0.9907
test_pen1_tur_cam1_20250925_075022_0002,pen1_tur_cam1_20250925_075022.jpg,1280,720,"[760.0,496.5,274.0,168.0]",0,0.937
test_pen1_tur_cam1_20250925_075022_0003,pen1_tur_cam1_20250925_075022.jpg,1280,720,"[840.0,147.0,169.0,259.0]",3,0.818
test_pen1_tur_cam1_20250925_075124_0001,pen1_tur_cam1_20250925_075124.jpg,1280,720,"[803.5,154.0,186.0,181.0]",3,0.819
test_pen1_tur_cam1_20250925_075124_0002,pen1_tur_cam1_20250925_075124.jpg,1280,720,"[247.5,133.0,301.0,238.0]",2,0.9907
test_pen1_tur_cam1_20250925_075324_0001,pen1_tur_cam1_20250925_075324.jpg,1280,720,"[241.0,155.5,321.0,236.0]",2,0.992
test_pen1_tur_cam1_20250925_075324_0003,pen1_tur_cam1_20250925_075324.jpg,1280,720,"[806.5,161.5,185.0,180.0]",3,0.819
test_pen1_tur_cam1_20250925_075524_0001,pen1_tur_cam1_20250925_075524.jpg,1280,720,"[470.5,158.0,379.0,307.0]",0,0.9395
test_pen1_tur_cam1_20250925_075524_0008,pen1_tur_cam1_20250925_075524.jpg,1280,720,"[965.5,183.5,135.0,86.0]",4,0.8535
test_pen1_tur_cam1_20250925_075625_0003,pen1_tur_cam1_20250925_075625.jpg,1280,720,"[246.0,141.5,319.0,235.0]",2,0.992
test_pen1_tur_cam1_20250925_075625_0006,pen1_tur_cam1_20250925_075625.jpg,1280,720,"[984.0,179.5,116.0,110.0]",4,0.8516
test_pen1_tur_cam1_20250925_080527_0001,pen1_tur_cam1_20250925_080527.jpg,1280,720,"[436.2,442.5,411.0,235.0]",1,0.938
test_pen1_tur_cam1_20250925_081029_0003,pen1_tur_cam1_20250925_081029.jpg,1280,720,"[448.5,157.5,177.0,347.0]",2,0.988
test_pen1_tur_cam1_20250925_081029_0004,pen1_tur_cam1_20250925_081029.jpg,1280,720,"[810.0,156.0,176.0,206.0]",3,0.819
test_pen1_tur_cam1_20250925_081329_0002,pen1_tur_cam1_20250925_081329.jpg,1280,720,"[512.5,36.5,301.0,186.0]",0,0.9395
test_pen1_tur_cam1_20250925_081529_0003,pen1_tur_cam1_20250925_081529.jpg,1280,720,"[547.5,35.5,285.0,204.0]",0,0.937
test_pen1_tur_cam1_20250925_081529_0004,pen1_tur_cam1_20250925_081529.jpg,1280,720,"[819.0,484.5,241.0,166.0]",0,0.937
test_pen1_tur_cam1_20250925_081529_0007,pen1_tur_cam1_20250925_081529.jpg,1280,720,"[819.5,165.0,164.0,176.0]",3,0.818
test_pen1_tur_cam1_20250925_083033_0004,pen1_tur_cam1_20250925_083033.jpg,1280,720,"[421.5,81.0,259.0,265.0]",2,0.992
test_pen1_tur_cam1_20250925_083135_0004,pen1_tur_cam1_20250925_083135.jpg,1280,720,"[367.5,134.0,315.0,234.0]",2,0.9927
test_pen1_tur_cam1_20250925_083135_0007,pen1_tur_cam1_20250925_083135.jpg,1280,720,"[811.0,160.0,182.0,206.0]",3,0.817
test_pen1_tur_cam1_20250925_083334_0001,pen1_tur_cam1_20250925_083334.jpg,1280,720,"[291.5,0.0,166.0,352.0]",4,0.852
test_pen1_tur_cam1_20250925_083334_0005,pen1_tur_cam1_20250925_083334.jpg,1280,720,"[946.0,161.0,103.0,260.0]",3,0.818
test_pen1_tur_cam1_20250925_083636_0002,pen1_tur_cam1_20250925_083636.jpg,1280,720,"[805.0,170.0,198.0,146.0]",3,0.8184
test_pen1_tur_cam1_20250925_084338_0004,pen1_tur_cam1_20250925_084338.jpg,1280,720,"[630.5,172.5,285.0,348.0]",3,0.818
test_pen1_tur_cam1_20250925_084338_0005,pen1_tur_cam1_20250925_084338.jpg,1280,720,"[821.5,152.5,182.0,310.0]",3,0.817
test_pen1_tur_cam1_20250925_090543_0002,pen1_tur_cam1_20250925_090543.jpg,1280,720,"[293.5,12.0,355.0,318.0]",2,0.992
test_pen1_tur_cam1_20250925_090543_0004,pen1_tur_cam1_20250925_090543.jpg,1280,720,"[653.5,493.0,343.0,173.0]",1,0.937
test_pen1_tur_cam1_20250925_091346_0002,pen1_tur_cam1_20250925_091346.jpg,1280,720,"[525.5,23.5,328.0,218.0]",1,0.9375
test_pen1_tur_cam1_20250925_091346_0006,pen1_tur_cam1_20250925_091346.jpg,1280,720,"[724.5,376.5,299.0,218.0]",1,0.939
test_pen1_tur_cam1_20250925_091848_0005,pen1_tur_cam1_20250925_091848.jpg,1280,720,"[803.5,155.0,193.0,176.0]",3,0.817
test_pen1_tur_cam1_20250925_095905_0004,pen1_tur_cam1_20250925_095905.jpg,1280,720,"[832.5,157.5,152.0,254.0]",3,0.819
test_pen1_tur_cam1_20250925_095905_0005,pen1_tur_cam1_20250925_095905.jpg,1280,720,"[244.0,241.5,149.0,342.0]",2,0.9556
test_pen1_tur_cam1_20250925_100403_0004,pen1_tur_cam1_20250925_100403.jpg,1280,720,"[843.0,145.0,215.0,256.0]",3,0.818
test_pen1_tur_cam1_20250925_100603_0002,pen1_tur_cam1_20250925_100603.jpg,1280,720,"[833.5,143.0,210.0,257.0]",3,0.818
test_pen1_tur_cam1_20250925_115131_0002,pen1_tur_cam1_20250925_115131.jpg,1280,720,"[555.5,38.5,301.0,231.0]",0,0.939
test_pen1_tur_cam1_20250925_115131_0006,pen1_tur_cam1_20250925_115131.jpg,1280,720,"[822.5,157.5,176.0,206.0]",3,0.8184
test_pen1_tur_cam1_20250925_115433_0004,pen1_tur_cam1_20250925_115433.jpg,1280,720,"[819.5,161.5,183.0,200.0]",3,0.818
test_pen1_tur_cam1_20250925_120235_0006,pen1_tur_cam1_20250925_120235.jpg,1280,720,"[831.5,154.5,245.0,253.0]",3,0.819
test_pen1_tur_cam1_20250925_120737_0004,pen1_tur_cam1_20250925_120737.jpg,1280,720,"[831.0,193.0,186.0,194.0]",3,0.818
test_pen1_tur_cam1_20250925_121137_0002,pen1_tur_cam1_20250925_121137.jpg,1280,720,"[228.8,195.0,201.0,375.0]",2,0.983
test_pen1_tur_cam1_20250925_121137_0006,pen1_tur_cam1_20250925_121137.jpg,1280,720,"[842.5,145.5,242.0,214.0]",3,0.818
test_pen1_tur_cam1_20250925_122241_0000,pen1_tur_cam1_20250925_122241.jpg,1280,720,"[510.0,164.0,238.0,322.0]",2,0.992
test_pen1_tur_cam1_20250925_122441_0001,pen1_tur_cam1_20250925_122441.jpg,1280,720,"[543.0,138.0,313.0,215.0]",0,0.939
test_pen1_tur_cam1_20250925_123150_0003,pen1_tur_cam1_20250925_123150.jpg,1280,720,"[868.5,142.0,181.0,239.0]",3,0.819
test_pen1_tur_cam1_20250925_123945_0004,pen1_tur_cam1_20250925_123945.jpg,1280,720,"[868.5,145.0,214.0,206.0]",3,0.819
test_pen1_tur_cam1_20250925_124646_0007,pen1_tur_cam1_20250925_124646.jpg,1280,720,"[1031.0,231.0,124.0,118.0]",3,0.818
test_pen1_tur_cam1_20250925_124747_0001,pen1_tur_cam1_20250925_124747.jpg,1280,720,"[801.5,156.0,184.0,186.0]",3,0.8184
test_pen1_tur_cam1_20250925_125147_0006,pen1_tur_cam1_20250925_125147.jpg,1280,720,"[823.0,159.5,172.0,180.0]",3,0.817
test_pen1_tur_cam1_20250925_131153_0002,pen1_tur_cam1_20250925_131153.jpg,1280,720,"[436.5,152.0,356.0,303.0]",1,0.936
test_pen1_tur_cam1_20250925_131955_0000,pen1_tur_cam1_20250925_131955.jpg,1280,720,"[551.5,374.5,278.0,251.0]",2,0.9883
test_pen1_tur_cam1_20250925_131955_0003,pen1_tur_cam1_20250925_131955.jpg,1280,720,"[457.7,111.7,374.0,222.0]",2,0.992
test_pen1_tur_cam1_20250925_132657_0008,pen1_tur_cam1_20250925_132657.jpg,1280,720,"[1036.5,209.5,95.0,109.0]",2,0.9917
test_pen1_tur_cam1_20250925_133459_0004,pen1_tur_cam1_20250925_133459.jpg,1280,720,"[844.5,151.5,234.0,226.0]",3,0.818
test_pen1_tur_cam1_20250925_134201_0005,pen1_tur_cam1_20250925_134201.jpg,1280,720,"[842.5,147.5,239.0,196.0]",3,0.817
test_pen1_tur_cam1_20250925_134303_0003,pen1_tur_cam1_20250925_134303.jpg,1280,720,"[841.5,148.0,250.0,193.0]",3,0.817
test_pen1_tur_cam1_20250925_134303_0007,pen1_tur_cam1_20250925_134303.jpg,1280,720,"[636.9,71.6,173.6,343.9]",2,0.9907
test_pen1_tur_cam1_20250925_135204_0000,pen1_tur_cam1_20250925_135204.jpg,1280,720,"[261.0,200.0,417.0,188.0]",2,0.9907
test_pen1_tur_cam1_20250925_135204_0004,pen1_tur_cam1_20250925_135204.jpg,1280,720,"[813.5,155.0,182.0,186.0]",3,0.817
test_pen1_tur_cam1_20250925_135305_0002,pen1_tur_cam1_20250925_135305.jpg,1280,720,"[844.0,146.0,237.0,184.0]",3,0.819
test_pen1_tur_cam1_20250925_135807_0003,pen1_tur_cam1_20250925_135807.jpg,1280,720,"[623.0,138.0,290.0,203.0]",3,0.817
test_pen1_tur_cam1_20250925_140007_0004,pen1_tur_cam1_20250925_140007.jpg,1280,720,"[791.5,147.0,189.0,165.0]",3,0.817
test_pen1_tur_cam1_20250925_140508_0001,pen1_tur_cam1_20250925_140508.jpg,1280,720,"[502.0,530.0,397.0,151.0]",4,0.851
test_pen1_tur_cam1_20250925_140508_0005,pen1_tur_cam1_20250925_140508.jpg,1280,720,"[1093.6,371.6,64.0,211.0]",4,0.8516
test_pen1_tur_cam1_20250925_140708_0003,pen1_tur_cam1_20250925_140708.jpg,1280,720,"[469.0,512.0,405.0,168.0]",4,0.85
test_pen1_tur_cam1_20250925_140708_0006,pen1_tur_cam1_20250925_140708.jpg,1280,720,"[1093.5,373.1,65.0,210.0]",4,0.859
test_pen1_tur_cam1_20250925_141711_0001,pen1_tur_cam1_20250925_141711.jpg,1280,720,"[453.0,505.5,437.0,170.0]",4,0.8535
test_pen1_tur_cam1_20250925_141711_0002,pen1_tur_cam1_20250925_141711.jpg,1280,720,"[823.5,355.0,228.0,226.0]",1,0.938
test_pen1_tur_cam1_20250925_142713_0005,pen1_tur_cam1_20250925_142713.jpg,1280,720,"[877.0,147.5,165.0,260.0]",3,0.818
test_pen1_tur_cam1_20250925_142713_0006,pen1_tur_cam1_20250925_142713.jpg,1280,720,"[1075.0,437.6,90.0,143.0]",2,0.992
test_pen1_tur_cam1_20250925_143015_0005,pen1_tur_cam1_20250925_143015.jpg,1280,720,"[837.0,142.5,199.0,251.0]",3,0.819
test_pen1_tur_cam1_20250925_144017_0001,pen1_tur_cam1_20250925_144017.jpg,1280,720,"[265.5,59.6,303.0,340.0]",2,0.9907
test_pen1_tur_cam1_20250925_154233_0001,pen1_tur_cam1_20250925_154233.jpg,1280,720,"[446.5,197.0,390.0,198.0]",2,0.988
test_pen1_tur_cam1_20250925_154335_0005,pen1_tur_cam1_20250925_154335.jpg,1280,720,"[1058.0,376.5,103.0,94.0]",2,0.982
test_pen1_tur_cam1_20250925_155537_0006,pen1_tur_cam1_20250925_155537.jpg,1280,720,"[1073.0,252.5,97.0,207.0]",2,0.98
test_pen1_tur_cam1_20250925_160540_0003,pen1_tur_cam1_20250925_160540.jpg,1280,720,"[230.0,134.5,201.0,361.0]",2,0.9907
test_pen1_tur_cam1_20250926_060034_0002,pen1_tur_cam1_20250926_060034.jpg,1280,720,"[535.0,375.5,278.0,291.0]",1,0.937
test_pen1_tur_cam1_20250926_064045_0001,pen1_tur_cam1_20250926_064045.jpg,1280,720,"[644.0,467.0,314.0,201.0]",1,0.938
test_pen1_tur_cam1_20250926_064045_0002,pen1_tur_cam1_20250926_064045.jpg,1280,720,"[529.5,33.0,305.0,208.0]",0,0.9375
test_pen1_tur_cam1_20250926_064747_0004,pen1_tur_cam1_20250926_064747.jpg,1280,720,"[660.5,476.5,307.0,206.0]",1,0.9375
test_pen1_tur_cam1_20250926_071555_0005,pen1_tur_cam1_20250926_071555.jpg,1280,720,"[392.0,35.0,312.0,267.0]",2,0.992
test_pen1_tur_cam1_20250926_071755_0000,pen1_tur_cam1_20250926_071755.jpg,1280,720,"[480.0,1.0,218.0,331.0]",2,0.985
test_pen1_tur_cam1_20250926_072056_0002,pen1_tur_cam1_20250926_072056.jpg,1280,720,"[369.5,470.5,357.0,214.0]",2,0.957
test_pen1_tur_cam1_20250926_072456_0005,pen1_tur_cam1_20250926_072456.jpg,1280,720,"[928.0,162.5,163.0,248.0]",3,0.818
test_pen1_tur_cam1_20250926_072558_0003,pen1_tur_cam1_20250926_072558.jpg,1280,720,"[842.0,164.5,164.0,222.0]",3,0.818
test_pen1_tur_cam1_20250926_072758_0002,pen1_tur_cam1_20250926_072758.jpg,1280,720,"[844.5,143.0,217.0,293.0]",3,0.8184
test_pen1_tur_cam1_20250926_072758_0006,pen1_tur_cam1_20250926_072758.jpg,1280,720,"[390.0,538.5,370.0,139.0]",4,0.86
test_pen1_tur_cam1_20250926_073459_0004,pen1_tur_cam1_20250926_073459.jpg,1280,720,"[846.0,146.5,246.0,187.0]",3,0.817
test_pen1_tur_cam1_20250926_073459_0005,pen1_tur_cam1_20250926_073459.jpg,1280,720,"[305.0,36.0,259.0,314.0]",2,0.987
test_pen1_tur_cam1_20250926_073600_0002,pen1_tur_cam1_20250926_073600.jpg,1280,720,"[278.0,222.0,360.0,197.0]",2,0.9907
test_pen1_tur_cam1_20250926_073800_0002,pen1_tur_cam1_20250926_073800.jpg,1280,720,"[421.5,240.5,227.0,337.0]",2,0.989
test_pen1_tur_cam1_20250926_074502_0001,pen1_tur_cam1_20250926_074502.jpg,1280,720,"[858.0,337.5,201.0,203.0]",3,0.817
test_pen1_tur_cam1_20250926_074803_0006,pen1_tur_cam1_20250926_074803.jpg,1280,720,"[979.5,188.5,137.0,107.0]",4,0.853
test_pen1_tur_cam1_20250926_080107_0001,pen1_tur_cam1_20250926_080107.jpg,1280,720,"[275.0,189.0,207.0,392.0]",2,0.9863
test_pen1_tur_cam1_20250926_080307_0001,pen1_tur_cam1_20250926_080307.jpg,1280,720,"[285.0,168.0,317.0,295.0]",2,0.983
test_pen1_tur_cam1_20250926_080307_0004,pen1_tur_cam1_20250926_080307.jpg,1280,720,"[802.0,169.0,176.0,200.0]",3,0.818
test_pen1_tur_cam1_20250926_081008_0007,pen1_tur_cam1_20250926_081008.jpg,1280,720,"[292.5,54.0,262.0,275.0]",2,0.992
test_pen1_tur_cam1_20250926_081309_0004,pen1_tur_cam1_20250926_081309.jpg,1280,720,"[841.0,144.0,253.0,171.0]",3,0.8184
test_pen1_tur_cam1_20250926_081611_0004,pen1_tur_cam1_20250926_081611.jpg,1280,720,"[886.5,168.0,224.0,241.0]",3,0.82
test_pen2_orb_cam2_20250922_104452_0002,pen2_orb_cam2_20250922_104452.jpg,1280,720,"[210.0,349.7,249.0,261.0]",2,0.992
test_pen2_orb_cam2_20250922_104552_0001,pen2_orb_cam2_20250922_104552.jpg,1280,720,"[235.5,376.5,243.0,281.0]",2,0.9897
test_pen2_orb_cam2_20250922_104652_0001,pen2_orb_cam2_20250922_104652.jpg,1280,720,"[354.0,221.0,211.0,252.0]",0,0.9375
test_pen2_orb_cam2_20250922_105154_0004,pen2_orb_cam2_20250922_105154.jpg,1280,720,"[394.0,73.0,125.0,183.0]",4,0.8555
test_pen2_orb_cam2_20250922_105254_0005,pen2_orb_cam2_20250922_105254.jpg,1280,720,"[387.0,72.5,125.0,188.0]",4,0.856
test_pen2_orb_cam2_20250922_105354_0004,pen2_orb_cam2_20250922_105354.jpg,1280,720,"[398.0,72.0,126.0,182.0]",4,0.855
test_pen2_orb_cam2_20250922_105455_0000,pen2_orb_cam2_20250922_105455.jpg,1280,720,"[153.5,402.0,286.0,316.0]",4,0.852
test_pen2_orb_cam2_20250922_105455_0005,pen2_orb_cam2_20250922_105455.jpg,1280,720,"[390.0,67.0,143.0,198.0]",4,0.852
test_pen2_orb_cam2_20250922_105724_0002,pen2_orb_cam2_20250922_105724.jpg,1280,720,"[160.5,415.5,213.0,302.0]",4,0.852
test_pen2_orb_cam2_20250923_080006_0000,pen2_orb_cam2_20250923_080006.jpg,1280,720,"[546.5,452.5,361.0,266.0]",1,0.938
test_pen2_orb_cam2_20250923_080006_0003,pen2_orb_cam2_20250923_080006.jpg,1280,720,"[877.0,461.5,198.0,257.0]",4,0.851
test_pen2_orb_cam2_20250923_080006_0004,pen2_orb_cam2_20250923_080006.jpg,1280,720,"[442.5,117.0,159.0,215.0]",1,0.937
test_pen2_orb_cam2_20250923_080006_0005,pen2_orb_cam2_20250923_080006.jpg,1280,720,"[584.0,81.5,254.0,100.0]",4,0.863
test_pen2_orb_cam2_20250923_080106_0001,pen2_orb_cam2_20250923_080106.jpg,1280,720,"[527.0,466.5,418.0,252.0]",1,0.939
test_pen2_orb_cam2_20250923_080106_0004,pen2_orb_cam2_20250923_080106.jpg,1280,720,"[440.5,117.0,153.0,215.0]",1,0.937
test_pen2_orb_cam2_20250923_081055_0000,pen2_orb_cam2_20250923_081055.jpg,1280,720,"[510.5,471.5,411.0,248.0]",1,0.9375
test_pen2_orb_cam2_20250923_081055_0005,pen2_orb_cam2_20250923_081055.jpg,1280,720,"[573.0,85.5,182.0,113.0]",0,0.9375
test_pen2_orb_cam2_20250923_081530_0000,pen2_orb_cam2_20250923_081530.jpg,1280,720,"[506.8,476.5,414.0,243.0]",1,0.939
test_pen2_orb_cam2_20250923_081630_0000,pen2_orb_cam2_20250923_081630.jpg,1280,720,"[507.0,475.5,414.0,244.0]",1,0.939
test_pen2_orb_cam2_20250923_081730_0000,pen2_orb_cam2_20250923_081730.jpg,1280,720,"[508.5,474.5,412.0,245.0]",1,0.9375
test_pen2_orb_cam2_20250923_081829_0000,pen2_orb_cam2_20250923_081829.jpg,1280,720,"[512.5,470.5,437.0,249.0]",1,0.938
test_pen2_orb_cam2_20250923_081929_0000,pen2_orb_cam2_20250923_081929.jpg,1280,720,"[514.0,462.0,423.0,257.0]",1,0.937
test_pen2_orb_cam2_20250923_082029_0000,pen2_orb_cam2_20250923_082029.jpg,1280,720,"[514.0,466.5,420.0,253.0]",1,0.9375
test_pen2_orb_cam2_20250923_082129_0000,pen2_orb_cam2_20250923_082129.jpg,1280,720,"[515.5,467.5,417.0,251.0]",1,0.9375
test_pen2_orb_cam2_20250923_082129_0003,pen2_orb_cam2_20250923_082129.jpg,1280,720,"[453.0,182.0,163.0,239.0]",1,0.937
test_pen2_orb_cam2_20250923_082932_0003,pen2_orb_cam2_20250923_082932.jpg,1280,720,"[454.5,184.0,161.0,239.0]",1,0.9375
test_pen2_orb_cam2_20250923_083032_0001,pen2_orb_cam2_20250923_083032.jpg,1280,720,"[516.0,476.0,412.0,243.0]",1,0.939
test_pen2_orb_cam2_20250923_083032_0006,pen2_orb_cam2_20250923_083032.jpg,1280,720,"[719.0,132.0,155.0,160.0]",0,0.9375
test_pen2_orb_cam2_20250923_083103_0000,pen2_orb_cam2_20250923_083103.jpg,1280,720,"[515.0,467.7,411.0,251.0]",1,0.939
test_pen2_orb_cam2_20250923_083203_0002,pen2_orb_cam2_20250923_083203.jpg,1280,720,"[848.0,464.0,212.0,254.0]",4,0.852
test_pen2_orb_cam2_20250923_083303_0000,pen2_orb_cam2_20250923_083303.jpg,1280,720,"[243.0,274.5,263.0,345.0]",1,0.937
test_pen2_orb_cam2_20250923_083803_0005,pen2_orb_cam2_20250923_083803.jpg,1280,720,"[744.5,107.0,134.0,174.0]",0,0.9375
test_pen2_orb_cam2_20250923_085006_0005,pen2_orb_cam2_20250923_085006.jpg,1280,720,"[716.0,129.0,158.0,173.0]",0,0.9375
test_pen2_orb_cam2_20250923_085107_0005,pen2_orb_cam2_20250923_085107.jpg,1280,720,"[710.0,129.0,164.0,166.0]",0,0.9375
test_pen2_orb_cam2_20250923_085147_0005,pen2_orb_cam2_20250923_085147.jpg,1280,720,"[713.5,129.5,162.0,165.0]",0,0.9375
test_pen2_orb_cam2_20250923_085245_0005,pen2_orb_cam2_20250923_085245.jpg,1280,720,"[719.0,130.0,154.0,176.0]",0,0.9375
test_pen2_orb_cam2_20250923_085602_0001,pen2_orb_cam2_20250923_085602.jpg,1280,720,"[838.5,473.5,225.0,245.0]",4,0.851
test_pen2_orb_cam2_20250923_085602_0006,pen2_orb_cam2_20250923_085602.jpg,1280,720,"[716.5,131.0,158.0,164.0]",0,0.939
test_pen2_orb_cam2_20250923_090215_0003,pen2_orb_cam2_20250923_090215.jpg,1280,720,"[404.5,273.5,156.0,314.0]",4,0.8516
test_pen2_orb_cam2_20250923_090215_0004,pen2_orb_cam2_20250923_090215.jpg,1280,720,"[859.5,476.0,207.0,242.0]",4,0.854
test_pen2_orb_cam2_20250923_090315_0002,pen2_orb_cam2_20250923_090315.jpg,1280,720,"[860.5,476.0,210.0,242.0]",4,0.852
test_pen2_orb_cam2_20250923_090315_0004,pen2_orb_cam2_20250923_090315.jpg,1280,720,"[411.5,273.0,152.0,316.0]",4,0.851
test_pen2_orb_cam2_20250923_090657_0001,pen2_orb_cam2_20250923_090657.jpg,1280,720,"[378.0,281.5,241.0,320.0]",1,0.9375
test_pen2_orb_cam2_20250923_090757_0001,pen2_orb_cam2_20250923_090757.jpg,1280,720,"[388.5,282.5,230.0,316.0]",1,0.938
test_pen2_orb_cam2_20250923_090757_0002,pen2_orb_cam2_20250923_090757.jpg,1280,720,"[213.5,489.5,331.0,229.0]",0,0.9375
test_pen2_orb_cam2_20250923_090814_0000,pen2_orb_cam2_20250923_090814.jpg,1280,720,"[391.8,283.0,226.0,316.0]",1,0.9375
test_pen2_orb_cam2_20250923_090814_0001,pen2_orb_cam2_20250923_090814.jpg,1280,720,"[213.3,490.0,331.0,229.0]",0,0.9375
test_pen2_orb_cam2_20250923_091306_0001,pen2_orb_cam2_20250923_091306.jpg,1280,720,"[397.0,288.5,226.0,311.0]",1,0.938
test_pen2_orb_cam2_20250923_091506_0001,pen2_orb_cam2_20250923_091506.jpg,1280,720,"[380.0,289.5,243.0,314.0]",1,0.938
test_pen2_orb_cam2_20250923_091650_0000,pen2_orb_cam2_20250923_091650.jpg,1280,720,"[380.0,287.0,245.0,316.0]",1,0.938
test_pen2_orb_cam2_20250923_092406_0000,pen2_orb_cam2_20250923_092406.jpg,1280,720,"[408.5,291.5,224.0,312.0]",1,0.939
test_pen2_orb_cam2_20250923_092757_0001,pen2_orb_cam2_20250923_092757.jpg,1280,720,"[376.0,290.5,206.0,316.0]",1,0.937
test_pen2_orb_cam2_20250923_092757_0006,pen2_orb_cam2_20250923_092757.jpg,1280,720,"[435.5,72.5,163.0,142.0]",2,0.9517
test_pen2_orb_cam2_20250923_092958_0002,pen2_orb_cam2_20250923_092958.jpg,1280,720,"[364.5,291.5,256.0,309.0]",1,0.939
test_pen2_orb_cam2_20250923_093139_0000,pen2_orb_cam2_20250923_093139.jpg,1280,720,"[366.0,290.5,265.0,316.0]",1,0.938
test_pen2_orb_cam2_20250923_093340_0001,pen2_orb_cam2_20250923_093340.jpg,1280,720,"[266.5,239.0,221.0,295.0]",4,0.854
test_pen2_orb_cam2_20250923_093440_0002,pen2_orb_cam2_20250923_093440.jpg,1280,720,"[385.5,207.5,226.0,184.0]",2,0.9907
test_pen2_orb_cam2_20250923_093840_0000,pen2_orb_cam2_20250923_093840.jpg,1280,720,"[231.5,276.0,255.0,377.0]",4,0.8574
test_pen2_orb_cam2_20250923_093940_0001,pen2_orb_cam2_20250923_093940.jpg,1280,720,"[231.5,278.0,223.0,419.0]",4,0.859
test_pen2_orb_cam2_20250923_094041_0001,pen2_orb_cam2_20250923_094041.jpg,1280,720,"[232.0,277.5,222.0,415.0]",4,0.865
test_pen2_orb_cam2_20250923_094041_0004,pen2_orb_cam2_20250923_094041.jpg,1280,720,"[386.5,73.5,130.0,188.0]",4,0.858
test_pen2_orb_cam2_20250923_094817_0003,pen2_orb_cam2_20250923_094817.jpg,1280,720,"[218.0,447.5,201.0,270.0]",4,0.851
test_pen2_orb_cam2_20250923_094817_0006,pen2_orb_cam2_20250923_094817.jpg,1280,720,"[658.5,40.5,194.0,111.0]",2,0.99
test_pen2_orb_cam2_20250923_094917_0001,pen2_orb_cam2_20250923_094917.jpg,1280,720,"[213.5,436.0,188.0,281.0]",4,0.859
test_pen2_orb_cam2_20250923_095234_0003,pen2_orb_cam2_20250923_095234.jpg,1280,720,"[394.0,76.0,149.0,172.0]",4,0.85
test_pen2_orb_cam2_20250923_095234_0004,pen2_orb_cam2_20250923_095234.jpg,1280,720,"[588.5,84.5,241.0,108.0]",0,0.94
test_pen2_orb_cam2_20250923_095418_0002,pen2_orb_cam2_20250923_095418.jpg,1280,720,"[387.0,76.0,155.0,172.0]",4,0.853
test_pen2_orb_cam2_20250923_095418_0005,pen2_orb_cam2_20250923_095418.jpg,1280,720,"[589.0,85.5,239.0,106.0]",0,0.9395
test_pen2_orb_cam2_20250923_095518_0004,pen2_orb_cam2_20250923_095518.jpg,1280,720,"[583.5,85.5,245.0,97.0]",0,0.9395
test_pen2_orb_cam2_20250923_095604_0005,pen2_orb_cam2_20250923_095604.jpg,1280,720,"[581.5,83.0,250.0,108.0]",0,0.9395
test_pen2_orb_cam2_20250923_095708_0006,pen2_orb_cam2_20250923_095708.jpg,1280,720,"[583.0,85.0,247.0,106.0]",0,0.94
test_pen2_orb_cam2_20250923_095751_0003,pen2_orb_cam2_20250923_095751.jpg,1280,720,"[588.5,85.0,234.0,112.0]",0,0.9395
test_pen2_orb_cam2_20250923_095751_0004,pen2_orb_cam2_20250923_095751.jpg,1280,720,"[605.5,277.5,276.0,251.0]",3,0.8164
test_pen2_orb_cam2_20250923_095838_0003,pen2_orb_cam2_20250923_095838.jpg,1280,720,"[412.5,81.0,125.0,176.0]",4,0.8516
test_pen2_orb_cam2_20250923_095838_0004,pen2_orb_cam2_20250923_095838.jpg,1280,720,"[588.8,85.5,238.0,112.0]",0,0.9395
test_pen2_orb_cam2_20250923_100035_0004,pen2_orb_cam2_20250923_100035.jpg,1280,720,"[401.5,82.0,120.0,178.0]",4,0.854
test_pen2_orb_cam2_20250923_100035_0005,pen2_orb_cam2_20250923_100035.jpg,1280,720,"[587.5,84.0,241.0,111.0]",0,0.94
test_pen2_orb_cam2_20250923_100139_0002,pen2_orb_cam2_20250923_100139.jpg,1280,720,"[393.0,81.5,129.0,163.0]",4,0.861
test_pen2_orb_cam2_20250923_100240_0005,pen2_orb_cam2_20250923_100240.jpg,1280,720,"[390.0,81.0,133.0,161.0]",4,0.8574
test_pen2_orb_cam2_20250923_100340_0006,pen2_orb_cam2_20250923_100340.jpg,1280,720,"[422.0,66.0,171.0,146.0]",2,0.992
test_pen2_orb_cam2_20250923_100508_0004,pen2_orb_cam2_20250923_100508.jpg,1280,720,"[429.5,272.0,135.0,330.0]",4,0.8516
test_pen2_orb_cam2_20250923_100701_0001,pen2_orb_cam2_20250923_100701.jpg,1280,720,"[201.5,434.5,197.0,283.0]",4,0.857
test_pen2_orb_cam2_20250923_100935_0005,pen2_orb_cam2_20250923_100935.jpg,1280,720,"[593.5,80.5,234.0,104.0]",4,0.8555
test_pen2_orb_cam2_20250923_101035_0004,pen2_orb_cam2_20250923_101035.jpg,1280,720,"[574.5,82.0,259.0,104.0]",4,0.8613
test_pen2_orb_cam2_20250923_101245_0003,pen2_orb_cam2_20250923_101245.jpg,1280,720,"[578.0,82.5,246.0,106.0]",4,0.859
test_pen2_orb_cam2_20250923_101245_0006,pen2_orb_cam2_20250923_101245.jpg,1280,720,"[462.0,323.5,153.0,301.0]",2,0.9883
test_pen2_orb_cam2_20250923_101706_0001,pen2_orb_cam2_20250923_101706.jpg,1280,720,"[170.5,421.0,185.0,297.0]",4,0.857
test_pen2_orb_cam2_20250923_101749_0000,pen2_orb_cam2_20250923_101749.jpg,1280,720,"[355.5,391.0,200.0,327.0]",4,0.857
test_pen2_orb_cam2_20250923_102014_0004,pen2_orb_cam2_20250923_102014.jpg,1280,720,"[860.0,479.0,199.0,239.0]",4,0.858
test_pen2_orb_cam2_20250923_102100_0002,pen2_orb_cam2_20250923_102100.jpg,1280,720,"[861.5,486.0,209.0,232.0]",4,0.859
test_pen2_orb_cam2_20250923_102559_0000,pen2_orb_cam2_20250923_102559.jpg,1280,720,"[177.5,397.0,313.0,322.0]",4,0.853
test_pen2_orb_cam2_20250923_102659_0000,pen2_orb_cam2_20250923_102659.jpg,1280,720,"[173.0,392.5,317.0,326.0]",4,0.853
test_pen2_orb_cam2_20250923_103421_0004,pen2_orb_cam2_20250923_103421.jpg,1280,720,"[299.0,213.0,168.0,217.0]",4,0.8574
test_pen2_orb_cam2_20250923_103522_0003,pen2_orb_cam2_20250923_103522.jpg,1280,720,"[304.0,202.5,171.0,277.0]",4,0.853
test_pen2_orb_cam2_20250923_103722_0002,pen2_orb_cam2_20250923_103722.jpg,1280,720,"[304.0,187.0,175.0,298.0]",4,0.8535
test_pen2_orb_cam2_20250923_103749_0002,pen2_orb_cam2_20250923_103749.jpg,1280,720,"[293.0,206.0,181.0,260.0]",4,0.854
test_pen2_orb_cam2_20250923_103849_0002,pen2_orb_cam2_20250923_103849.jpg,1280,720,"[298.2,187.0,177.0,317.0]",2,0.987
test_pen2_orb_cam2_20250923_103949_0005,pen2_orb_cam2_20250923_103949.jpg,1280,720,"[778.5,110.2,101.0,169.0]",4,0.851
test_pen2_orb_cam2_20250923_104049_0003,pen2_orb_cam2_20250923_104049.jpg,1280,720,"[160.5,485.0,202.0,233.0]",4,0.856
test_pen2_orb_cam2_20250923_104149_0003,pen2_orb_cam2_20250923_104149.jpg,1280,720,"[161.0,481.0,202.0,237.0]",4,0.858
test_pen2_orb_cam2_20250923_104149_0004,pen2_orb_cam2_20250923_104149.jpg,1280,720,"[856.0,468.5,217.0,250.0]",4,0.854
test_pen2_orb_cam2_20250923_104249_0004,pen2_orb_cam2_20250923_104249.jpg,1280,720,"[158.5,478.5,205.0,239.0]",4,0.857
test_pen2_orb_cam2_20250923_104337_0004,pen2_orb_cam2_20250923_104337.jpg,1280,720,"[162.0,480.0,202.0,238.0]",4,0.852
test_pen2_orb_cam2_20250923_104337_0006,pen2_orb_cam2_20250923_104337.jpg,1280,720,"[750.8,50.5,140.0,242.0]",2,0.9917
test_pen2_orb_cam2_20250923_104843_0004,pen2_orb_cam2_20250923_104843.jpg,1280,720,"[162.3,475.7,224.0,241.0]",4,0.859
test_pen2_orb_cam2_20250923_104944_0003,pen2_orb_cam2_20250923_104944.jpg,1280,720,"[160.5,481.2,226.0,236.0]",4,0.854
test_pen2_orb_cam2_20250923_104944_0006,pen2_orb_cam2_20250923_104944.jpg,1280,720,"[742.5,111.5,155.0,200.0]",2,0.989
test_pen2_orb_cam2_20250923_105144_0002,pen2_orb_cam2_20250923_105144.jpg,1280,720,"[364.5,426.0,354.0,291.0]",2,0.992
test_pen2_orb_cam2_20250923_105144_0004,pen2_orb_cam2_20250923_105144.jpg,1280,720,"[150.7,477.2,231.0,240.0]",4,0.8516
test_pen2_orb_cam2_20250923_105545_0003,pen2_orb_cam2_20250923_105545.jpg,1280,720,"[855.2,479.5,221.0,239.0]",4,0.851
test_pen2_orb_cam2_20250923_105745_0002,pen2_orb_cam2_20250923_105745.jpg,1280,720,"[859.5,475.8,223.0,242.0]",4,0.852
test_pen2_orb_cam2_20250923_105846_0003,pen2_orb_cam2_20250923_105846.jpg,1280,720,"[860.5,475.2,221.0,242.0]",4,0.8516
test_pen2_orb_cam2_20250923_105946_0006,pen2_orb_cam2_20250923_105946.jpg,1280,720,"[860.0,474.0,222.0,244.0]",4,0.853
test_pen2_orb_cam2_20250924_082155_0003,pen2_orb_cam2_20250924_082155.jpg,1280,720,"[378.0,94.5,194.0,195.0]",1,0.9375
test_pen2_orb_cam2_20250924_082255_0003,pen2_orb_cam2_20250924_082255.jpg,1280,720,"[378.5,94.5,193.0,195.0]",1,0.9375
test_pen2_orb_cam2_20250924_082455_0003,pen2_orb_cam2_20250924_082455.jpg,1280,720,"[378.5,95.0,194.0,195.0]",1,0.9375
test_pen2_orb_cam2_20250924_082556_0006,pen2_orb_cam2_20250924_082556.jpg,1280,720,"[707.0,139.0,164.0,174.0]",0,0.937
test_pen2_orb_cam2_20250924_083320_0002,pen2_orb_cam2_20250924_083320.jpg,1280,720,"[483.0,80.0,114.0,187.0]",4,0.856
test_pen2_orb_cam2_20250924_083421_0003,pen2_orb_cam2_20250924_083421.jpg,1280,720,"[484.0,79.0,123.0,187.0]",4,0.854
test_pen2_orb_cam2_20250924_083421_0004,pen2_orb_cam2_20250924_083421.jpg,1280,720,"[602.0,80.0,239.0,120.0]",4,0.856
test_pen2_orb_cam2_20250924_083621_0000,pen2_orb_cam2_20250924_083621.jpg,1280,720,"[403.0,344.0,253.0,363.0]",0,0.9395
test_pen2_orb_cam2_20250924_083721_0006,pen2_orb_cam2_20250924_083721.jpg,1280,720,"[601.5,62.0,247.0,129.0]",2,0.9897
test_pen2_orb_cam2_20250924_083804_0006,pen2_orb_cam2_20250924_083804.jpg,1280,720,"[459.0,92.0,151.0,193.0]",4,0.863
test_pen2_orb_cam2_20250924_084204_0006,pen2_orb_cam2_20250924_084204.jpg,1280,720,"[471.0,69.5,126.0,184.0]",4,0.857
test_pen2_orb_cam2_20250924_085521_0000,pen2_orb_cam2_20250924_085521.jpg,1280,720,"[254.5,302.5,256.0,374.0]",1,0.936
test_pen2_orb_cam2_20250924_085521_0004,pen2_orb_cam2_20250924_085521.jpg,1280,720,"[373.5,93.0,169.0,169.0]",1,0.937
test_pen2_orb_cam2_20250924_090103_0003,pen2_orb_cam2_20250924_090103.jpg,1280,720,"[568.5,79.0,262.0,110.0]",1,0.937
test_pen2_orb_cam2_20250924_090203_0004,pen2_orb_cam2_20250924_090203.jpg,1280,720,"[569.0,79.5,261.0,110.0]",1,0.9375
test_pen2_orb_cam2_20250924_090304_0004,pen2_orb_cam2_20250924_090304.jpg,1280,720,"[569.5,83.5,260.0,106.0]",1,0.9375
test_pen2_orb_cam2_20250924_091030_0000,pen2_orb_cam2_20250924_091030.jpg,1280,720,"[312.5,313.5,255.0,342.0]",1,0.9375
test_pen2_orb_cam2_20250924_091030_0002,pen2_orb_cam2_20250924_091030.jpg,1280,720,"[564.0,166.0,155.0,286.0]",2,0.992
test_pen2_orb_cam2_20250924_091030_0005,pen2_orb_cam2_20250924_091030.jpg,1280,720,"[484.5,132.0,143.0,203.0]",1,0.937
test_pen2_orb_cam2_20250924_091030_0006,pen2_orb_cam2_20250924_091030.jpg,1280,720,"[569.5,79.0,260.0,108.0]",1,0.939
test_pen2_orb_cam2_20250924_091131_0000,pen2_orb_cam2_20250924_091131.jpg,1280,720,"[307.5,314.0,252.0,356.0]",1,0.9375
test_pen2_orb_cam2_20250924_091157_0000,pen2_orb_cam2_20250924_091157.jpg,1280,720,"[308.5,316.5,242.0,333.0]",1,0.938
test_pen2_orb_cam2_20250924_091309_0005,pen2_orb_cam2_20250924_091309.jpg,1280,720,"[570.0,78.5,259.0,110.0]",1,0.937
test_pen2_orb_cam2_20250924_091359_0003,pen2_orb_cam2_20250924_091359.jpg,1280,720,"[568.5,79.5,260.0,110.0]",1,0.9375
test_pen2_orb_cam2_20250924_091359_0005,pen2_orb_cam2_20250924_091359.jpg,1280,720,"[465.5,131.5,172.0,208.0]",1,0.937
test_pen2_orb_cam2_20250924_092337_0002,pen2_orb_cam2_20250924_092337.jpg,1280,720,"[356.5,105.5,165.0,202.0]",1,0.936
test_pen2_orb_cam2_20250924_092437_0005,pen2_orb_cam2_20250924_092437.jpg,1280,720,"[717.0,131.5,159.0,143.0]",0,0.9375
test_pen2_orb_cam2_20250924_093654_0005,pen2_orb_cam2_20250924_093654.jpg,1280,720,"[712.5,132.0,167.7,166.8]",0,0.938
test_pen2_orb_cam2_20250924_094009_0005,pen2_orb_cam2_20250924_094009.jpg,1280,720,"[717.0,133.6,156.0,143.0]",0,0.938
test_pen2_orb_cam2_20250924_094109_0003,pen2_orb_cam2_20250924_094109.jpg,1280,720,"[546.5,67.0,250.0,153.0]",2,0.9907
test_pen2_orb_cam2_20250924_094210_0005,pen2_orb_cam2_20250924_094210.jpg,1280,720,"[456.0,135.5,161.0,210.0]",1,0.937
test_pen2_orb_cam2_20250924_094210_0006,pen2_orb_cam2_20250924_094210.jpg,1280,720,"[711.0,134.0,162.0,190.0]",0,0.9375
test_pen2_orb_cam2_20250924_094412_0004,pen2_orb_cam2_20250924_094412.jpg,1280,720,"[717.0,133.0,156.0,181.0]",0,0.9375
test_pen2_orb_cam2_20250924_094431_0000,pen2_orb_cam2_20250924_094431.jpg,1280,720,"[356.0,392.0,425.0,324.0]",3,0.819
test_pen2_orb_cam2_20250924_094431_0005,pen2_orb_cam2_20250924_094431.jpg,1280,720,"[715.5,133.5,158.0,174.0]",0,0.9375
test_pen2_orb_cam2_20250924_094622_0002,pen2_orb_cam2_20250924_094622.jpg,1280,720,"[215.5,310.0,201.0,359.0]",4,0.859
test_pen2_orb_cam2_20250924_095023_0006,pen2_orb_cam2_20250924_095023.jpg,1280,720,"[709.0,133.5,164.0,161.0]",0,0.9375
test_pen2_orb_cam2_20250924_095341_0006,pen2_orb_cam2_20250924_095341.jpg,1280,720,"[707.8,134.0,164.0,168.0]",0,0.9375
test_pen2_orb_cam2_20250924_095442_0002,pen2_orb_cam2_20250924_095442.jpg,1280,720,"[355.8,296.0,265.0,356.0]",1,0.936
test_pen2_orb_cam2_20250924_095442_0004,pen2_orb_cam2_20250924_095442.jpg,1280,720,"[575.0,72.5,275.0,110.0]",0,0.939
test_pen2_orb_cam2_20250924_095442_0006,pen2_orb_cam2_20250924_095442.jpg,1280,720,"[709.0,134.0,166.0,161.0]",0,0.939
test_pen2_orb_cam2_20250924_095502_0003,pen2_orb_cam2_20250924_095502.jpg,1280,720,"[361.5,294.0,262.0,340.0]",1,0.937
test_pen2_orb_cam2_20250924_095502_0005,pen2_orb_cam2_20250924_095502.jpg,1280,720,"[561.5,84.5,267.0,92.0]",0,0.939
test_pen2_orb_cam2_20250924_095502_0006,pen2_orb_cam2_20250924_095502.jpg,1280,720,"[710.0,133.0,167.0,160.0]",0,0.9375
test_pen2_orb_cam2_20250924_095603_0003,pen2_orb_cam2_20250924_095603.jpg,1280,720,"[353.5,296.5,270.0,329.0]",1,0.938
test_pen2_orb_cam2_20250924_095603_0005,pen2_orb_cam2_20250924_095603.jpg,1280,720,"[560.8,84.5,269.0,92.0]",0,0.939
test_pen2_orb_cam2_20250924_095703_0003,pen2_orb_cam2_20250924_095703.jpg,1280,720,"[356.0,296.0,257.0,332.0]",1,0.9375
test_pen2_orb_cam2_20250924_095816_0004,pen2_orb_cam2_20250924_095816.jpg,1280,720,"[362.5,295.7,247.0,332.0]",1,0.938
test_pen2_orb_cam2_20250924_095916_0003,pen2_orb_cam2_20250924_095916.jpg,1280,720,"[574.5,113.5,272.0,108.0]",4,0.852
test_pen2_orb_cam2_20250924_095916_0004,pen2_orb_cam2_20250924_095916.jpg,1280,720,"[363.0,295.5,259.0,342.0]",1,0.938
test_pen2_orb_cam2_20250924_100417_0004,pen2_orb_cam2_20250924_100417.jpg,1280,720,"[571.0,116.5,275.0,106.0]",4,0.8555
test_pen2_orb_cam2_20250924_100623_0003,pen2_orb_cam2_20250924_100623.jpg,1280,720,"[362.5,297.0,270.0,358.0]",1,0.9375
test_pen2_orb_cam2_20250924_100623_0004,pen2_orb_cam2_20250924_100623.jpg,1280,720,"[574.5,113.0,273.0,110.0]",4,0.856
test_pen2_orb_cam2_20250924_100724_0002,pen2_orb_cam2_20250924_100724.jpg,1280,720,"[361.5,298.0,269.0,355.0]",1,0.9375
test_pen2_orb_cam2_20250924_101225_0002,pen2_orb_cam2_20250924_101225.jpg,1280,720,"[348.2,295.7,292.0,356.0]",1,0.9375
test_pen2_orb_cam2_20250924_101319_0002,pen2_orb_cam2_20250924_101319.jpg,1280,720,"[355.5,297.5,283.0,355.0]",1,0.936
test_pen2_orb_cam2_20250924_101319_0004,pen2_orb_cam2_20250924_101319.jpg,1280,720,"[567.5,78.0,242.0,111.0]",4,0.8594
test_pen2_orb_cam2_20250924_101350_0003,pen2_orb_cam2_20250924_101350.jpg,1280,720,"[350.0,298.0,288.0,359.0]",1,0.9375
test_pen2_orb_cam2_20250924_101350_0005,pen2_orb_cam2_20250924_101350.jpg,1280,720,"[580.0,70.0,116.0,149.0]",2,0.992
test_pen2_orb_cam2_20250924_101708_0002,pen2_orb_cam2_20250924_101708.jpg,1280,720,"[361.0,297.5,277.0,349.0]",1,0.936
test_pen2_orb_cam2_20250924_102152_0000,pen2_orb_cam2_20250924_102152.jpg,1280,720,"[374.5,297.0,265.0,346.0]",1,0.9375
test_pen2_orb_cam2_20250924_102352_0003,pen2_orb_cam2_20250924_102352.jpg,1280,720,"[394.0,302.0,254.0,349.0]",1,0.94
test_pen2_orb_cam2_20250924_102452_0000,pen2_orb_cam2_20250924_102452.jpg,1280,720,"[205.5,309.5,238.0,408.0]",2,0.9917
test_pen2_orb_cam2_20250924_102552_0000,pen2_orb_cam2_20250924_102552.jpg,1280,720,"[199.5,314.5,270.0,403.0]",2,0.9907
test_pen2_orb_cam2_20250924_103153_0004,pen2_orb_cam2_20250924_103153.jpg,1280,720,"[648.5,20.5,216.0,132.0]",2,0.986
test_pen2_orb_cam2_20250924_103354_0003,pen2_orb_cam2_20250924_103354.jpg,1280,720,"[624.0,41.7,237.0,127.0]",2,0.978
test_pen2_orb_cam2_20250924_103655_0000,pen2_orb_cam2_20250924_103655.jpg,1280,720,"[649.5,411.0,389.0,306.0]",2,0.992
test_pen2_orb_cam2_20250924_103655_0002,pen2_orb_cam2_20250924_103655.jpg,1280,720,"[295.5,393.0,254.0,325.0]",2,0.9673
test_pen2_orb_cam2_20250924_105859_0002,pen2_orb_cam2_20250924_105859.jpg,1280,720,"[468.5,185.0,292.0,168.0]",0,0.939
test_pen2_orb_cam2_20250924_105859_0003,pen2_orb_cam2_20250924_105859.jpg,1280,720,"[570.0,79.5,275.0,121.0]",1,0.9375
test_pen2_orb_cam2_20250924_105859_0006,pen2_orb_cam2_20250924_105859.jpg,1280,720,"[300.0,236.0,193.0,252.0]",0,0.94
test_pen2_orb_cam2_20250925_080102_0002,pen2_orb_cam2_20250925_080102.jpg,1280,720,"[580.5,79.5,273.0,113.0]",1,0.936
test_pen2_orb_cam2_20250925_080202_0002,pen2_orb_cam2_20250925_080202.jpg,1280,720,"[579.0,79.5,277.0,112.0]",1,0.9375
test_pen2_orb_cam2_20250925_080402_0003,pen2_orb_cam2_20250925_080402.jpg,1280,720,"[578.5,78.7,241.0,125.0]",1,0.936
test_pen2_orb_cam2_20250925_081158_0002,pen2_orb_cam2_20250925_081158.jpg,1280,720,"[599.0,83.0,227.0,138.0]",4,0.859
test_pen2_orb_cam2_20250925_081258_0001,pen2_orb_cam2_20250925_081258.jpg,1280,720,"[338.0,264.5,266.0,310.0]",4,0.8574
test_pen2_orb_cam2_20250925_081258_0002,pen2_orb_cam2_20250925_081258.jpg,1280,720,"[603.5,83.0,223.0,140.0]",4,0.857
test_pen2_orb_cam2_20250925_081602_0000,pen2_orb_cam2_20250925_081602.jpg,1280,720,"[659.5,392.5,396.0,310.0]",4,0.8555
test_pen2_orb_cam2_20250925_081602_0005,pen2_orb_cam2_20250925_081602.jpg,1280,720,"[555.5,85.5,265.0,125.0]",1,0.939
test_pen2_orb_cam2_20250925_081655_0001,pen2_orb_cam2_20250925_081655.jpg,1280,720,"[557.0,85.5,263.0,127.0]",1,0.937
test_pen2_orb_cam2_20250925_081842_0002,pen2_orb_cam2_20250925_081842.jpg,1280,720,"[557.5,85.5,259.0,118.0]",1,0.9375
test_pen2_orb_cam2_20250925_082026_0000,pen2_orb_cam2_20250925_082026.jpg,1280,720,"[652.5,388.0,387.0,280.0]",4,0.852
test_pen2_orb_cam2_20250925_082126_0002,pen2_orb_cam2_20250925_082126.jpg,1280,720,"[563.5,85.5,248.0,119.0]",1,0.937
test_pen2_orb_cam2_20250925_082228_0003,pen2_orb_cam2_20250925_082228.jpg,1280,720,"[563.0,85.5,248.0,119.0]",1,0.937
test_pen2_orb_cam2_20250925_082328_0003,pen2_orb_cam2_20250925_082328.jpg,1280,720,"[564.5,85.5,248.0,119.0]",1,0.9375
test_pen2_orb_cam2_20250925_082429_0001,pen2_orb_cam2_20250925_082429.jpg,1280,720,"[556.5,85.5,262.0,137.0]",1,0.939
test_pen2_orb_cam2_20250925_082529_0002,pen2_orb_cam2_20250925_082529.jpg,1280,720,"[566.5,85.5,253.0,137.0]",1,0.9395
test_pen2_orb_cam2_20250925_082629_0001,pen2_orb_cam2_20250925_082629.jpg,1280,720,"[602.0,85.0,219.0,139.0]",4,0.8516
test_pen2_orb_cam2_20250925_082729_0003,pen2_orb_cam2_20250925_082729.jpg,1280,720,"[601.0,85.5,223.0,142.0]",4,0.8516
test_pen2_orb_cam2_20250925_082829_0003,pen2_orb_cam2_20250925_082829.jpg,1280,720,"[323.5,209.5,200.0,271.0]",0,0.938
test_pen2_orb_cam2_20250925_082926_0000,pen2_orb_cam2_20250925_082926.jpg,1280,720,"[249.5,392.5,380.0,326.0]",1,0.9375
test_pen2_orb_cam2_20250925_082926_0002,pen2_orb_cam2_20250925_082926.jpg,1280,720,"[326.5,209.5,191.0,269.0]",0,0.938
test_pen2_orb_cam2_20250925_083027_0005,pen2_orb_cam2_20250925_083027.jpg,1280,720,"[501.0,79.0,167.0,100.0]",4,0.851
test_pen2_orb_cam2_20250925_083420_0004,pen2_orb_cam2_20250925_083420.jpg,1280,720,"[602.5,22.0,193.0,158.0]",2,0.992
test_pen2_orb_cam2_20250925_083520_0002,pen2_orb_cam2_20250925_083520.jpg,1280,720,"[419.0,88.0,109.0,192.0]",4,0.861
test_pen2_orb_cam2_20250925_083721_0002,pen2_orb_cam2_20250925_083721.jpg,1280,720,"[412.0,82.5,122.0,184.0]",4,0.8574
test_pen2_orb_cam2_20250925_084259_0006,pen2_orb_cam2_20250925_084259.jpg,1280,720,"[674.2,90.5,205.0,175.0]",2,0.9863
test_pen2_orb_cam2_20250925_084459_0004,pen2_orb_cam2_20250925_084459.jpg,1280,720,"[382.0,69.0,125.0,190.0]",4,0.856
test_pen2_orb_cam2_20250925_085341_0004,pen2_orb_cam2_20250925_085341.jpg,1280,720,"[667.0,147.0,154.0,150.0]",4,0.853
test_pen2_orb_cam2_20250925_090852_0005,pen2_orb_cam2_20250925_090852.jpg,1280,720,"[645.0,147.5,176.0,158.0]",0,0.9375
test_pen2_orb_cam2_20250925_091255_0000,pen2_orb_cam2_20250925_091255.jpg,1280,720,"[530.5,447.5,367.0,271.0]",1,0.939
test_pen2_orb_cam2_20250925_091610_0000,pen2_orb_cam2_20250925_091610.jpg,1280,720,"[525.7,447.7,370.0,271.0]",1,0.939
test_pen2_orb_cam2_20250925_091610_0003,pen2_orb_cam2_20250925_091610.jpg,1280,720,"[376.5,89.0,167.0,196.0]",1,0.937
test_pen2_orb_cam2_20250925_092121_0001,pen2_orb_cam2_20250925_092121.jpg,1280,720,"[376.8,91.5,160.0,196.0]",1,0.937
test_pen2_orb_cam2_20250925_092121_0003,pen2_orb_cam2_20250925_092121.jpg,1280,720,"[505.5,80.0,228.0,115.0]",0,0.938
test_pen2_orb_cam2_20250925_092203_0003,pen2_orb_cam2_20250925_092203.jpg,1280,720,"[738.0,137.5,114.0,157.0]",4,0.854
test_pen2_orb_cam2_20250925_092440_0003,pen2_orb_cam2_20250925_092440.jpg,1280,720,"[506.5,80.5,226.0,123.0]",0,0.939
test_pen2_orb_cam2_20250925_092540_0004,pen2_orb_cam2_20250925_092540.jpg,1280,720,"[377.0,92.0,166.0,196.0]",1,0.937
test_pen2_orb_cam2_20250925_092540_0005,pen2_orb_cam2_20250925_092540.jpg,1280,720,"[508.5,81.0,231.0,122.0]",0,0.939
test_pen2_orb_cam2_20250925_092641_0003,pen2_orb_cam2_20250925_092641.jpg,1280,720,"[376.8,91.5,165.0,197.0]",1,0.937
test_pen2_orb_cam2_20250925_092641_0005,pen2_orb_cam2_20250925_092641.jpg,1280,720,"[510.0,80.0,231.0,125.0]",0,0.939
test_pen2_orb_cam2_20250925_092740_0003,pen2_orb_cam2_20250925_092740.jpg,1280,720,"[375.5,91.5,165.0,197.0]",1,0.936
test_pen2_orb_cam2_20250925_092740_0005,pen2_orb_cam2_20250925_092740.jpg,1280,720,"[509.0,80.0,231.0,126.0]",0,0.939
test_pen2_orb_cam2_20250925_092840_0003,pen2_orb_cam2_20250925_092840.jpg,1280,720,"[223.0,489.0,270.0,229.0]",4,0.854
test_pen2_orb_cam2_20250925_092840_0005,pen2_orb_cam2_20250925_092840.jpg,1280,720,"[509.5,81.0,230.0,125.0]",0,0.939
test_pen2_orb_cam2_20250925_092940_0002,pen2_orb_cam2_20250925_092940.jpg,1280,720,"[384.5,89.5,162.0,198.0]",1,0.937
test_pen2_orb_cam2_20250925_092940_0003,pen2_orb_cam2_20250925_092940.jpg,1280,720,"[504.0,81.0,237.0,122.0]",0,0.939
test_pen2_orb_cam2_20250925_093041_0004,pen2_orb_cam2_20250925_093041.jpg,1280,720,"[509.5,83.0,224.0,116.0]",0,0.938
test_pen2_orb_cam2_20250925_093141_0002,pen2_orb_cam2_20250925_093141.jpg,1280,720,"[381.0,94.0,172.0,199.0]",1,0.937
test_pen2_orb_cam2_20250925_093141_0004,pen2_orb_cam2_20250925_093141.jpg,1280,720,"[514.0,80.5,223.0,125.0]",0,0.938
test_pen2_orb_cam2_20250925_093342_0001,pen2_orb_cam2_20250925_093342.jpg,1280,720,"[246.5,463.5,219.0,254.0]",4,0.861
test_pen2_orb_cam2_20250925_093342_0003,pen2_orb_cam2_20250925_093342.jpg,1280,720,"[514.5,80.0,221.0,128.0]",0,0.939
test_pen2_orb_cam2_20250925_093542_0003,pen2_orb_cam2_20250925_093542.jpg,1280,720,"[235.0,468.5,229.0,249.0]",4,0.856
test_pen2_orb_cam2_20250925_093542_0004,pen2_orb_cam2_20250925_093542.jpg,1280,720,"[515.0,81.5,220.0,125.0]",0,0.9395
test_pen2_orb_cam2_20250925_093622_0005,pen2_orb_cam2_20250925_093622.jpg,1280,720,"[516.3,79.5,220.0,127.0]",0,0.9395
test_pen2_orb_cam2_20250925_093723_0003,pen2_orb_cam2_20250925_093723.jpg,1280,720,"[515.5,80.5,220.0,125.0]",0,0.939
test_pen2_orb_cam2_20250925_093723_0005,pen2_orb_cam2_20250925_093723.jpg,1280,720,"[233.5,476.5,230.0,241.0]",4,0.8574
test_pen2_orb_cam2_20250925_093831_0001,pen2_orb_cam2_20250925_093831.jpg,1280,720,"[222.0,466.5,249.0,251.0]",4,0.854
test_pen2_orb_cam2_20250925_093831_0002,pen2_orb_cam2_20250925_093831.jpg,1280,720,"[515.0,80.5,221.0,126.0]",0,0.9395
test_pen2_orb_cam2_20250925_093933_0002,pen2_orb_cam2_20250925_093933.jpg,1280,720,"[216.0,480.0,253.0,238.0]",4,0.856
test_pen2_orb_cam2_20250925_093933_0004,pen2_orb_cam2_20250925_093933.jpg,1280,720,"[515.5,80.0,219.0,126.0]",0,0.939
test_pen2_orb_cam2_20250925_094034_0003,pen2_orb_cam2_20250925_094034.jpg,1280,720,"[215.0,475.0,260.0,243.0]",4,0.856
test_pen2_orb_cam2_20250925_094034_0006,pen2_orb_cam2_20250925_094034.jpg,1280,720,"[515.0,81.5,219.0,125.0]",0,0.939
test_pen2_orb_cam2_20250925_094123_0004,pen2_orb_cam2_20250925_094123.jpg,1280,720,"[516.5,82.0,219.0,125.0]",0,0.939
test_pen2_orb_cam2_20250925_094223_0005,pen2_orb_cam2_20250925_094223.jpg,1280,720,"[512.5,80.5,222.0,127.0]",0,0.939
test_pen2_orb_cam2_20250925_094323_0003,pen2_orb_cam2_20250925_094323.jpg,1280,720,"[517.0,80.0,230.0,127.0]",0,0.9395
test_pen2_orb_cam2_20250925_094524_0004,pen2_orb_cam2_20250925_094524.jpg,1280,720,"[536.5,34.5,195.0,224.0]",2,0.982
test_pen2_orb_cam2_20250925_094826_0005,pen2_orb_cam2_20250925_094826.jpg,1280,720,"[483.5,50.5,214.0,144.0]",2,0.9917
test_pen2_orb_cam2_20250925_094926_0001,pen2_orb_cam2_20250925_094926.jpg,1280,720,"[273.5,321.0,171.0,299.0]",2,0.982
test_pen2_orb_cam2_20250925_095034_0001,pen2_orb_cam2_20250925_095034.jpg,1280,720,"[356.0,297.5,179.0,254.0]",2,0.9917
test_pen2_orb_cam2_20250925_095134_0000,pen2_orb_cam2_20250925_095134.jpg,1280,720,"[289.0,295.5,208.0,260.0]",2,0.9927
test_pen2_orb_cam2_20250925_095339_0004,pen2_orb_cam2_20250925_095339.jpg,1280,720,"[601.5,65.0,242.0,106.0]",4,0.853
test_pen2_orb_cam2_20250925_100722_0002,pen2_orb_cam2_20250925_100722.jpg,1280,720,"[209.0,360.0,234.0,340.0]",2,0.9883
test_pen2_orb_cam2_20250925_100823_0006,pen2_orb_cam2_20250925_100823.jpg,1280,720,"[568.5,67.5,186.0,130.0]",2,0.992
test_pen2_orb_cam2_20250925_101130_0002,pen2_orb_cam2_20250925_101130.jpg,1280,720,"[352.5,162.5,269.0,180.0]",1,0.938
test_pen2_orb_cam2_20250925_101227_0002,pen2_orb_cam2_20250925_101227.jpg,1280,720,"[342.5,510.0,297.0,208.0]",1,0.937
test_pen2_orb_cam2_20250925_101227_0003,pen2_orb_cam2_20250925_101227.jpg,1280,720,"[351.5,163.5,278.0,196.0]",1,0.939
test_pen2_orb_cam2_20250925_101328_0005,pen2_orb_cam2_20250925_101328.jpg,1280,720,"[352.5,163.0,235.0,203.0]",1,0.939
test_pen2_orb_cam2_20250925_101430_0005,pen2_orb_cam2_20250925_101430.jpg,1280,720,"[353.5,164.0,267.0,189.0]",1,0.939
test_pen2_orb_cam2_20250925_101537_0002,pen2_orb_cam2_20250925_101537.jpg,1280,720,"[351.0,164.0,265.0,181.0]",1,0.94
test_pen2_orb_cam2_20250925_101537_0007,pen2_orb_cam2_20250925_101537.jpg,1280,720,"[378.5,78.5,181.0,154.0]",1,0.937
test_pen2_orb_cam2_20250925_101618_0004,pen2_orb_cam2_20250925_101618.jpg,1280,720,"[351.0,164.0,265.0,182.0]",1,0.94
test_pen2_orb_cam2_20250925_101718_0004,pen2_orb_cam2_20250925_101718.jpg,1280,720,"[350.5,164.0,266.0,183.0]",1,0.94
test_pen2_orb_cam2_20250925_101718_0007,pen2_orb_cam2_20250925_101718.jpg,1280,720,"[377.5,79.0,182.0,153.0]",1,0.936
test_pen2_orb_cam2_20250925_102035_0005,pen2_orb_cam2_20250925_102035.jpg,1280,720,"[353.5,164.5,252.0,166.0]",1,0.939
test_pen2_orb_cam2_20250925_102035_0007,pen2_orb_cam2_20250925_102035.jpg,1280,720,"[378.0,79.5,182.0,153.0]",1,0.936
test_pen2_orb_cam2_20250925_102103_0003,pen2_orb_cam2_20250925_102103.jpg,1280,720,"[352.5,164.0,269.0,170.0]",1,0.94
test_pen2_orb_cam2_20250925_102203_0006,pen2_orb_cam2_20250925_102203.jpg,1280,720,"[376.5,78.5,189.0,154.0]",1,0.936
test_pen2_orb_cam2_20250925_102505_0002,pen2_orb_cam2_20250925_102505.jpg,1280,720,"[548.8,24.0,241.0,144.0]",2,0.9604
test_pen2_orb_cam2_20250925_102505_0004,pen2_orb_cam2_20250925_102505.jpg,1280,720,"[599.5,80.0,249.0,117.0]",4,0.86
test_pen2_orb_cam2_20250925_102604_0006,pen2_orb_cam2_20250925_102604.jpg,1280,720,"[593.5,104.5,276.0,98.0]",4,0.858
test_pen2_orb_cam2_20250925_102816_0002,pen2_orb_cam2_20250925_102816.jpg,1280,720,"[380.5,79.5,179.0,194.0]",1,0.937
test_pen2_orb_cam2_20250925_102816_0004,pen2_orb_cam2_20250925_102816.jpg,1280,720,"[590.0,114.5,274.0,90.0]",4,0.852
test_pen2_orb_cam2_20250925_103400_0004,pen2_orb_cam2_20250925_103400.jpg,1280,720,"[362.0,149.0,271.0,175.0]",1,0.938
test_pen2_orb_cam2_20250925_103400_0006,pen2_orb_cam2_20250925_103400.jpg,1280,720,"[378.0,80.0,184.0,150.0]",1,0.937
test_pen2_orb_cam2_20250925_103502_0003,pen2_orb_cam2_20250925_103502.jpg,1280,720,"[355.5,149.5,279.0,175.0]",1,0.937
test_pen2_orb_cam2_20250925_103502_0005,pen2_orb_cam2_20250925_103502.jpg,1280,720,"[376.5,79.5,185.0,151.0]",1,0.936
test_pen2_orb_cam2_20250925_103611_0004,pen2_orb_cam2_20250925_103611.jpg,1280,720,"[356.5,149.5,281.0,173.0]",1,0.938
test_pen2_orb_cam2_20250925_103732_0000,pen2_orb_cam2_20250925_103732.jpg,1280,720,"[514.5,354.5,382.0,316.0]",2,0.9663
test_pen2_orb_cam2_20250925_103858_0000,pen2_orb_cam2_20250925_103858.jpg,1280,720,"[461.0,287.0,242.0,368.0]",2,0.9766
test_pen2_orb_cam2_20250925_103858_0004,pen2_orb_cam2_20250925_103858.jpg,1280,720,"[350.0,154.5,293.0,168.0]",1,0.9375
test_pen2_orb_cam2_20250925_104041_0005,pen2_orb_cam2_20250925_104041.jpg,1280,720,"[343.0,162.0,295.0,195.0]",1,0.9395
test_pen2_orb_cam2_20250925_104041_0006,pen2_orb_cam2_20250925_104041.jpg,1280,720,"[380.5,80.0,182.0,157.0]",1,0.936
test_pen2_orb_cam2_20250925_104141_0003,pen2_orb_cam2_20250925_104141.jpg,1280,720,"[343.0,162.5,263.0,176.0]",1,0.939
test_pen2_orb_cam2_20250925_104542_0003,pen2_orb_cam2_20250925_104542.jpg,1280,720,"[586.0,81.0,261.0,119.0]",0,0.939
test_pen2_orb_cam2_20250925_104700_0003,pen2_orb_cam2_20250925_104700.jpg,1280,720,"[586.5,81.5,259.0,120.0]",0,0.938
test_pen2_orb_cam2_20250925_104700_0005,pen2_orb_cam2_20250925_104700.jpg,1280,720,"[379.0,80.5,187.0,162.0]",1,0.9375
test_pen2_orb_cam2_20250925_104700_0006,pen2_orb_cam2_20250925_104700.jpg,1280,720,"[351.5,163.5,258.0,181.0]",1,0.939
test_pen2_orb_cam2_20250925_104919_0002,pen2_orb_cam2_20250925_104919.jpg,1280,720,"[346.5,165.5,293.0,163.0]",1,0.941
test_pen2_orb_cam2_20250925_104919_0003,pen2_orb_cam2_20250925_104919.jpg,1280,720,"[588.5,82.5,257.0,118.0]",0,0.939
test_pen2_orb_cam2_20250925_105318_0004,pen2_orb_cam2_20250925_105318.jpg,1280,720,"[345.0,165.5,295.0,170.0]",1,0.941
test_pen2_orb_cam2_20250925_105318_0005,pen2_orb_cam2_20250925_105318.jpg,1280,720,"[590.5,83.5,251.0,120.0]",0,0.9395
test_pen2_orb_cam2_20250925_105339_0004,pen2_orb_cam2_20250925_105339.jpg,1280,720,"[591.0,84.5,248.0,119.0]",0,0.939
test_pen2_orb_cam2_20250925_105339_0005,pen2_orb_cam2_20250925_105339.jpg,1280,720,"[348.0,165.0,291.0,172.0]",1,0.941
test_pen2_orb_cam2_20250925_105610_0004,pen2_orb_cam2_20250925_105610.jpg,1280,720,"[344.5,166.0,293.0,171.0]",1,0.94
test_pen2_orb_cam2_20250925_105610_0005,pen2_orb_cam2_20250925_105610.jpg,1280,720,"[592.5,85.0,251.0,118.0]",0,0.939
test_pen2_orb_cam2_20250925_105751_0004,pen2_orb_cam2_20250925_105751.jpg,1280,720,"[590.0,83.0,259.0,120.0]",0,0.94
test_pen2_orb_cam2_20250925_105751_0005,pen2_orb_cam2_20250925_105751.jpg,1280,720,"[380.0,80.5,185.0,162.0]",1,0.937
test_pen2_orb_cam2_20250925_105751_0006,pen2_orb_cam2_20250925_105751.jpg,1280,720,"[343.5,165.5,294.0,172.0]",1,0.941
test_pen2_orb_cam2_20250925_105908_0004,pen2_orb_cam2_20250925_105908.jpg,1280,720,"[353.5,164.5,288.0,167.0]",1,0.94
test_pen2_orb_cam2_20250925_105908_0005,pen2_orb_cam2_20250925_105908.jpg,1280,720,"[592.0,83.5,251.0,119.0]",0,0.938
test_pen2_tur_cam2_20250921_050040_0000,pen2_tur_cam2_20250921_050040.jpg,1280,720,"[216.0,131.5,419.0,246.0]",1,0.9395
test_pen2_tur_cam2_20250921_050040_0001,pen2_tur_cam2_20250921_050040.jpg,1280,720,"[442.0,435.5,306.0,265.0]",0,0.938
test_pen2_tur_cam2_20250921_050040_0005,pen2_tur_cam2_20250921_050040.jpg,1280,720,"[603.5,32.5,273.0,216.0]",0,0.94
test_pen2_tur_cam2_20250921_050040_0007,pen2_tur_cam2_20250921_050040.jpg,1280,720,"[656.0,147.5,249.0,198.0]",0,0.938
test_pen2_tur_cam2_20250921_051614_0006,pen2_tur_cam2_20250921_051614.jpg,1280,720,"[275.0,172.0,238.0,386.0]",2,0.9917
test_pen2_tur_cam2_20250921_053347_0005,pen2_tur_cam2_20250921_053347.jpg,1280,720,"[681.0,37.5,251.0,144.0]",4,0.859
test_pen2_tur_cam2_20250921_054720_0002,pen2_tur_cam2_20250921_054720.jpg,1280,720,"[549.5,249.0,303.0,282.0]",1,0.937
test_pen2_tur_cam2_20250921_054920_0001,pen2_tur_cam2_20250921_054920.jpg,1280,720,"[330.0,380.5,302.0,324.0]",0,0.938
test_pen2_tur_cam2_20250921_054920_0003,pen2_tur_cam2_20250921_054920.jpg,1280,720,"[620.5,31.0,302.0,192.0]",0,0.938
test_pen2_tur_cam2_20250921_054920_0005,pen2_tur_cam2_20250921_054920.jpg,1280,720,"[603.0,432.0,271.0,199.0]",2,0.992
test_pen2_tur_cam2_20250921_055120_0005,pen2_tur_cam2_20250921_055120.jpg,1280,720,"[662.0,32.5,265.0,162.0]",0,0.9375
test_pen2_tur_cam2_20250921_063248_0002,pen2_tur_cam2_20250921_063248.jpg,1280,720,"[788.5,293.5,220.0,250.0]",3,0.817
test_pen2_tur_cam2_20250921_070355_0004,pen2_tur_cam2_20250921_070355.jpg,1280,720,"[793.5,133.5,187.0,135.0]",2,0.9927
test_pen2_tur_cam2_20250921_070355_0008,pen2_tur_cam2_20250921_070355.jpg,1280,720,"[1001.5,110.5,115.0,80.0]",2,0.992
test_pen2_tur_cam2_20250921_071417_0005,pen2_tur_cam2_20250921_071417.jpg,1280,720,"[725.0,327.5,197.0,215.0]",3,0.817
test_pen2_tur_cam2_20250921_071728_0008,pen2_tur_cam2_20250921_071728.jpg,1280,720,"[1035.0,250.5,69.0,228.0]",4,0.8594
test_pen2_tur_cam2_20250921_071928_0006,pen2_tur_cam2_20250921_071928.jpg,1280,720,"[936.0,442.0,141.0,88.0]",2,0.988
test_pen2_tur_cam2_20250921_072239_0003,pen2_tur_cam2_20250921_072239.jpg,1280,720,"[513.0,15.0,358.0,242.0]",2,0.992
test_pen2_tur_cam2_20250921_072439_0002,pen2_tur_cam2_20250921_072439.jpg,1280,720,"[225.0,397.0,190.0,322.0]",2,0.984
test_pen2_tur_cam2_20250921_073102_0004,pen2_tur_cam2_20250921_073102.jpg,1280,720,"[478.5,0.5,221.0,355.0]",2,0.9907
test_pen2_tur_cam2_20250921_083026_0002,pen2_tur_cam2_20250921_083026.jpg,1280,720,"[603.0,20.0,306.0,148.0]",4,0.851
test_pen2_tur_cam2_20250921_083128_0003,pen2_tur_cam2_20250921_083128.jpg,1280,720,"[429.0,338.0,375.0,220.0]",2,0.992
test_pen2_tur_cam2_20250921_083128_0008,pen2_tur_cam2_20250921_083128.jpg,1280,720,"[1017.5,261.5,82.0,218.0]",4,0.8535
test_pen2_tur_cam2_20250921_083829_0000,pen2_tur_cam2_20250921_083829.jpg,1280,720,"[405.5,1.0,395.0,147.0]",4,0.857
test_pen2_tur_cam2_20250921_083829_0004,pen2_tur_cam2_20250921_083829.jpg,1280,720,"[801.5,315.0,189.0,237.0]",3,0.8184
test_pen2_tur_cam2_20250921_083829_0006,pen2_tur_cam2_20250921_083829.jpg,1280,720,"[803.5,63.0,220.0,120.0]",4,0.856
test_pen2_tur_cam2_20250921_084029_0004,pen2_tur_cam2_20250921_084029.jpg,1280,720,"[214.0,63.0,158.0,448.0]",4,0.8516
test_pen2_tur_cam2_20250921_084331_0002,pen2_tur_cam2_20250921_084331.jpg,1280,720,"[799.0,248.0,158.0,308.0]",3,0.818
test_pen2_tur_cam2_20250921_084531_0003,pen2_tur_cam2_20250921_084531.jpg,1280,720,"[340.5,4.0,403.0,138.0]",4,0.853
test_pen2_tur_cam2_20250921_092341_0005,pen2_tur_cam2_20250921_092341.jpg,1280,720,"[341.5,11.0,391.0,219.0]",0,0.938
test_pen2_tur_cam2_20250921_092843_0003,pen2_tur_cam2_20250921_092843.jpg,1280,720,"[244.5,0.0,424.0,183.0]",2,0.9897
test_pen2_tur_cam2_20250921_093846_0005,pen2_tur_cam2_20250921_093846.jpg,1280,720,"[736.0,369.5,207.0,166.0]",3,0.817
test_pen2_tur_cam2_20250922_114516_0000,pen2_tur_cam2_20250922_114516.jpg,1280,720,"[207.5,33.0,380.0,392.0]",0,0.94
test_pen2_tur_cam2_20250922_114516_0001,pen2_tur_cam2_20250922_114516.jpg,1280,720,"[449.0,356.0,347.0,239.0]",1,0.938
test_pen2_tur_cam2_20250922_114516_0004,pen2_tur_cam2_20250922_114516.jpg,1280,720,"[591.0,24.5,299.0,213.0]",0,0.941
test_pen2_tur_cam2_20250922_114516_0008,pen2_tur_cam2_20250922_114516.jpg,1280,720,"[416.0,499.5,361.0,174.0]",1,0.938
test_pen2_tur_cam2_20250922_120221_0000,pen2_tur_cam2_20250922_120221.jpg,1280,720,"[201.5,34.0,379.0,371.0]",0,0.9395
test_pen2_tur_cam2_20250922_120221_0006,pen2_tur_cam2_20250922_120221.jpg,1280,720,"[346.5,375.5,211.0,331.0]",0,0.938
test_pen2_tur_cam2_20250922_120421_0000,pen2_tur_cam2_20250922_120421.jpg,1280,720,"[201.0,32.0,384.0,371.0]",0,0.94
test_pen2_tur_cam2_20250922_120421_0002,pen2_tur_cam2_20250922_120421.jpg,1280,720,"[344.5,364.0,216.0,330.0]",0,0.9395
test_pen2_tur_cam2_20250922_120421_0003,pen2_tur_cam2_20250922_120421.jpg,1280,720,"[445.5,16.5,435.0,191.0]",2,0.986
test_pen2_tur_cam2_20250922_120522_0000,pen2_tur_cam2_20250922_120522.jpg,1280,720,"[200.5,32.0,384.0,372.0]",0,0.939
test_pen2_tur_cam2_20250922_120522_0002,pen2_tur_cam2_20250922_120522.jpg,1280,720,"[343.0,375.5,218.0,319.0]",0,0.939
test_pen2_tur_cam2_20250922_121224_0000,pen2_tur_cam2_20250922_121224.jpg,1280,720,"[203.5,24.5,362.0,365.0]",0,0.9395
test_pen2_tur_cam2_20250922_121224_0001,pen2_tur_cam2_20250922_121224.jpg,1280,720,"[671.0,27.0,271.0,152.0]",4,0.859
test_pen2_tur_cam2_20250922_121224_0002,pen2_tur_cam2_20250922_121224.jpg,1280,720,"[345.5,362.0,213.0,333.0]",0,0.938
test_pen2_tur_cam2_20250922_125034_0002,pen2_tur_cam2_20250922_125034.jpg,1280,720,"[205.5,29.5,354.0,397.0]",0,0.938
test_pen2_tur_cam2_20250922_125034_0004,pen2_tur_cam2_20250922_125034.jpg,1280,720,"[347.5,377.0,210.0,332.0]",0,0.9375
test_pen2_tur_cam2_20250922_125034_0007,pen2_tur_cam2_20250922_125034.jpg,1280,720,"[1028.0,261.5,71.0,210.0]",4,0.858
test_pen2_tur_cam2_20250922_125234_0000,pen2_tur_cam2_20250922_125234.jpg,1280,720,"[202.5,36.0,360.0,390.0]",0,0.94
test_pen2_tur_cam2_20250922_125234_0004,pen2_tur_cam2_20250922_125234.jpg,1280,720,"[199.5,244.0,189.0,445.0]",2,0.9907
test_pen2_tur_cam2_20250922_125234_0009,pen2_tur_cam2_20250922_125234.jpg,1280,720,"[1069.0,297.0,83.0,144.0]",2,0.9907
test_pen2_tur_cam2_20250922_125736_0008,pen2_tur_cam2_20250922_125736.jpg,1280,720,"[1054.0,291.5,83.9,140.3]",2,0.9897
test_pen2_tur_cam2_20250922_130237_0007,pen2_tur_cam2_20250922_130237.jpg,1280,720,"[1029.0,262.0,72.0,209.0]",4,0.853
test_pen2_tur_cam2_20250922_130437_0008,pen2_tur_cam2_20250922_130437.jpg,1280,720,"[995.5,346.0,89.0,181.0]",2,0.9907
test_pen2_tur_cam2_20250922_130539_0001,pen2_tur_cam2_20250922_130539.jpg,1280,720,"[183.5,76.5,384.0,307.0]",2,0.9917
test_pen2_tur_cam2_20250922_130739_0002,pen2_tur_cam2_20250922_130739.jpg,1280,720,"[588.0,22.5,338.0,186.0]",2,0.9907
test_pen2_tur_cam2_20250922_130939_0004,pen2_tur_cam2_20250922_130939.jpg,1280,720,"[551.0,19.5,351.0,129.0]",2,0.984
test_pen2_tur_cam2_20250922_131240_0002,pen2_tur_cam2_20250922_131240.jpg,1280,720,"[392.0,9.0,361.0,367.0]",1,0.938
test_pen2_tur_cam2_20250922_131240_0004,pen2_tur_cam2_20250922_131240.jpg,1280,720,"[368.5,325.0,220.0,365.0]",1,0.937
test_pen2_tur_cam2_20250922_132744_0003,pen2_tur_cam2_20250922_132744.jpg,1280,720,"[886.0,116.0,147.0,174.0]",2,0.992
test_pen2_tur_cam2_20250922_132944_0006,pen2_tur_cam2_20250922_132944.jpg,1280,720,"[835.0,58.5,181.0,144.0]",4,0.8516
test_pen2_tur_cam2_20250922_132944_0009,pen2_tur_cam2_20250922_132944.jpg,1280,720,"[1012.0,290.5,110.0,200.0]",2,0.974
test_pen2_tur_cam2_20250922_133245_0001,pen2_tur_cam2_20250922_133245.jpg,1280,720,"[484.5,15.5,350.0,174.0]",4,0.8555
test_pen2_tur_cam2_20250922_133445_0002,pen2_tur_cam2_20250922_133445.jpg,1280,720,"[468.0,16.0,376.0,190.0]",4,0.851
test_pen2_tur_cam2_20250922_133546_0008,pen2_tur_cam2_20250922_133546.jpg,1280,720,"[944.5,413.5,123.2,119.7]",2,0.9897
test_pen2_tur_cam2_20250922_133946_0003,pen2_tur_cam2_20250922_133946.jpg,1280,720,"[680.5,45.5,275.0,127.0]",4,0.851
test_pen2_tur_cam2_20250922_135450_0001,pen2_tur_cam2_20250922_135450.jpg,1280,720,"[207.0,7.0,419.0,308.0]",0,0.938
test_pen2_tur_cam2_20250922_140517_0003,pen2_tur_cam2_20250922_140517.jpg,1280,720,"[727.0,58.5,246.0,168.0]",0,0.939
test_pen2_tur_cam2_20250922_140517_0004,pen2_tur_cam2_20250922_140517.jpg,1280,720,"[835.5,190.0,142.0,294.0]",2,0.99
test_pen2_tur_cam2_20250922_140754_0005,pen2_tur_cam2_20250922_140754.jpg,1280,720,"[720.8,54.0,253.0,166.0]",0,0.9375
test_pen2_tur_cam2_20250922_141256_0003,pen2_tur_cam2_20250922_141256.jpg,1280,720,"[191.5,190.0,210.0,449.0]",2,0.979
test_pen2_tur_cam2_20250922_141756_0003,pen2_tur_cam2_20250922_141756.jpg,1280,720,"[293.0,10.5,412.0,254.0]",0,0.9395
test_pen2_tur_cam2_20250922_141956_0008,pen2_tur_cam2_20250922_141956.jpg,1280,720,"[826.0,89.5,211.0,144.0]",4,0.854
test_pen2_tur_cam2_20250922_142458_0005,pen2_tur_cam2_20250922_142458.jpg,1280,720,"[956.5,182.5,146.0,224.0]",2,0.992
test_pen2_tur_cam2_20250922_143101_0000,pen2_tur_cam2_20250922_143101.jpg,1280,720,"[206.5,19.0,160.0,474.0]",4,0.8516
test_pen2_tur_cam2_20250922_143101_0008,pen2_tur_cam2_20250922_143101.jpg,1280,720,"[1035.5,120.0,108.0,206.0]",2,0.9907
test_pen2_tur_cam2_20250922_144804_0001,pen2_tur_cam2_20250922_144804.jpg,1280,720,"[182.0,1.5,280.0,402.0]",2,0.992
test_pen2_tur_cam2_20250922_145507_0002,pen2_tur_cam2_20250922_145507.jpg,1280,720,"[356.0,524.0,391.0,163.0]",1,0.937
test_pen2_tur_cam2_20250922_150810_0004,pen2_tur_cam2_20250922_150810.jpg,1280,720,"[390.0,2.0,387.0,206.0]",0,0.9375
test_pen2_tur_cam2_20250922_172346_0007,pen2_tur_cam2_20250922_172346.jpg,1280,720,"[723.5,30.0,238.0,214.0]",1,0.9375
test_pen2_tur_cam2_20250923_060025_0001,pen2_tur_cam2_20250923_060025.jpg,1280,720,"[426.0,37.0,371.0,270.0]",0,0.939
test_pen2_tur_cam2_20250923_061227_0000,pen2_tur_cam2_20250923_061227.jpg,1280,720,"[437.5,30.5,359.0,282.0]",0,0.9395
test_pen2_tur_cam2_20250923_071442_0004,pen2_tur_cam2_20250923_071442.jpg,1280,720,"[877.5,307.5,179.0,232.0]",3,0.818
test_pen2_tur_cam2_20250923_071442_0005,pen2_tur_cam2_20250923_071442.jpg,1280,720,"[713.5,51.5,223.2,175.0]",2,0.9917
test_pen2_tur_cam2_20250923_072445_0004,pen2_tur_cam2_20250923_072445.jpg,1280,720,"[462.5,494.5,330.0,147.0]",4,0.8516
test_pen2_tur_cam2_20250923_072445_0007,pen2_tur_cam2_20250923_072445.jpg,1280,720,"[191.5,195.5,173.0,347.0]",2,0.992
test_pen2_tur_cam2_20250923_072546_0002,pen2_tur_cam2_20250923_072546.jpg,1280,720,"[761.5,278.0,181.0,278.0]",3,0.817
test_pen2_tur_cam2_20250923_072746_0003,pen2_tur_cam2_20250923_072746.jpg,1280,720,"[698.5,325.0,195.0,230.0]",3,0.817
test_pen2_tur_cam2_20250923_073549_0002,pen2_tur_cam2_20250923_073549.jpg,1280,720,"[604.0,28.0,306.0,137.0]",4,0.855
test_pen2_tur_cam2_20250923_073549_0003,pen2_tur_cam2_20250923_073549.jpg,1280,720,"[403.5,442.5,375.0,258.0]",2,0.9897
test_pen2_tur_cam2_20250923_075052_0004,pen2_tur_cam2_20250923_075052.jpg,1280,720,"[189.5,40.5,216.0,433.0]",2,0.9824
test_pen2_tur_cam2_20250923_075052_0006,pen2_tur_cam2_20250923_075052.jpg,1280,720,"[298.5,5.5,397.0,143.0]",4,0.861
test_pen2_tur_cam2_20250923_075252_0006,pen2_tur_cam2_20250923_075252.jpg,1280,720,"[529.5,529.5,260.0,142.0]",4,0.851
test_pen2_tur_cam2_20250923_083504_0000,pen2_tur_cam2_20250923_083504.jpg,1280,720,"[312.0,383.5,281.0,327.0]",0,0.9375
test_pen2_tur_cam2_20250923_093621_0000,pen2_tur_cam2_20250923_093621.jpg,1280,720,"[209.0,13.0,329.0,405.0]",4,0.851
test_pen2_tur_cam2_20250923_094122_0003,pen2_tur_cam2_20250923_094122.jpg,1280,720,"[619.5,30.5,343.0,147.0]",4,0.854
test_pen2_tur_cam2_20250923_095024_0001,pen2_tur_cam2_20250923_095024.jpg,1280,720,"[798.0,289.0,166.0,265.0]",3,0.818
test_pen2_tur_cam2_20250923_100529_0004,pen2_tur_cam2_20250923_100529.jpg,1280,720,"[441.5,28.5,371.0,236.0]",0,0.9375
test_pen2_tur_cam2_20250923_101531_0006,pen2_tur_cam2_20250923_101531.jpg,1280,720,"[337.0,114.0,404.0,208.0]",0,0.938
test_pen2_tur_cam2_20250923_101833_0002,pen2_tur_cam2_20250923_101833.jpg,1280,720,"[501.0,107.5,352.0,149.0]",4,0.857
test_pen2_tur_cam2_20250923_101833_0004,pen2_tur_cam2_20250923_101833.jpg,1280,720,"[459.0,528.0,319.0,155.0]",4,0.858
test_pen2_tur_cam2_20250923_102134_0008,pen2_tur_cam2_20250923_102134.jpg,1280,720,"[1020.0,250.5,74.0,219.0]",4,0.8516
test_pen2_tur_cam2_20250923_103536_0002,pen2_tur_cam2_20250923_103536.jpg,1280,720,"[448.5,375.5,338.0,250.0]",0,0.94
test_pen2_tur_cam2_20250923_103536_0008,pen2_tur_cam2_20250923_103536.jpg,1280,720,"[788.5,58.0,226.0,117.0]",4,0.8516
test_pen2_tur_cam2_20250923_104140_0001,pen2_tur_cam2_20250923_104140.jpg,1280,720,"[302.5,42.5,309.0,386.0]",0,0.9395
test_pen2_tur_cam2_20250923_104140_0002,pen2_tur_cam2_20250923_104140.jpg,1280,720,"[198.5,31.5,211.0,451.0]",0,0.939
test_pen2_tur_cam2_20250923_104841_0009,pen2_tur_cam2_20250923_104841.jpg,1280,720,"[925.5,424.5,141.0,104.0]",4,0.8516
test_pen2_tur_cam2_20250923_105041_0004,pen2_tur_cam2_20250923_105041.jpg,1280,720,"[435.0,513.5,342.0,162.0]",4,0.85
test_pen2_tur_cam2_20250923_105041_0009,pen2_tur_cam2_20250923_105041.jpg,1280,720,"[900.5,283.5,123.0,235.0]",2,0.979
test_pen2_tur_cam2_20250923_105341_0005,pen2_tur_cam2_20250923_105341.jpg,1280,720,"[506.0,525.5,285.0,151.0]",4,0.859
test_pen2_tur_cam2_20250923_113553_0002,pen2_tur_cam2_20250923_113553.jpg,1280,720,"[292.5,26.5,334.0,377.0]",0,0.939
test_pen2_tur_cam2_20250923_114657_0002,pen2_tur_cam2_20250923_114657.jpg,1280,720,"[303.0,25.0,329.0,381.0]",0,0.939
test_pen2_tur_cam2_20250923_120401_0004,pen2_tur_cam2_20250923_120401.jpg,1280,720,"[702.0,26.0,213.0,146.0]",2,0.9927
test_pen2_tur_cam2_20250923_120401_0007,pen2_tur_cam2_20250923_120401.jpg,1280,720,"[189.5,35.0,162.0,474.0]",4,0.8535
test_pen2_tur_cam2_20250923_123910_0000,pen2_tur_cam2_20250923_123910.jpg,1280,720,"[514.5,310.0,254.0,308.0]",1,0.937
test_pen2_tur_cam2_20250923_124110_0008,pen2_tur_cam2_20250923_124110.jpg,1280,720,"[567.5,13.5,322.0,177.0]",1,0.937
test_pen2_tur_cam2_20250923_124212_0002,pen2_tur_cam2_20250923_124212.jpg,1280,720,"[505.5,313.5,263.0,311.0]",1,0.9375
test_pen2_tur_cam2_20250923_124212_0004,pen2_tur_cam2_20250923_124212.jpg,1280,720,"[569.0,12.5,317.0,185.0]",1,0.939
test_pen2_tur_cam2_20250923_124212_0008,pen2_tur_cam2_20250923_124212.jpg,1280,720,"[1037.5,164.0,92.0,168.0]",2,0.9907
test_pen2_tur_cam2_20250923_124412_0003,pen2_tur_cam2_20250923_124412.jpg,1280,720,"[570.0,12.5,317.0,175.0]",1,0.938
test_pen2_tur_cam2_20250923_124713_0003,pen2_tur_cam2_20250923_124713.jpg,1280,720,"[571.0,12.5,317.0,189.0]",1,0.9395
test_pen2_tur_cam2_20250923_130116_0000,pen2_tur_cam2_20250923_130116.jpg,1280,720,"[379.5,220.5,315.0,333.0]",2,0.992
test_pen2_tur_cam2_20250923_130116_0004,pen2_tur_cam2_20250923_130116.jpg,1280,720,"[229.5,28.5,328.0,300.0]",2,0.986
test_pen2_tur_cam2_20250923_130116_0007,pen2_tur_cam2_20250923_130116.jpg,1280,720,"[945.5,383.5,147.0,144.0]",4,0.854
test_pen2_tur_cam2_20250923_130217_0009,pen2_tur_cam2_20250923_130217.jpg,1280,720,"[953.0,384.0,140.0,141.0]",4,0.8516
test_pen2_tur_cam2_20250923_132622_0003,pen2_tur_cam2_20250923_132622.jpg,1280,720,"[822.5,155.0,201.0,107.0]",4,0.8535
test_pen2_tur_cam2_20250923_134629_0006,pen2_tur_cam2_20250923_134629.jpg,1280,720,"[889.0,75.5,164.0,168.0]",1,0.937
test_pen2_tur_cam2_20250923_135630_0005,pen2_tur_cam2_20250923_135630.jpg,1280,720,"[729.5,145.5,253.0,172.0]",0,0.9375
test_pen2_tur_cam2_20250923_141436_0002,pen2_tur_cam2_20250923_141436.jpg,1280,720,"[213.0,352.0,178.0,366.0]",2,0.979
test_pen2_tur_cam2_20250923_141636_0004,pen2_tur_cam2_20250923_141636.jpg,1280,720,"[569.5,21.5,351.0,169.0]",4,0.852
test_pen2_tur_cam2_20250923_141636_0005,pen2_tur_cam2_20250923_141636.jpg,1280,720,"[946.5,97.7,135.0,124.0]",2,0.951
test_pen2_tur_cam2_20250923_142239_0009,pen2_tur_cam2_20250923_142239.jpg,1280,720,"[917.0,428.0,118.0,101.0]",2,0.992
test_pen2_tur_cam2_20250924_060001_0000,pen2_tur_cam2_20250924_060001.jpg,1280,720,"[494.5,155.0,304.0,347.0]",0,0.9375
test_pen2_tur_cam2_20250924_061403_0000,pen2_tur_cam2_20250924_061403.jpg,1280,720,"[522.0,155.5,290.0,352.0]",0,0.939
test_pen2_tur_cam2_20250924_061906_0007,pen2_tur_cam2_20250924_061906.jpg,1280,720,"[315.0,8.0,444.0,184.0]",4,0.8535
test_pen2_tur_cam2_20250924_063910_0000,pen2_tur_cam2_20250924_063910.jpg,1280,720,"[193.0,118.5,233.0,415.0]",0,0.939
test_pen2_tur_cam2_20250924_063910_0002,pen2_tur_cam2_20250924_063910.jpg,1280,720,"[221.5,6.0,412.0,223.0]",1,0.938
test_pen2_tur_cam2_20250924_063910_0004,pen2_tur_cam2_20250924_063910.jpg,1280,720,"[424.5,314.0,364.0,197.0]",2,0.989
test_pen2_tur_cam2_20250924_071520_0004,pen2_tur_cam2_20250924_071520.jpg,1280,720,"[853.5,281.0,168.0,262.0]",3,0.817
test_pen2_tur_cam2_20250924_072924_0000,pen2_tur_cam2_20250924_072924.jpg,1280,720,"[355.5,233.0,295.0,416.0]",3,0.817
test_pen2_tur_cam2_20250924_072924_0006,pen2_tur_cam2_20250924_072924.jpg,1280,720,"[1023.0,241.5,84.0,236.0]",4,0.852
test_pen2_tur_cam2_20250924_074028_0006,pen2_tur_cam2_20250924_074028.jpg,1280,720,"[1024.5,280.5,81.0,194.0]",4,0.8516
test_pen2_tur_cam2_20250924_074428_0002,pen2_tur_cam2_20250924_074428.jpg,1280,720,"[247.0,8.5,420.0,179.0]",4,0.853
test_pen2_tur_cam2_20250924_074730_0000,pen2_tur_cam2_20250924_074730.jpg,1280,720,"[412.0,30.0,348.0,321.0]",0,0.94
test_pen2_tur_cam2_20250924_074930_0000,pen2_tur_cam2_20250924_074930.jpg,1280,720,"[343.0,9.5,336.0,345.0]",2,0.992
test_pen2_tur_cam2_20250924_083743_0004,pen2_tur_cam2_20250924_083743.jpg,1280,720,"[615.0,158.0,296.0,181.0]",0,0.9375
test_pen2_tur_cam2_20250924_083743_0007,pen2_tur_cam2_20250924_083743.jpg,1280,720,"[1021.5,285.5,73.0,193.0]",4,0.858
test_pen2_tur_cam2_20250924_084244_0000,pen2_tur_cam2_20250924_084244.jpg,1280,720,"[737.0,296.0,171.0,256.0]",3,0.817
test_pen2_tur_cam2_20250924_084444_0000,pen2_tur_cam2_20250924_084444.jpg,1280,720,"[780.5,317.5,244.0,239.0]",3,0.818
test_pen2_tur_cam2_20250924_102814_0002,pen2_tur_cam2_20250924_102814.jpg,1280,720,"[756.0,283.0,183.0,270.0]",3,0.817
test_pen2_tur_cam2_20250924_103616_0003,pen2_tur_cam2_20250924_103616.jpg,1280,720,"[215.5,12.5,184.0,482.0]",2,0.953
test_pen2_tur_cam2_20250924_105019_0007,pen2_tur_cam2_20250924_105019.jpg,1280,720,"[968.0,97.0,136.0,119.0]",4,0.855
test_pen2_tur_cam2_20250924_105320_0005,pen2_tur_cam2_20250924_105320.jpg,1280,720,"[773.5,56.0,222.0,165.0]",0,0.938
test_pen2_tur_cam2_20250924_105320_0009,pen2_tur_cam2_20250924_105320.jpg,1280,720,"[196.5,31.0,264.0,441.0]",0,0.937
test_pen2_tur_cam2_20250924_110533_0004,pen2_tur_cam2_20250924_110533.jpg,1280,720,"[646.5,5.0,186.0,358.0]",2,0.9917
test_pen2_tur_cam2_20250924_110533_0007,pen2_tur_cam2_20250924_110533.jpg,1280,720,"[1021.0,272.0,74.0,201.0]",4,0.854
test_pen2_tur_cam2_20250924_110824_0002,pen2_tur_cam2_20250924_110824.jpg,1280,720,"[820.0,302.0,187.0,255.0]",3,0.82
test_pen2_tur_cam2_20250924_111527_0002,pen2_tur_cam2_20250924_111527.jpg,1280,720,"[431.5,213.7,359.0,275.0]",0,0.939
test_pen2_tur_cam2_20250924_111527_0005,pen2_tur_cam2_20250924_111527.jpg,1280,720,"[711.0,365.0,228.0,184.0]",3,0.819
test_pen2_tur_cam2_20250924_111627_0005,pen2_tur_cam2_20250924_111627.jpg,1280,720,"[740.0,337.0,207.0,201.0]",3,0.817
test_pen2_tur_cam2_20250924_111627_0006,pen2_tur_cam2_20250924_111627.jpg,1280,720,"[473.0,257.0,320.0,237.0]",0,0.9375
test_pen2_tur_cam2_20250924_111829_0004,pen2_tur_cam2_20250924_111829.jpg,1280,720,"[499.0,251.5,308.0,277.0]",0,0.939
test_pen2_tur_cam2_20250924_112029_0002,pen2_tur_cam2_20250924_112029.jpg,1280,720,"[484.0,142.5,275.0,306.0]",0,0.938
test_pen2_tur_cam2_20250924_113132_0003,pen2_tur_cam2_20250924_113132.jpg,1280,720,"[590.5,15.0,309.0,169.0]",4,0.857
test_pen2_tur_cam2_20250924_122044_0000,pen2_tur_cam2_20250924_122044.jpg,1280,720,"[291.5,206.0,243.0,320.0]",2,0.9907
test_pen2_tur_cam2_20250924_122146_0006,pen2_tur_cam2_20250924_122146.jpg,1280,720,"[190.5,272.0,194.0,363.0]",2,0.992
test_pen2_tur_cam2_20250924_122647_0003,pen2_tur_cam2_20250924_122647.jpg,1280,720,"[524.5,383.0,269.0,293.0]",2,0.9897
test_pen2_tur_cam2_20250924_123649_0008,pen2_tur_cam2_20250924_123649.jpg,1280,720,"[964.5,96.0,146.0,119.0]",4,0.853
test_pen2_tur_cam2_20250924_124049_0000,pen2_tur_cam2_20250924_124049.jpg,1280,720,"[312.5,21.0,318.0,437.0]",0,0.9395
test_pen2_tur_cam2_20250924_124049_0006,pen2_tur_cam2_20250924_124049.jpg,1280,720,"[774.0,52.0,220.0,142.0]",4,0.8516
test_pen2_tur_cam2_20250924_125353_0000,pen2_tur_cam2_20250924_125353.jpg,1280,720,"[662.0,228.0,202.0,323.0]",2,0.9727
test_pen2_tur_cam2_20250924_125353_0005,pen2_tur_cam2_20250924_125353.jpg,1280,720,"[483.0,25.5,318.0,253.0]",0,0.938
test_pen2_tur_cam2_20250924_125553_0000,pen2_tur_cam2_20250924_125553.jpg,1280,720,"[304.5,487.0,349.0,220.0]",0,0.9375
test_pen2_tur_cam2_20250924_125553_0009,pen2_tur_cam2_20250924_125553.jpg,1280,720,"[533.5,27.0,263.0,245.0]",0,0.9375
test_pen2_tur_cam2_20250924_131159_0000,pen2_tur_cam2_20250924_131159.jpg,1280,720,"[291.5,474.0,352.0,239.0]",0,0.939
test_pen2_tur_cam2_20250924_131159_0009,pen2_tur_cam2_20250924_131159.jpg,1280,720,"[405.0,333.0,170.0,361.0]",2,0.9907
test_pen2_tur_cam2_20250924_131700_0000,pen2_tur_cam2_20250924_131700.jpg,1280,720,"[199.5,35.0,272.0,412.0]",0,0.9375
test_pen2_tur_cam2_20250924_131700_0002,pen2_tur_cam2_20250924_131700.jpg,1280,720,"[425.0,26.5,362.0,255.0]",0,0.938
test_pen2_tur_cam2_20250924_132903_0007,pen2_tur_cam2_20250924_132903.jpg,1280,720,"[750.0,44.0,236.0,141.0]",4,0.855
test_pen2_tur_cam2_20250924_133103_0006,pen2_tur_cam2_20250924_133103.jpg,1280,720,"[749.5,43.5,237.0,141.0]",4,0.8516
test_pen2_tur_cam2_20250924_135411_0003,pen2_tur_cam2_20250924_135411.jpg,1280,720,"[440.0,30.5,357.0,248.0]",0,0.939
test_pen2_tur_cam2_20250924_135611_0002,pen2_tur_cam2_20250924_135611.jpg,1280,720,"[439.5,31.0,356.0,247.0]",0,0.94
test_pen2_tur_cam2_20250924_144122_0006,pen2_tur_cam2_20250924_144122.jpg,1280,720,"[732.0,59.0,248.0,177.0]",0,0.938
test_pen2_tur_cam2_20250924_152132_0003,pen2_tur_cam2_20250924_152132.jpg,1280,720,"[804.5,289.0,166.0,266.0]",3,0.819
test_pen2_tur_cam2_20250924_152132_0005,pen2_tur_cam2_20250924_152132.jpg,1280,720,"[597.0,296.0,254.0,280.0]",2,0.987
test_pen2_tur_cam2_20250924_153236_0004,pen2_tur_cam2_20250924_153236.jpg,1280,720,"[358.5,122.0,344.0,197.0]",2,0.9907
test_pen2_tur_cam2_20250925_060042_0005,pen2_tur_cam2_20250925_060042.jpg,1280,720,"[655.5,78.5,267.0,269.0]",0,0.9375
test_pen2_tur_cam2_20250925_064554_0001,pen2_tur_cam2_20250925_064554.jpg,1280,720,"[510.5,105.5,197.0,379.0]",2,0.992
test_pen2_tur_cam2_20250925_070459_0002,pen2_tur_cam2_20250925_070459.jpg,1280,720,"[307.5,4.0,180.0,475.0]",4,0.851
test_pen2_tur_cam2_20250925_072002_0004,pen2_tur_cam2_20250925_072002.jpg,1280,720,"[849.5,296.5,142.0,241.0]",3,0.818
test_pen2_tur_cam2_20250925_072604_0002,pen2_tur_cam2_20250925_072604.jpg,1280,720,"[196.5,35.5,191.0,487.0]",4,0.8516
test_pen2_tur_cam2_20250925_073807_0003,pen2_tur_cam2_20250925_073807.jpg,1280,720,"[638.0,83.0,275.0,215.0]",0,0.94
test_pen2_tur_cam2_20250925_073807_0007,pen2_tur_cam2_20250925_073807.jpg,1280,720,"[309.5,5.0,410.0,152.0]",4,0.857
test_pen2_tur_cam2_20250925_073807_0009,pen2_tur_cam2_20250925_073807.jpg,1280,720,"[1023.0,313.5,83.0,155.0]",4,0.853
test_pen2_tur_cam2_20250925_074309_0008,pen2_tur_cam2_20250925_074309.jpg,1280,720,"[1035.0,265.5,89.0,201.0]",2,0.975
test_pen2_tur_cam2_20250925_075009_0003,pen2_tur_cam2_20250925_075009.jpg,1280,720,"[548.5,98.5,348.0,189.0]",2,0.987
test_pen2_tur_cam2_20250925_075111_0000,pen2_tur_cam2_20250925_075111.jpg,1280,720,"[190.0,65.5,158.0,445.0]",4,0.856
test_pen2_tur_cam2_20250925_075111_0001,pen2_tur_cam2_20250925_075111.jpg,1280,720,"[534.0,19.5,303.0,239.0]",2,0.9917
test_pen2_tur_cam2_20250925_075511_0005,pen2_tur_cam2_20250925_075511.jpg,1280,720,"[671.5,370.0,242.0,179.0]",3,0.8164
test_pen2_tur_cam2_20250925_075612_0002,pen2_tur_cam2_20250925_075612.jpg,1280,720,"[778.7,342.0,241.0,206.0]",3,0.818
test_pen2_tur_cam2_20250925_080012_0008,pen2_tur_cam2_20250925_080012.jpg,1280,720,"[843.0,63.0,167.0,118.0]",2,0.9707
test_pen2_tur_cam2_20250925_081015_0002,pen2_tur_cam2_20250925_081015.jpg,1280,720,"[288.5,25.0,328.0,410.0]",0,0.94
test_pen2_tur_cam2_20250925_082521_0000,pen2_tur_cam2_20250925_082521.jpg,1280,720,"[283.5,23.0,314.0,416.0]",0,0.941
test_pen2_tur_cam2_20250925_083122_0000,pen2_tur_cam2_20250925_083122.jpg,1280,720,"[776.0,304.0,179.0,235.0]",3,0.82
test_pen2_tur_cam2_20250925_083122_0002,pen2_tur_cam2_20250925_083122.jpg,1280,720,"[341.0,21.0,242.0,423.0]",4,0.8574
test_pen2_tur_cam2_20250925_084023_0008,pen2_tur_cam2_20250925_084023.jpg,1280,720,"[343.5,18.5,169.0,472.0]",4,0.8613
test_pen2_tur_cam2_20250925_084324_0004,pen2_tur_cam2_20250925_084324.jpg,1280,720,"[276.0,393.0,358.0,193.0]",2,0.9897
test_pen2_tur_cam2_20250925_085327_0000,pen2_tur_cam2_20250925_085327.jpg,1280,720,"[553.0,268.2,295.0,311.0]",2,0.986
test_pen2_tur_cam2_20250925_085327_0004,pen2_tur_cam2_20250925_085327.jpg,1280,720,"[326.0,420.5,376.0,208.0]",2,0.992
test_pen2_tur_cam2_20250925_085527_0004,pen2_tur_cam2_20250925_085527.jpg,1280,720,"[761.5,292.0,187.0,249.0]",3,0.818
test_pen2_tur_cam2_20250925_095042_0000,pen2_tur_cam2_20250925_095042.jpg,1280,720,"[191.5,106.0,272.0,434.0]",0,0.9414
test_pen2_tur_cam2_20250925_095042_0001,pen2_tur_cam2_20250925_095042.jpg,1280,720,"[756.0,67.0,178.0,275.0]",2,0.9917
test_pen2_tur_cam2_20250925_095042_0006,pen2_tur_cam2_20250925_095042.jpg,1280,720,"[262.5,483.5,357.0,199.0]",0,0.938
test_pen2_tur_cam2_20250925_095042_0007,pen2_tur_cam2_20250925_095042.jpg,1280,720,"[990.5,118.0,117.0,120.0]",2,0.99
test_pen2_tur_cam2_20250925_095344_0001,pen2_tur_cam2_20250925_095344.jpg,1280,720,"[260.5,475.5,366.0,206.0]",0,0.939
test_pen2_tur_cam2_20250925_095344_0004,pen2_tur_cam2_20250925_095344.jpg,1280,720,"[192.0,103.0,271.0,438.0]",0,0.941
test_pen2_tur_cam2_20250925_095544_0008,pen2_tur_cam2_20250925_095544.jpg,1280,720,"[907.0,425.0,147.0,102.0]",4,0.852
test_pen2_tur_cam2_20250925_095846_0006,pen2_tur_cam2_20250925_095846.jpg,1280,720,"[222.0,245.0,160.0,394.0]",2,0.979
test_pen2_tur_cam2_20250925_103053_0003,pen2_tur_cam2_20250925_103053.jpg,1280,720,"[422.2,144.5,164.0,422.0]",2,0.983
test_pen2_tur_cam2_20250925_103053_0004,pen2_tur_cam2_20250925_103053.jpg,1280,720,"[227.5,6.0,402.0,223.0]",0,0.9375
test_pen2_tur_cam2_20250925_112209_0001,pen2_tur_cam2_20250925_112209.jpg,1280,720,"[233.0,14.5,420.0,242.0]",0,0.94
test_pen2_tur_cam2_20250925_112409_0001,pen2_tur_cam2_20250925_112409.jpg,1280,720,"[643.0,23.5,301.0,259.0]",1,0.937
test_pen2_tur_cam2_20250925_112409_0002,pen2_tur_cam2_20250925_112409.jpg,1280,720,"[232.0,9.0,417.0,246.0]",0,0.941
test_pen2_tur_cam2_20250925_113110_0001,pen2_tur_cam2_20250925_113110.jpg,1280,720,"[242.0,10.0,415.0,244.0]",0,0.94
test_pen2_tur_cam2_20250925_120921_0003,pen2_tur_cam2_20250925_120921.jpg,1280,720,"[205.5,247.0,191.0,471.0]",2,0.985
test_pen2_tur_cam2_20250925_121121_0006,pen2_tur_cam2_20250925_121121.jpg,1280,720,"[737.5,291.5,209.0,251.0]",3,0.818
test_pen2_tur_cam2_20250925_121222_0003,pen2_tur_cam2_20250925_121222.jpg,1280,720,"[732.5,302.5,217.0,231.0]",3,0.818
test_pen2_tur_cam2_20250925_121222_0004,pen2_tur_cam2_20250925_121222.jpg,1280,720,"[527.5,382.3,315.5,188.7]",3,0.817
test_pen2_tur_cam2_20250925_121422_0003,pen2_tur_cam2_20250925_121422.jpg,1280,720,"[269.5,321.0,284.0,369.0]",1,0.9375
test_pen2_tur_cam2_20250925_121622_0000,pen2_tur_cam2_20250925_121622.jpg,1280,720,"[714.0,270.5,206.0,282.0]",3,0.8164
test_pen2_tur_cam2_20250925_121724_0002,pen2_tur_cam2_20250925_121724.jpg,1280,720,"[445.5,17.0,371.0,184.0]",4,0.852
test_pen2_tur_cam2_20250925_122225_0001,pen2_tur_cam2_20250925_122225.jpg,1280,720,"[429.5,17.5,388.0,166.0]",4,0.8535
test_pen2_tur_cam2_20250925_122225_0004,pen2_tur_cam2_20250925_122225.jpg,1280,720,"[225.0,317.0,392.0,226.0]",2,0.9907
test_pen2_tur_cam2_20250925_122425_0003,pen2_tur_cam2_20250925_122425.jpg,1280,720,"[452.0,18.5,382.0,137.0]",4,0.851
test_pen2_tur_cam2_20250925_122625_0001,pen2_tur_cam2_20250925_122625.jpg,1280,720,"[438.0,15.0,386.0,165.0]",4,0.86
test_pen2_tur_cam2_20250925_124231_0009,pen2_tur_cam2_20250925_124231.jpg,1280,720,"[964.5,353.5,112.0,139.0]",2,0.9766
test_pen2_tur_cam2_20250925_131440_0008,pen2_tur_cam2_20250925_131440.jpg,1280,720,"[1030.0,253.0,73.0,223.0]",4,0.857
test_pen2_tur_cam2_20250925_131640_0006,pen2_tur_cam2_20250925_131640.jpg,1280,720,"[749.5,54.5,252.0,141.0]",4,0.8535
test_pen2_tur_cam2_20250925_132242_0001,pen2_tur_cam2_20250925_132242.jpg,1280,720,"[722.5,47.0,210.0,296.0]",2,0.9917
test_pen2_tur_cam2_20250925_133150_0009,pen2_tur_cam2_20250925_133150.jpg,1280,720,"[1001.0,194.5,106.0,133.0]",2,0.992
test_pen2_tur_cam2_20250925_133244_0006,pen2_tur_cam2_20250925_133244.jpg,1280,720,"[800.0,58.0,217.0,116.0]",4,0.863
test_pen2_tur_cam2_20250925_133444_0005,pen2_tur_cam2_20250925_133444.jpg,1280,720,"[784.0,50.5,230.0,125.0]",4,0.8555
test_pen2_tur_cam2_20250925_133644_0006,pen2_tur_cam2_20250925_133644.jpg,1280,720,"[784.5,56.5,228.0,117.0]",4,0.853
test_pen2_tur_cam2_20250925_134146_0007,pen2_tur_cam2_20250925_134146.jpg,1280,720,"[961.5,178.5,129.0,163.0]",2,0.983
test_pen2_tur_cam2_20250925_134447_0003,pen2_tur_cam2_20250925_134447.jpg,1280,720,"[816.0,72.5,147.0,232.0]",2,0.992
test_pen2_tur_cam2_20250925_140151_0000,pen2_tur_cam2_20250925_140151.jpg,1280,720,"[265.0,14.2,443.0,223.0]",0,0.94
test_pen2_tur_cam2_20250925_140253_0001,pen2_tur_cam2_20250925_140253.jpg,1280,720,"[270.5,15.0,410.0,231.0]",0,0.9395
test_pen2_tur_cam2_20250925_142458_0006,pen2_tur_cam2_20250925_142458.jpg,1280,720,"[1027.0,257.5,73.0,213.0]",4,0.8516
test_pen2_tur_cam2_20250925_142658_0008,pen2_tur_cam2_20250925_142658.jpg,1280,720,"[1026.0,272.5,74.0,198.0]",4,0.8574
test_pen2_tur_cam2_20250925_142759_0003,pen2_tur_cam2_20250925_142759.jpg,1280,720,"[497.5,5.0,354.0,239.0]",0,0.938
test_pen2_tur_cam2_20250925_142959_0003,pen2_tur_cam2_20250925_142959.jpg,1280,720,"[542.5,3.7,337.0,201.0]",0,0.94
test_pen2_tur_cam2_20250925_144003_0001,pen2_tur_cam2_20250925_144003.jpg,1280,720,"[534.5,175.0,321.0,318.0]",1,0.937
test_pen2_tur_cam2_20250925_144003_0008,pen2_tur_cam2_20250925_144003.jpg,1280,720,"[956.0,80.0,120.0,134.0]",2,0.9907
test_pen2_tur_cam2_20250925_144203_0000,pen2_tur_cam2_20250925_144203.jpg,1280,720,"[543.0,179.5,339.0,335.0]",1,0.9375
test_pen2_tur_cam2_20250925_151211_0003,pen2_tur_cam2_20250925_151211.jpg,1280,720,"[193.2,88.0,300.0,344.0]",2,0.9897
test_pen2_tur_cam2_20250925_154218_0003,pen2_tur_cam2_20250925_154218.jpg,1280,720,"[448.0,54.0,272.0,287.0]",2,0.992
test_pen2_tur_cam2_20250925_154319_0001,pen2_tur_cam2_20250925_154319.jpg,1280,720,"[331.5,0.5,417.0,250.0]",2,0.992
test_pen2_tur_cam2_20250925_154319_0004,pen2_tur_cam2_20250925_154319.jpg,1280,720,"[928.5,116.0,162.0,99.0]",2,0.9517
test_pen2_tur_cam2_20250925_154519_0005,pen2_tur_cam2_20250925_154519.jpg,1280,720,"[924.5,86.5,166.0,128.0]",2,0.9746
test_pen2_tur_cam2_20250926_060220_0001,pen2_tur_cam2_20250926_060220.jpg,1280,720,"[308.5,3.0,257.0,410.0]",2,0.983
test_pen2_tur_cam2_20250926_060220_0003,pen2_tur_cam2_20250926_060220.jpg,1280,720,"[526.0,45.0,319.0,267.0]",0,0.94
test_pen2_tur_cam2_20250926_062025_0005,pen2_tur_cam2_20250926_062025.jpg,1280,720,"[664.0,30.0,266.0,132.0]",4,0.853
test_pen2_tur_cam2_20250926_062225_0006,pen2_tur_cam2_20250926_062225.jpg,1280,720,"[666.0,39.5,264.0,139.0]",4,0.853
test_pen2_tur_cam2_20250926_064032_0006,pen2_tur_cam2_20250926_064032.jpg,1280,720,"[922.0,130.0,146.0,188.0]",2,0.992
